step,wallclock_s,schedule_step,lambda_disc_active,gamma_disc_active,target_rhs_active,sigma,sigma_pi,rho_unsafe_v,rho_unsafe_pi,collect_proj_mag,collect_infeasible,L_R,L_V_total,value_target_unsafe_frac,rho_unsafe_label,label_mean,tail_push_mean,tail_exceed_frac,loss_pi_b,recovery_residual_norm,L_feas_raw,L_feas_weighted,gate_active_frac,gate_n_constructed,gate_n_kept,gate_doomed_frac,lg_norm_gate_mean,lg_norm_gate_p50,injected_fraction_actual,injected_target_mean,injected_target_unsafe_frac,L_sobolev_raw,L_sobolev_weighted,sob_grad_label_v_frac,sob_grad_label_v_mean,sob_dhdv_pred_mean,sob_v_spline_mean,sob_gate_mean,sob_gate_frac_active,sob_gate_dhdv_pred,L_in_task,L_anorm,L_smooth,L_satex,L_pretanh,L_out,L_pi_total,grad_norm_VS,grad_norm_pi,grad_leak_VS_from_Lpi,abs_action_mean,abs_action_max,satfrac_a_phi,L_rate_raw,L_rate_weighted,mean_abs_du,L_u_raw,L_u_weighted,L_deficit,mean_deficit_active,deficit_active_frac,deficit_clip_frac,mean_abs_deficit_feature,L_friction,proj_mag_bptt,probe_h_min,probe_h_max,probe_h_mean
200,9.094777822494507,0,1.0258658877510114,0.95,0.0,0.552225,0.0,0.19,0.31,0.0,0.0,0.019024904817342758,0.019024904817342758,0.028971354166666668,0.028971354166666668,-0.7529933651288351,0.0,0.0,0.0,0.0,0.0,0.0,0.0,0.0,0.0,0.0,0.0,0.0,0.0,0.0,0.0,0.0,0.0,0.0,0.0,0.0,0.0,0.0,0.0,0.0,0.0,0.0,0.0,0.0,0.0,0.0,0.0,0.1894538402557373,0.0,0.0,0.0,0.0,0.0,0.0,0.0,0.0,0.0,0.0,0.0,0.0,0.0,0.0,0.0,0.0,0.0,-1.0,0.6549516916275024,-0.6629326343536377
400,16.052125930786133,0,1.0258658877510114,0.95,0.0,0.5276330625,0.0,0.24,0.32,0.0,0.0,0.011918921023607254,0.011918921023607254,0.0361328125,0.0361328125,-0.7390026052792867,0.0,0.0,0.0,0.0,0.0,0.0,0.0,0.0,0.0,0.0,0.0,0.0,0.0,0.0,0.0,0.0,0.0,0.0,0.0,0.0,0.0,0.0,0.0,0.0,0.0,0.0,0.0,0.0,0.0,0.0,0.0,0.12088853120803833,0.0,0.0,0.0,0.0,0.0,0.0,0.0,0.0,0.0,0.0,0.0,0.0,0.0,0.0,0.0,0.0,0.0,-0.9825722575187683,0.42706382274627686,-0.6427936553955078
600,23.128439903259277,0,1.0258658877510114,0.95,0.0,0.5861888389062498,0.0,0.18,0.22,0.0,0.0,0.008292599581182003,0.008292599581182003,0.03369140625,0.03369140625,-0.7408356269200643,0.0,0.0,0.0,0.0,0.0,0.0,0.0,0.0,0.0,0.0,0.0,0.0,0.0,0.0,0.0,0.0,0.0,0.0,0.0,0.0,0.0,0.0,0.0,0.0,0.0,0.0,0.0,0.0,0.0,0.0,0.0,0.08377593755722046,0.0,0.0,0.0,0.0,0.0,0.0,0.0,0.0,0.0,0.0,0.0,0.0,0.0,0.0,0.0,0.0,0.0,-0.9773331880569458,0.861283540725708,-0.6245230436325073
800,30.11954140663147,0,1.0258658877510114,0.95,0.0,0.6390354271128904,0.0,0.31,0.25,0.0,0.0,0.00687164394184947,0.00687164394184947,0.031819661458333336,0.031819661458333336,-0.7431024710337321,0.0,0.0,0.0,0.0,0.0,0.0,0.0,0.0,0.0,0.0,0.0,0.0,0.0,0.0,0.0,0.0,0.0,0.0,0.0,0.0,0.0,0.0,0.0,0.0,0.0,0.0,0.0,0.0,0.0,0.0,0.0,0.1079590767621994,0.0,0.0,0.0,0.0,0.0,0.0,0.0,0.0,0.0,0.0,0.0,0.0,0.0,0.0,0.0,0.0,0.0,-0.9841649532318115,0.8404368758201599,-0.614856481552124
1000,37.139840841293335,0,1.0258658877510114,0.95,0.0,0.6867294729693836,0.0,0.16,0.18,0.0,0.0,0.006165622733533382,0.006165622733533382,0.030029296875,0.030029296875,-0.7486100792884827,0.0,0.0,0.0,0.0,0.0,0.0,0.0,0.0,0.0,0.0,0.0,0.0,0.0,0.0,0.0,0.0,0.0,0.0,0.0,0.0,0.0,0.0,0.0,0.0,0.0,0.0,0.0,0.0,0.0,0.0,0.0,0.07134813070297241,0.0,0.0,0.0,0.0,0.0,0.0,0.0,0.0,0.0,0.0,0.0,0.0,0.0,0.0,0.0,0.0,0.0,-0.9733763933181763,0.8587923049926758,-0.5903741121292114
1200,44.115615367889404,0,1.0258658877510114,0.95,0.0,0.7297733493548686,0.0,0.2,0.15,0.0,0.0,0.006111270748078823,0.006111270748078823,0.031005859375,0.031005859375,-0.7482555111249288,0.0,0.0,0.0,0.0,0.0,0.0,0.0,0.0,0.0,0.0,0.0,0.0,0.0,0.0,0.0,0.0,0.0,0.0,0.0,0.0,0.0,0.0,0.0,0.0,0.0,0.0,0.0,0.0,0.0,0.0,0.0,0.07240812480449677,0.0,0.0,0.0,0.0,0.0,0.0,0.0,0.0,0.0,0.0,0.0,0.0,0.0,0.0,0.0,0.0,0.0,-0.9750478863716125,0.9520820379257202,-0.6000535488128662
1400,51.118674516677856,0,1.0258658877510114,0.95,0.0,0.7686204477927688,0.0,0.17,0.14,0.0,0.0,0.006291044410318136,0.006291044410318136,0.028401692708333332,0.028401692708333332,-0.754495898882548,0.0,0.0,0.0,0.0,0.0,0.0,0.0,0.0,0.0,0.0,0.0,0.0,0.0,0.0,0.0,0.0,0.0,0.0,0.0,0.0,0.0,0.0,0.0,0.0,0.0,0.0,0.0,0.0,0.0,0.0,0.0,0.11387713253498077,0.0,0.0,0.0,0.0,0.0,0.0,0.0,0.0,0.0,0.0,0.0,0.0,0.0,0.0,0.0,0.0,0.0,-0.9397487640380859,0.851141631603241,-0.6189675331115723
1600,69.93470239639282,0,1.0258658877510114,0.95,0.0,0.8036799541329738,0.0,0.16,0.2,0.0,0.0,0.005941394716501236,0.005941394716501236,0.026285807291666668,0.026285807291666668,-0.7593501011530558,0.0,0.0,0.0,0.0,0.0,0.0,0.0,0.0,0.0,0.0,0.0,0.0,0.0,0.0,0.0,0.0,0.0,0.0,0.0,0.0,0.0,0.0,0.0,0.0,0.0,0.0,0.0,0.0,0.0,0.0,0.0,0.08475282043218613,0.0,0.0,0.0,0.0,0.0,0.0,0.0,0.0,0.0,0.0,0.0,0.0,0.0,0.0,0.0,0.0,0.0,-0.9564927220344543,0.8399836421012878,-0.6148993372917175
1800,77.26691722869873,0,1.0258658877510114,0.95,0.0,0.8353211586050088,0.0,0.17,0.23,0.0,0.0,0.006445992738008499,0.006445992738008499,0.024739583333333332,0.024739583333333332,-0.7602171103159586,0.0,0.0,0.0,0.0,0.0,0.0,0.0,0.0,0.0,0.0,0.0,0.0,0.0,0.0,0.0,0.0,0.0,0.0,0.0,0.0,0.0,0.0,0.0,0.0,0.0,0.0,0.0,0.0,0.0,0.0,0.0,0.12019471824169159,0.0,0.0,0.0,0.0,0.0,0.0,0.0,0.0,0.0,0.0,0.0,0.0,0.0,0.0,0.0,0.0,0.0,-0.929352879524231,0.8459960222244263,-0.5902053117752075
2000,84.34885597229004,0,1.0258658877510114,0.95,0.0,0.8638773456410204,0.0,0.17,0.21,0.0,0.0,0.006136947777122259,0.006136947777122259,0.023274739583333332,0.023274739583333332,-0.763660709063212,0.0,0.0,0.0,0.0,0.0,0.0,0.0,0.0,0.0,0.0,0.0,0.0,0.0,0.0,0.0,0.0,0.0,0.0,0.0,0.0,0.0,0.0,0.0,0.0,0.0,0.0,0.0,0.0,0.0,0.0,0.0,0.11202879995107651,0.0,0.0,0.0,0.0,0.0,0.0,0.0,0.0,0.0,0.0,0.0,0.0,0.0,0.0,0.0,0.0,0.0,-0.9193537831306458,0.7546910047531128,-0.6022905111312866
2200,209.80655694007874,200,1.0258658877510114,0.95,0.0,0.8088993044410208,0.0,0.31,0.3,0.0,0.0,0.007985880598425865,0.007985880598425865,0.029134114583333332,0.029134114583333332,-0.7419490814208984,0.0,0.0,0.0,0.0,0.0,0.0,0.0,0.0,0.0,0.0,0.0,0.0,0.0,0.0,0.0,0.0,0.0,0.0,0.0,0.0,0.0,0.0,0.0,0.0,4954.8427734375,351.27374267578125,1.3206708431243896,0.0,0.3274059593677521,0.011633066460490227,4972.869140625,0.09049092233181,129.73110961914062,0.0,4.795287132263184,19.6200008392334,0.7472900748252869,12.913321495056152,0.0,1.544002890586853,340.4785461425781,0.0,0.0,0.0,0.0,0.0,0.0,0.0,0.8696387410163879,-0.9234990477561951,0.7912894487380981,-0.6140967607498169
2400,334.19651436805725,400,1.0258658877510114,0.95,0.0,0.7592816222580212,0.0,0.39,0.24,0.0,0.0,0.008601430803537369,0.008601430803537369,0.030598958333333332,0.030598958333333332,-0.7317755818367004,0.0,0.0,0.0,0.0,0.0,0.0,0.0,0.0,0.0,0.0,0.0,0.0,0.0,0.0,0.0,0.0,0.0,0.0,0.0,0.0,0.0,0.0,0.0,0.0,4412.91845703125,321.4239807128906,1.872408151626587,0.0,0.3768380284309387,0.0118025541305542,4429.55712890625,0.08904978632926941,102.0606460571289,0.0,4.587265968322754,19.6200008392334,0.6631917953491211,12.011055946350098,0.0,1.582227110862732,313.2054748535156,0.0,0.0,0.0,0.0,0.0,0.0,0.0,0.7783550024032593,-0.9086488485336304,0.780396580696106,-0.5854247808456421
2600,458.3922939300537,600,1.0258658877510114,0.95,0.0,0.7145016640878641,0.0,0.34,0.23214285714285715,0.0,0.0,0.008206630125641823,0.008206630125641823,0.031819661458333336,0.031819661458333336,-0.7193689147631327,0.0,0.0,0.0,0.0,0.0,0.0,0.0,0.0,0.0,0.0,0.0,0.0,0.0,0.0,0.0,0.0,0.0,0.0,0.0,0.0,0.0,0.0,0.0,0.0,3805.84130859375,288.2829284667969,2.2605063915252686,0.0,0.4542291462421417,0.00874231569468975,3820.9384765625,0.07280196994543076,258.39434814453125,0.0,4.305385589599609,19.6200008392334,0.5983235836029053,9.786043167114258,0.0,1.4302691221237183,282.5152893066406,0.0,0.0,0.0,0.0,0.0,0.0,0.0,0.6265712976455688,-0.9279035329818726,0.6402792930603027,-0.6036869883537292
2800,582.5637278556824,800,1.0258658877510114,0.95,0.0,0.6740877518392973,0.0,0.3069306930693069,0.22641509433962265,0.0,0.0,0.00888183992356062,0.00888183992356062,0.034261067708333336,0.034261067708333336,-0.7157338460286459,0.0,0.0,0.0,0.0,0.0,0.0,0.0,0.0,0.0,0.0,0.0,0.0,0.0,0.0,0.0,0.0,0.0,0.0,0.0,0.0,0.0,0.0,0.0,0.0,3181.232421875,266.3152770996094,2.35290789604187,0.0,0.45511388778686523,0.01563766598701477,3195.2431640625,0.08107008785009384,97.07180786132812,0.0,4.1037373542785645,19.6200008392334,0.5377441644668579,10.936565399169922,0.0,1.5167967081069946,260.0626220703125,0.0,0.0,0.0,0.0,0.0,0.0,0.0,0.70796138048172,-0.9077339172363281,0.6206890344619751,-0.5814874172210693
3000,706.7946555614471,1000,1.0258658877510114,0.95,0.0,0.7183641960349657,0.0,0.297029702970297,0.16847826086956522,0.0,0.0,0.008643876761198044,0.008643876761198044,0.033610026041666664,0.033610026041666664,-0.7129261295000712,0.0,0.0,0.0,0.0,0.0,0.0,0.0,0.0,0.0,0.0,0.0,0.0,0.0,0.0,0.0,0.0,0.0,0.0,0.0,0.0,0.0,0.0,0.0,0.0,2205.5654296875,225.7953643798828,2.16034197807312,0.0,0.32009178400039673,0.01530686765909195,2217.39599609375,0.07652013003826141,88.57234191894531,0.0,3.7344071865081787,19.6200008392334,0.3990885615348816,8.415102005004883,0.0,1.2841435670852661,222.24159240722656,0.0,0.0,0.0,0.0,0.0,0.0,0.0,0.5623294115066528,-0.9470454454421997,0.7110371589660645,-0.5996569395065308
3200,848.1227686405182,1200,1.0258658877510114,0.95,0.0,0.6775736869215565,0.0,0.27450980392156865,0.2,0.0,0.0,0.008699818514287472,0.008699818514287472,0.031005859375,0.031005859375,-0.7134550015131632,0.0,0.0,0.0,0.0,0.0,0.0,0.0,0.0,0.0,0.0,0.0,0.0,0.0,0.0,0.0,0.0,0.0,0.0,0.0,0.0,0.0,0.0,0.0,0.0,1013.1873779296875,183.2469482421875,1.724643588066101,0.0,0.16200308501720428,0.019143279641866684,1022.68994140625,0.07381059229373932,68.51464080810547,0.0,3.3313398361206055,19.6200008392334,0.25694987177848816,8.236490249633789,0.0,1.2152961492538452,179.97152709960938,0.0,0.0,0.0,0.0,0.0,0.0,0.0,0.5583769083023071,-0.9603108167648315,0.8041783571243286,-0.5832496285438538
3400,976.3085603713989,1400,1.0258658877510114,0.95,0.0,0.6407602524467046,0.0,0.1504424778761062,0.22274881516587677,0.0,0.0,0.008594981394708157,0.008594981394708157,0.034098307291666664,0.034098307291666664,-0.7082232038180033,0.0,0.0,0.0,0.0,0.0,0.0,0.0,0.0,0.0,0.0,0.0,0.0,0.0,0.0,0.0,0.0,0.0,0.0,0.0,0.0,0.0,0.0,0.0,0.0,108.92391967773438,137.7581787109375,1.496975064277649,0.0,0.011700855568051338,0.024306204169988632,115.98052215576172,0.07069206237792969,66.33251953125,0.0,2.9081430435180664,19.6200008392334,0.1232503354549408,7.413890838623047,0.0,1.0813519954681396,136.3000030517578,0.0,0.0,0.0,0.0,0.0,0.0,0.0,0.5196331143379211,-0.949579119682312,0.7655211687088013,-0.578881561756134
3600,1104.7354760169983,1600,1.0258658877510114,0.95,0.0,0.6075361278331509,0.0,0.13970588235294118,0.2169811320754717,0.0,0.0,0.008787454105913639,0.008787454105913639,0.035319010416666664,0.035319010416666664,-0.7092985312143961,0.0,0.0,0.0,0.0,0.0,0.0,0.0,0.0,0.0,0.0,0.0,0.0,0.0,0.0,0.0,0.0,0.0,0.0,0.0,0.0,0.0,0.0,0.0,0.0,125.48548889160156,142.96127319335938,1.6252548694610596,0.0,0.018944034352898598,0.025117268785834312,132.8225555419922,0.09436403214931488,46.127769470214844,0.0,2.9322338104248047,19.6200008392334,0.16212566196918488,8.987198829650879,0.0,1.1395145654678345,141.20892333984375,0.0,0.0,0.0,0.0,0.0,0.0,0.0,0.6575545072555542,-0.9375413656234741,0.7854217886924744,-0.5961076617240906
3800,1232.819367647171,1800,1.0258658877510114,0.95,0.0,0.5775513553694187,0.0,0.1987179487179487,0.1542056074766355,0.0,0.0,0.008762745186686516,0.008762745186686516,0.034586588541666664,0.034586588541666664,-0.7098588347434998,0.0,0.0,0.0,0.0,0.0,0.0,0.0,0.0,0.0,0.0,0.0,0.0,0.0,0.0,0.0,0.0,0.0,0.0,0.0,0.0,0.0,0.0,0.0,0.0,133.64151000976562,146.93386840820312,1.7873395681381226,0.0,0.023499581962823868,0.025502635166049004,141.19808959960938,0.10829444974660873,47.5715217590332,0.0,2.9432754516601562,19.6200008392334,0.18378907442092896,10.22321605682373,0.0,1.192399024963379,144.31185913085938,0.0,0.0,0.0,0.0,0.0,0.0,0.0,0.7283374071121216,-0.9205745458602905,0.7436062097549438,-0.6069662570953369
4000,1360.6786167621613,2000,1.0258658877510114,0.95,0.0,0.5504900982209003,0.0,0.11834319526627218,0.17289719626168223,0.0,0.0,0.008776928298175335,0.008776928298175335,0.04052734375,0.04052734375,-0.7008483012517294,0.0,0.0,0.0,0.0,0.0,0.0,0.0,0.0,0.0,0.0,0.0,0.0,0.0,0.0,0.0,0.0,0.0,0.0,0.0,0.0,0.0,0.0,0.0,0.0,142.90304565429688,150.24664306640625,1.8323147296905518,0.0,0.02435210719704628,0.02850612998008728,150.63150024414062,0.08455543220043182,56.04376220703125,0.0,2.983003854751587,19.6200008392334,0.19871419668197632,11.168795585632324,0.0,1.2779266834259033,148.04669189453125,0.0,0.0,0.0,0.0,0.0,0.0,0.0,0.7638742327690125,-0.9120899438858032,0.7497735023498535,-0.5892460942268372
4200,1489.010492324829,2200,1.0258658877510114,0.95,0.0,0.5260673136443625,0.0,0.1393939393939394,0.19626168224299065,0.0,0.0,0.00826317723840475,0.00826317723840475,0.031901041666666664,0.031901041666666664,-0.7156096696853638,0.0,0.0,0.0,0.0,0.0,0.0,0.0,0.0,0.0,0.0,0.0,0.0,0.0,0.0,0.0,0.0,0.0,0.0,0.0,0.0,0.0,0.0,0.0,0.0,151.07940673828125,152.44772338867188,1.774444341659546,0.0,0.02527858503162861,0.028566181659698486,158.91310119628906,0.05979267880320549,82.5321044921875,0.0,2.9968979358673096,19.6200008392334,0.20108236372470856,10.072651863098145,0.0,1.1912798881530762,149.7473602294922,0.0,0.0,0.0,0.0,0.0,0.0,0.0,0.7346685528755188,-0.9129291772842407,0.6572696566581726,-0.5906689167022705
4400,1616.899554014206,2400,1.0258658877510114,0.95,0.0,0.5040257505640372,0.0,0.16759776536312848,0.1895734597156398,0.0,0.0,0.008416280150413513,0.008416280150413513,0.034586588541666664,0.034586588541666664,-0.7084624171257019,0.0,0.0,0.0,0.0,0.0,0.0,0.0,0.0,0.0,0.0,0.0,0.0,0.0,0.0,0.0,0.0,0.0,0.0,0.0,0.0,0.0,0.0,0.0,0.0,146.5295867919922,151.34616088867188,1.9340397119522095,0.0,0.02527119405567646,0.024731215089559555,154.32298278808594,0.06675480306148529,115.89013671875,0.0,2.9873852729797363,19.6200008392334,0.19426269829273224,10.74573802947998,0.0,1.2410084009170532,148.97943115234375,0.0,0.0,0.0,0.0,0.0,0.0,0.0,0.7356793880462646,-0.9194332957267761,0.6969674825668335,-0.5971747636795044
4600,1755.858954668045,2600,1.0258658877510114,0.95,0.0,0.48413323988404355,0.0,0.16167664670658682,0.16981132075471697,0.0,0.0,0.008601156994700432,0.008601156994700432,0.037434895833333336,0.037434895833333336,-0.7057609955469767,0.0,0.0,0.0,0.0,0.0,0.0,0.0,0.0,0.0,0.0,0.0,0.0,0.0,0.0,0.0,0.0,0.0,0.0,0.0,0.0,0.0,0.0,0.0,0.0,152.00514221191406,151.46426391601562,1.8489248752593994,0.0,0.02073567360639572,0.020642351359128952,159.79017639160156,0.07699718326330185,53.952476501464844,0.0,2.992431879043579,19.6200008392334,0.18910320103168488,10.007702827453613,0.0,1.1958532333374023,149.4632568359375,0.0,0.0,0.0,0.0,0.0,0.0,0.0,0.6912499666213989,-0.9156111478805542,0.817778468132019,-0.6016262769699097
4800,1883.9590442180634,2800,1.0258658877510114,0.95,0.0,0.4661802489953493,0.0,0.1695906432748538,0.14864864864864866,0.0,0.0,0.008377913385629654,0.008377913385629654,0.0390625,0.0390625,-0.7057450413703918,0.0,0.0,0.0,0.0,0.0,0.0,0.0,0.0,0.0,0.0,0.0,0.0,0.0,0.0,0.0,0.0,0.0,0.0,0.0,0.0,0.0,0.0,0.0,0.0,150.0979766845703,152.27410888671875,1.7068392038345337,0.0,0.018917711451649666,0.016115164384245872,157.9061279296875,0.0625917837023735,46.37278747558594,0.0,3.0104799270629883,19.6200008392334,0.17999675869941711,9.011420249938965,0.0,1.1290074586868286,150.62840270996094,0.0,0.0,0.0,0.0,0.0,0.0,0.0,0.5857430100440979,-0.9283899068832397,0.6089766621589661,-0.5949772000312805
5000,2012.2414898872375,3000,1.0258658877510114,0.95,0.0,0.44997767471830274,0.0,0.12903225806451613,0.18660287081339713,0.0,0.0,0.008700350299477577,0.008700350299477577,0.0400390625,0.0400390625,-0.7043819228808085,0.0,0.0,0.0,0.0,0.0,0.0,0.0,0.0,0.0,0.0,0.0,0.0,0.0,0.0,0.0,0.0,0.0,0.0,0.0,0.0,0.0,0.0,0.0,0.0,144.5205535888672,150.50735473632812,1.7077672481536865,0.0,0.019323596730828285,0.01678439974784851,152.24105834960938,0.06492915004491806,104.10025024414062,0.0,2.992907762527466,19.6200008392334,0.17254233360290527,9.154805183410645,0.0,1.1355525255203247,148.45567321777344,0.0,0.0,0.0,0.0,0.0,0.0,0.0,0.6213815212249756,-0.9029039740562439,0.6542780995368958,-0.5874267816543579
5200,2140.250025987625,3200,1.0258658877510114,0.95,0.0,0.43535485143326824,0.0,0.20108695652173914,0.2336448598130841,0.0,0.0,0.008483334444463253,0.008483334444463253,0.036458333333333336,0.036458333333333336,-0.7083714207013448,0.0,0.0,0.0,0.0,0.0,0.0,0.0,0.0,0.0,0.0,0.0,0.0,0.0,0.0,0.0,0.0,0.0,0.0,0.0,0.0,0.0,0.0,0.0,0.0,147.90203857421875,149.65440368652344,1.9060450792312622,0.0,0.020182952284812927,0.01957773044705391,155.60142517089844,0.08158852905035019,40.90121078491211,0.0,2.992095708847046,19.6200008392334,0.18174642324447632,10.298537254333496,0.0,1.2336238622665405,147.6329803466797,0.0,0.0,0.0,0.0,0.0,0.0,0.0,0.727493941783905,-0.9221025109291077,0.6999444365501404,-0.6074696779251099
5400,2268.4154918193817,3400,1.0258658877510114,0.95,0.0,0.4221577534185246,0.0,0.14814814814814814,0.20574162679425836,0.0,0.0,0.008741376921534538,0.008741376921534538,0.037027994791666664,0.037027994791666664,-0.7070726950963339,0.0,0.0,0.0,0.0,0.0,0.0,0.0,0.0,0.0,0.0,0.0,0.0,0.0,0.0,0.0,0.0,0.0,0.0,0.0,0.0,0.0,0.0,0.0,0.0,150.86666870117188,152.26097106933594,1.896963357925415,0.0,0.02493412420153618,0.01791621372103691,158.69972229003906,0.07763000577688217,49.08657455444336,0.0,3.002267360687256,19.6200008392334,0.19636231660842896,11.022555351257324,0.0,1.2817260026931763,149.4433135986328,0.0,0.0,0.0,0.0,0.0,0.0,0.0,0.7735434770584106,-0.9153487682342529,0.6046239137649536,-0.6074220538139343
5600,2396.420372724533,3600,1.0258658877510114,0.95,0.0,0.4102473724602184,0.0,0.13612565445026178,0.2146341463414634,0.0,0.0,0.00884520635008812,0.00884520635008812,0.03759765625,0.03759765625,-0.707761804262797,0.0,0.0,0.0,0.0,0.0,0.0,0.0,0.0,0.0,0.0,0.0,0.0,0.0,0.0,0.0,0.0,0.0,0.0,0.0,0.0,0.0,0.0,0.0,0.0,152.0839385986328,152.03086853027344,1.9203343391418457,0.0,0.023564094677567482,0.01733737252652645,159.90628051757812,0.07312618941068649,65.17068481445312,0.0,3.0191071033477783,19.6200008392334,0.19862468540668488,10.095974922180176,0.0,1.2719271183013916,149.6916046142578,0.0,0.0,0.0,0.0,0.0,0.0,0.0,0.6956791877746582,-0.9104307889938354,0.588379442691803,-0.6002854108810425
5800,2524.513890504837,3800,1.0258658877510114,0.95,0.0,0.39949825364534713,0.0,0.16666666666666666,0.1506849315068493,0.0,0.0,0.00932106003165245,0.00932106003165245,0.040852864583333336,0.040852864583333336,-0.7007539669672648,0.0,0.0,0.0,0.0,0.0,0.0,0.0,0.0,0.0,0.0,0.0,0.0,0.0,0.0,0.0,0.0,0.0,0.0,0.0,0.0,0.0,0.0,0.0,0.0,147.0039520263672,150.23220825195312,2.0454494953155518,0.0,0.030401358380913734,0.02162482589483261,154.75698852539062,0.09081892669200897,71.64937591552734,0.0,3.0011441707611084,19.6200008392334,0.20318198204040527,11.02039623260498,0.0,1.3160048723220825,148.5475311279297,0.0,0.0,0.0,0.0,0.0,0.0,0.0,0.7419301271438599,-0.9017441868782043,0.5381487607955933,-0.5967676043510437
6000,2652.479287624359,4000,1.0258658877510114,0.95,0.0,0.3897971739149258,0.0,0.1691542288557214,0.16363636363636364,0.0,0.0,0.008905043825507164,0.008905043825507164,0.039632161458333336,0.039632161458333336,-0.7057294845581055,0.0,0.0,0.0,0.0,0.0,0.0,0.0,0.0,0.0,0.0,0.0,0.0,0.0,0.0,0.0,0.0,0.0,0.0,0.0,0.0,0.0,0.0,0.0,0.0,152.25204467773438,150.4077911376953,1.969827651977539,0.0,0.027274860069155693,0.02152825891971588,160.0031280517578,0.07993306964635849,50.269344329833984,0.0,3.012596607208252,19.6200008392334,0.20567220449447632,10.259942054748535,0.0,1.271997094154358,149.08428955078125,0.0,0.0,0.0,0.0,0.0,0.0,0.0,0.722728431224823,-0.9037943482398987,0.5379714965820312,-0.5944323539733887
6200,2793.1860954761505,4200,0.996647474957515,0.9513888888888888,0.0064285714285714285,0.3810419494582205,0.0,0.19289340101522842,0.14761904761904762,0.0,0.0,0.009063970297574997,0.009063970297574997,0.039469401041666664,0.039469401041666664,-0.702314297358195,0.0,0.0,0.0,0.0,0.0,0.0,0.0,0.0,0.0,0.0,0.0,0.0,0.0,0.0,0.0,0.0,0.0,0.0,0.0,0.0,0.0,0.0,0.0,0.0,145.64547729492188,150.8492889404297,2.043930768966675,0.0,0.03214304894208908,0.022469285875558853,153.4312286376953,0.09005098789930344,40.51124954223633,0.0,3.0135581493377686,19.6200008392334,0.21747234463691711,10.30576229095459,0.0,1.295143961906433,148.3677215576172,0.0,0.0,0.0,0.0,0.0,0.0,0.0,0.6924549341201782,-0.911777138710022,0.5069550275802612,-0.5817645788192749
6400,2923.0186574459076,4400,0.9690476677189348,0.9527027027027027,0.012857142857142857,0.373140359386044,0.0,0.19402985074626866,0.17647058823529413,0.0,0.0,0.009296461939811707,0.009296461939811707,0.042317708333333336,0.042317708333333336,-0.6983804305394491,0.0,0.0,0.0,0.0,0.0,0.0,0.0,0.0,0.0,0.0,0.0,0.0,0.0,0.0,0.0,0.0,0.0,0.0,0.0,0.0,0.0,0.0,0.0,0.0,151.3795166015625,149.33978271484375,1.8168903589248657,0.0,0.03136352822184563,0.01617145910859108,159.0644073486328,0.09287822246551514,99.34757995605469,0.0,3.003567695617676,19.6200008392334,0.19362793862819672,9.585247039794922,0.0,1.2216870784759521,147.26608276367188,0.0,0.0,0.0,0.0,0.0,0.0,0.0,0.6493342518806458,-0.9311075210571289,0.44205617904663086,-0.6039535403251648
6600,3052.7987129688263,4600,0.9429355685140391,0.9539473684210527,0.019285714285714288,0.36600917434590474,0.0,0.1111111111111111,0.17142857142857143,0.0,0.0,0.009118481539189816,0.009118481539189816,0.03857421875,0.03857421875,-0.7018745342890421,0.0,0.0,0.0,0.0,0.0,0.0,0.0,0.0,0.0,0.0,0.0,0.0,0.0,0.0,0.0,0.0,0.0,0.0,0.0,0.0,0.0,0.0,0.0,0.0,147.40911865234375,153.1588897705078,1.8599659204483032,0.0,0.02753072790801525,0.015931569039821625,155.2853546142578,0.06481263041496277,115.10711669921875,0.0,3.0401103496551514,19.6200008392334,0.20195314288139343,9.15595531463623,0.0,1.2005480527877808,151.5123748779297,0.0,0.0,0.0,0.0,0.0,0.0,0.0,0.5888291001319885,-0.9049521684646606,0.5304183959960938,-0.5778640508651733
6800,3182.3789122104645,4800,0.9181940260815571,0.9551282051282052,0.025714285714285714,0.359573279847179,0.0,0.17857142857142858,0.15458937198067632,0.0,0.0,0.009561475366353989,0.009561475366353989,0.042561848958333336,0.042561848958333336,-0.6948264837265015,0.0,0.0,0.0,0.0,0.0,0.0,0.0,0.0,0.0,0.0,0.0,0.0,0.0,0.0,0.0,0.0,0.0,0.0,0.0,0.0,0.0,0.0,0.0,0.0,142.576171875,150.94078063964844,2.2846016883850098,0.0,0.03028380684554577,0.022935299202799797,150.3888397216797,0.08470677584409714,57.456233978271484,0.0,3.0207903385162354,19.6200008392334,0.21914876997470856,11.416959762573242,0.0,1.393470287322998,148.03646850585938,0.0,0.0,0.0,0.0,0.0,0.0,0.0,0.7523820400238037,-0.9113584756851196,0.6329370737075806,-0.5738955140113831
7000,3312.0573587417603,5000,0.8947178768278282,0.95625,0.03214285714285714,0.35376488506207904,0.0,0.11764705882352941,0.17972350230414746,0.0,0.0,0.009868275374174118,0.009868275374174118,0.038899739583333336,0.038899739583333336,-0.6935739715894064,0.0,0.0,0.0,0.0,0.0,0.0,0.0,0.0,0.0,0.0,0.0,0.0,0.0,0.0,0.0,0.0,0.0,0.0,0.0,0.0,0.0,0.0,0.0,0.0,147.891357421875,151.00851440429688,2.425638198852539,0.0,0.03030380792915821,0.018943365663290024,155.7203369140625,0.07591910660266876,51.07002639770508,0.0,3.02811336517334,19.6200008392334,0.21477866172790527,10.731868743896484,0.0,1.36293363571167,149.21009826660156,0.0,0.0,0.0,0.0,0.0,0.0,0.0,0.7004845142364502,-0.9170170426368713,0.6139040589332581,-0.576358437538147
7200,3442.259080886841,5200,0.8724124495178082,0.9573170731707317,0.038571428571428576,0.34852280876852637,0.0,0.21875,0.1187214611872146,0.0,0.0,0.009834889322519302,0.009834889322519302,0.043050130208333336,0.043050130208333336,-0.6906451185544332,0.0,0.0,0.0,0.0,0.0,0.0,0.0,0.0,0.0,0.0,0.0,0.0,0.0,0.0,0.0,0.0,0.0,0.0,0.0,0.0,0.0,0.0,0.0,0.0,144.35397338867188,148.77037048339844,2.443126916885376,0.0,0.03195933997631073,0.018115783110260963,152.07418823242188,0.0790489912033081,39.75705337524414,0.0,3.0066330432891846,19.6200008392334,0.20893555879592896,11.25836181640625,0.0,1.396054744720459,146.19808959960938,0.0,0.0,0.0,0.0,0.0,0.0,0.0,0.701910674571991,-0.9057450890541077,0.5673863887786865,-0.5683741569519043
7400,3571.963517189026,5400,0.8511922883759178,0.9583333333333334,0.045000000000000005,0.34379183491359505,0.0,0.15306122448979592,0.14,0.0,0.0,0.010411906987428665,0.010411906987428665,0.041910807291666664,0.041910807291666664,-0.6886563301086426,0.0,0.0,0.0,0.0,0.0,0.0,0.0,0.0,0.0,0.0,0.0,0.0,0.0,0.0,0.0,0.0,0.0,0.0,0.0,0.0,0.0,0.0,0.0,0.0,145.2816162109375,147.27195739746094,2.57488751411438,0.0,0.03261723741889,0.019576210528612137,152.9412078857422,0.07468529045581818,116.48849487304688,0.0,2.99130916595459,19.6200008392334,0.20747071504592896,10.998045921325684,0.0,1.4071528911590576,144.9969482421875,0.0,0.0,0.0,0.0,0.0,0.0,0.0,0.7015831470489502,-0.9043986797332764,0.5467943549156189,-0.5762202739715576
7600,3712.988070487976,5600,0.8309800582574478,0.9593023255813954,0.05142857142857143,0.33952213100951956,0.0,0.19289340101522842,0.13953488372093023,0.0,0.0,0.010505791753530502,0.010505791753530502,0.044108072916666664,0.044108072916666664,-0.6877473394076029,0.0,0.0,0.0,0.0,0.0,0.0,0.0,0.0,0.0,0.0,0.0,0.0,0.0,0.0,0.0,0.0,0.0,0.0,0.0,0.0,0.0,0.0,0.0,0.0,150.74737548828125,152.0660400390625,2.484891653060913,0.0,0.03064727783203125,0.012765523046255112,158.63365173339844,0.08395742624998093,62.1382942199707,0.0,3.0347301959991455,19.6200008392334,0.2095947414636612,10.504146575927734,0.0,1.3778125047683716,150.23812866210938,0.0,0.0,0.0,0.0,0.0,0.0,0.0,0.6914277672767639,-0.8960610628128052,0.5818594694137573,-0.5686354041099548
7800,3843.490370988846,5800,0.8117056023015665,0.9602272727272727,0.05785714285714285,0.3356687232360914,0.0,0.15577889447236182,0.18309859154929578,0.0,0.0,0.01072525791823864,0.01072525791823864,0.040201822916666664,0.040201822916666664,-0.6928874651590983,0.0,0.0,0.0,0.0,0.0,0.0,0.0,0.0,0.0,0.0,0.0,0.0,0.0,0.0,0.0,0.0,0.0,0.0,0.0,0.0,0.0,0.0,0.0,0.0,148.40219116210938,152.54794311523438,2.3818607330322266,0.0,0.031019434332847595,0.0113318907096982,156.3022003173828,0.07234856486320496,85.13663482666016,0.0,3.0257041454315186,19.6200008392334,0.2092692106962204,10.255066871643066,0.0,1.3168692588806152,150.13108825683594,0.0,0.0,0.0,0.0,0.0,0.0,0.0,0.6501033306121826,-0.8899310827255249,0.5903916358947754,-0.564445972442627
8000,3973.9069952964783,6000,0.7933051278486281,0.9611111111111111,0.06428571428571428,0.3321910227205725,0.0,0.14720812182741116,0.1598173515981735,0.0,0.0,0.01067698560655117,0.01067698560655117,0.041829427083333336,0.041829427083333336,-0.6870201826095581,0.0,0.0,0.0,0.0,0.0,0.0,0.0,0.0,0.0,0.0,0.0,0.0,0.0,0.0,0.0,0.0,0.0,0.0,0.0,0.0,0.0,0.0,0.0,0.0,152.20849609375,153.1011199951172,2.3113839626312256,0.0,0.040024712681770325,0.012051906436681747,160.13833618164062,0.10583609342575073,51.55888366699219,0.0,3.0426857471466064,19.6200008392334,0.22064617276191711,9.51909351348877,0.0,1.2619352340698242,150.81898498535156,0.0,0.0,0.0,0.0,0.0,0.0,0.0,0.591580867767334,-0.8981357216835022,0.5809275507926941,-0.5531054139137268
8200,4104.28165769577,6200,0.7757205007031307,0.9619565217391304,0.07071428571428572,0.32905239800531666,0.0,0.16019417475728157,0.16279069767441862,0.0,0.0,0.010782444849610329,0.010782444849610329,0.04345703125,0.04345703125,-0.6826886137326559,0.0,0.0,0.0,0.0,0.0,0.0,0.0,0.0,0.0,0.0,0.0,0.0,0.0,0.0,0.0,0.0,0.0,0.0,0.0,0.0,0.0,0.0,0.0,0.0,135.3248748779297,149.72689819335938,2.163156747817993,0.0,0.02748812921345234,0.012984558939933777,143.05889892578125,0.09324730932712555,27.093017578125,0.0,3.0071167945861816,19.6200008392334,0.19724121689796448,8.669307708740234,0.0,1.217286467552185,147.29681396484375,0.0,0.0,0.0,0.0,0.0,0.0,0.0,0.546696126461029,-0.88905930519104,0.5502196550369263,-0.554275393486023
8400,4234.604220628738,6400,0.7588986312824697,0.9627659574468085,0.07714285714285715,0.32621978919979827,0.0,0.18041237113402062,0.14622641509433962,0.0,0.0,0.011217273771762848,0.011217273771762848,0.04541015625,0.04541015625,-0.6794862747192383,0.0,0.0,0.0,0.0,0.0,0.0,0.0,0.0,0.0,0.0,0.0,0.0,0.0,0.0,0.0,0.0,0.0,0.0,0.0,0.0,0.0,0.0,0.0,0.0,137.997314453125,150.00286865234375,2.1811442375183105,0.0,0.0279973316937685,0.009047743864357471,145.74627685546875,0.08707217872142792,42.67012405395508,0.0,3.010793924331665,19.6200008392334,0.19802246987819672,8.962282180786133,0.0,1.2298023700714111,147.72488403320312,0.0,0.0,0.0,0.0,0.0,0.0,0.0,0.5420312285423279,-0.8920141458511353,0.5687215924263,-0.5520391464233398
8600,4364.78618812561,6600,0.7427909389891353,0.9635416666666666,0.08357142857142857,0.32366335975281796,0.0,0.17412935323383086,0.16585365853658537,0.0,0.0,0.01130571961402893,0.01130571961402893,0.044270833333333336,0.044270833333333336,-0.6821872591972351,0.0,0.0,0.0,0.0,0.0,0.0,0.0,0.0,0.0,0.0,0.0,0.0,0.0,0.0,0.0,0.0,0.0,0.0,0.0,0.0,0.0,0.0,0.0,0.0,143.2205810546875,149.95387268066406,2.403212547302246,0.0,0.03426520898938179,0.0129042137414217,150.9967498779297,0.07120319455862045,50.10096740722656,0.0,3.0064570903778076,19.6200008392334,0.19986166059970856,9.326623916625977,0.0,1.2421677112579346,147.8638916015625,0.0,0.0,0.0,0.0,0.0,0.0,0.0,0.5661512017250061,-0.8953534960746765,0.5078437328338623,-0.547473669052124
8800,4494.916778564453,6800,0.7273528834174966,0.9642857142857143,0.09000000000000001,0.3213561821769182,0.0,0.12682926829268293,0.16981132075471697,0.0,0.0,0.011763900518417358,0.011763900518417358,0.04833984375,0.04833984375,-0.6786324381828308,0.0,0.0,0.0,0.0,0.0,0.0,0.0,0.0,0.0,0.0,0.0,0.0,0.0,0.0,0.0,0.0,0.0,0.0,0.0,0.0,0.0,0.0,0.0,0.0,151.7434844970703,156.42481994628906,2.361218214035034,0.0,0.03745764121413231,0.012751685455441475,159.84213256835938,0.11136534065008163,41.483455657958984,0.0,3.0530588626861572,19.6200008392334,0.21548666059970856,10.008262634277344,0.0,1.2709290981292725,153.91091918945312,0.0,0.0,0.0,0.0,0.0,0.0,0.0,0.6046186685562134,-0.8934628367424011,0.6028941869735718,-0.5511189699172974
9000,4625.271191596985,7000,0.7125435528630232,0.965,0.09642857142857142,0.31927395441466866,0.0,0.16346153846153846,0.18446601941747573,0.0,0.0,0.011092675849795341,0.011092675849795341,0.045654296875,0.045654296875,-0.6810229420661926,0.0,0.0,0.0,0.0,0.0,0.0,0.0,0.0,0.0,0.0,0.0,0.0,0.0,0.0,0.0,0.0,0.0,0.0,0.0,0.0,0.0,0.0,0.0,0.0,153.53729248046875,153.84188842773438,2.5731277465820312,0.0,0.03919083625078201,0.010562295094132423,161.529052734375,0.09390558302402496,47.832679748535156,0.0,3.019563913345337,19.6200008392334,0.21346843242645264,10.647186279296875,0.0,1.3373613357543945,149.95362854003906,0.0,0.0,0.0,0.0,0.0,0.0,0.0,0.6657969951629639,-0.8726638555526733,0.5861772298812866,-0.5486535429954529
9200,4768.237453222275,7200,0.6983253021245575,0.9656862745098039,0.10285714285714286,0.31739474385923844,0.0,0.13875598086124402,0.12796208530805686,0.0,0.0,0.01147461961954832,0.01147461961954832,0.04541015625,0.04541015625,-0.6781540711720785,0.0,0.0,0.0,0.0,0.0,0.0,0.0,0.0,0.0,0.0,0.0,0.0,0.0,0.0,0.0,0.0,0.0,0.0,0.0,0.0,0.0,0.0,0.0,0.0,150.47122192382812,153.6475067138672,2.4678030014038086,0.0,0.03977590426802635,0.012584855780005455,158.4439239501953,0.10386522859334946,72.9315185546875,0.0,3.03220534324646,19.6200008392334,0.20901693403720856,9.845998764038086,0.0,1.290651559829712,151.12364196777344,0.0,0.0,0.0,0.0,0.0,0.0,0.0,0.5727849006652832,-0.8855372667312622,0.6197643280029297,-0.5432907938957214
9400,4900.263908624649,7400,0.6846634328448442,0.9663461538461539,0.10928571428571429,0.3156987563329627,0.0,0.13043478260869565,0.13452914798206278,0.0,0.0,0.012285800650715828,0.012285800650715828,0.049397786458333336,0.049397786458333336,-0.6710478663444519,0.0,0.0,0.0,0.0,0.0,0.0,0.0,0.0,0.0,0.0,0.0,0.0,0.0,0.0,0.0,0.0,0.0,0.0,0.0,0.0,0.0,0.0,0.0,0.0,143.61529541015625,153.05838012695312,2.525156259536743,0.0,0.03462589532136917,0.013841889798641205,151.55950927734375,0.08596071600914001,35.092708587646484,0.0,3.024843454360962,19.6200008392334,0.21311035752296448,10.407167434692383,0.0,1.3281649351119995,149.97567749023438,0.0,0.0,0.0,0.0,0.0,0.0,0.0,0.646104097366333,-0.897670328617096,0.5178395509719849,-0.5551145076751709
9600,5031.960213661194,7600,0.6715259106720864,0.9669811320754716,0.1157142857142857,0.31416812759049884,0.0,0.12857142857142856,0.17050691244239632,0.0,0.0,0.011817453429102898,0.011817453429102898,0.048746744791666664,0.048746744791666664,-0.6715920766194662,0.0,0.0,0.0,0.0,0.0,0.0,0.0,0.0,0.0,0.0,0.0,0.0,0.0,0.0,0.0,0.0,0.0,0.0,0.0,0.0,0.0,0.0,0.0,0.0,138.37966918945312,153.48329162597656,2.6657330989837646,0.0,0.0424770712852478,0.015132536180317402,146.367431640625,0.08351370692253113,38.96161651611328,0.0,3.043701410293579,19.6200008392334,0.23810222744941711,10.194737434387207,0.0,1.3261425495147705,151.22171020507812,0.0,0.0,0.0,0.0,0.0,0.0,0.0,0.5985504388809204,-0.8647271394729614,0.512073278427124,-0.542722761631012
9800,5163.604367733002,7800,0.6588831143870806,0.9675925925925926,0.12214285714285714,0.31278673515042515,0.0,0.13488372093023257,0.1542056074766355,0.0,0.0,0.01207734551280737,0.01207734551280737,0.048990885416666664,0.048990885416666664,-0.6676738858222961,0.0,0.0,0.0,0.0,0.0,0.0,0.0,0.0,0.0,0.0,0.0,0.0,0.0,0.0,0.0,0.0,0.0,0.0,0.0,0.0,0.0,0.0,0.0,0.0,147.83529663085938,151.6983184814453,2.6688191890716553,0.0,0.039260074496269226,0.011173728853464127,155.72970581054688,0.10674132406711578,67.64366912841797,0.0,3.0198421478271484,19.6200008392334,0.21482747793197632,9.914767265319824,0.0,1.3032280206680298,149.5036163330078,0.0,0.0,0.0,0.0,0.0,0.0,0.0,0.5835842490196228,-0.8852264285087585,0.4691556990146637,-0.5418418645858765
10000,5295.086755275726,8000,0.6467076128587292,0.9681818181818181,0.12857142857142856,0.3115400284732587,0.0,0.18009478672985782,0.1318181818181818,0.0,0.0,0.011920413002371788,0.011920413002371788,0.0458984375,0.0458984375,-0.6710265676180521,0.0,0.0,0.0,0.0,0.0,0.0,0.0,0.0,0.0,0.0,0.0,0.0,0.0,0.0,0.0,0.0,0.0,0.0,0.0,0.0,0.0,0.0,0.0,0.0,143.68365478515625,151.68695068359375,2.6275227069854736,0.0,0.04276236146688461,0.012054270133376122,151.57713317871094,0.09258115291595459,72.88868713378906,0.0,3.0108959674835205,19.6200008392334,0.21172690391540527,10.476207733154297,0.0,1.323057770729065,149.08001708984375,0.0,0.0,0.0,0.0,0.0,0.0,0.0,0.6237918138504028,-0.8862652778625488,0.563431441783905,-0.5460063815116882
10200,5426.60215139389,8200,0.634973966291606,0.96875,0.135,0.31041487569711596,0.0,0.1791044776119403,0.15668202764976957,0.0,0.0,0.01226776372641325,0.01226776372641325,0.048095703125,0.048095703125,-0.6687437097231547,0.0,0.0,0.0,0.0,0.0,0.0,0.0,0.0,0.0,0.0,0.0,0.0,0.0,0.0,0.0,0.0,0.0,0.0,0.0,0.0,0.0,0.0,0.0,0.0,155.30580139160156,153.6058349609375,2.7664005756378174,0.0,0.046636566519737244,0.014181569218635559,163.31362915039062,0.0921100378036499,57.309722900390625,0.0,3.047335386276245,19.6200008392334,0.2238769680261612,10.644290924072266,0.0,1.3613002300262451,151.6092529296875,0.0,0.0,0.0,0.0,0.0,0.0,0.0,0.6207372546195984,-0.8844726085662842,0.5548890233039856,-0.5383429527282715
10400,5558.100243806839,8400,0.6236585487337587,0.9692982456140351,0.14142857142857143,0.30939942531664716,0.0,0.16908212560386474,0.1951219512195122,0.0,0.0,0.01229015737771988,0.01229015737771988,0.0478515625,0.0478515625,-0.6657353838284811,0.0,0.0,0.0,0.0,0.0,0.0,0.0,0.0,0.0,0.0,0.0,0.0,0.0,0.0,0.0,0.0,0.0,0.0,0.0,0.0,0.0,0.0,0.0,0.0,150.38192749023438,152.46127319335938,2.8252034187316895,0.0,0.04865018650889397,0.013638444244861603,158.34024047851562,0.09461653232574463,49.06562805175781,0.0,3.023522138595581,19.6200008392334,0.22099611163139343,10.774056434631348,0.0,1.3607600927352905,149.98324584960938,0.0,0.0,0.0,0.0,0.0,0.0,0.0,0.648022472858429,-0.878920316696167,0.4976791441440582,-0.5404108166694641
10600,5700.778630495071,8600,0.612739389237796,0.9698275862068966,0.14785714285714285,0.30848298134827407,0.0,0.14634146341463414,0.15492957746478872,0.0,0.0,0.012097042053937912,0.012097042053937912,0.04931640625,0.04931640625,-0.6631971796353658,0.0,0.0,0.0,0.0,0.0,0.0,0.0,0.0,0.0,0.0,0.0,0.0,0.0,0.0,0.0,0.0,0.0,0.0,0.0,0.0,0.0,0.0,0.0,0.0,149.93515014648438,150.21429443359375,3.118802070617676,0.0,0.052807360887527466,0.01500570960342884,157.81504821777344,0.08181321620941162,98.89218139648438,0.0,3.0097267627716064,19.6200008392334,0.22246909141540527,11.302918434143066,0.0,1.442826509475708,147.8531951904297,0.0,0.0,0.0,0.0,0.0,0.0,0.0,0.6632488965988159,-0.8850668668746948,0.5016827583312988,-0.5372289419174194
10800,5832.737374782562,8800,0.602196029427409,0.9703389830508474,0.1542857142857143,0.3076558906668173,0.0,0.15196078431372548,0.18536585365853658,0.0,0.0,0.012897315435111523,0.012897315435111523,0.048665364583333336,0.048665364583333336,-0.665310283501943,0.0,0.0,0.0,0.0,0.0,0.0,0.0,0.0,0.0,0.0,0.0,0.0,0.0,0.0,0.0,0.0,0.0,0.0,0.0,0.0,0.0,0.0,0.0,0.0,146.27963256835938,150.9783477783203,3.14755916595459,0.0,0.042227137833833694,0.01337825320661068,154.18954467773438,0.12185462564229965,86.63790130615234,0.0,3.0082449913024902,19.6200008392334,0.23033855855464935,11.875019073486328,0.0,1.4847586154937744,147.62969970703125,0.0,0.0,0.0,0.0,0.0,0.0,0.0,0.7323775887489319,-0.8864285945892334,0.47870853543281555,-0.5381373167037964
11000,5964.402647018433,9000,0.5920093955258149,0.9708333333333333,0.16071428571428573,0.3069094413268026,0.0,0.12796208530805686,0.10849056603773585,0.0,0.0,0.012402447871863842,0.012402447871863842,0.052490234375,0.052490234375,-0.6611128052075704,0.0,0.0,0.0,0.0,0.0,0.0,0.0,0.0,0.0,0.0,0.0,0.0,0.0,0.0,0.0,0.0,0.0,0.0,0.0,0.0,0.0,0.0,0.0,0.0,151.8214111328125,155.44642639160156,3.315964937210083,0.0,0.049810897558927536,0.012958797626197338,159.97903442382812,0.08312889188528061,72.93900299072266,0.0,3.0452048778533936,19.6200008392334,0.24488119781017303,12.620675086975098,0.0,1.5257023572921753,151.40802001953125,0.0,0.0,0.0,0.0,0.0,0.0,0.0,0.7718984484672546,-0.8807142972946167,0.5255587100982666,-0.5354726314544678
11200,6095.770628452301,9200,0.5821616831614131,0.9713114754098361,0.16714285714285715,0.30623577079743936,0.0,0.2463768115942029,0.1590909090909091,0.0,0.0,0.013080239295959473,0.013080239295959473,0.051106770833333336,0.051106770833333336,-0.6572865049044291,0.0,0.0,0.0,0.0,0.0,0.0,0.0,0.0,0.0,0.0,0.0,0.0,0.0,0.0,0.0,0.0,0.0,0.0,0.0,0.0,0.0,0.0,0.0,0.0,142.39602661132812,151.2547607421875,3.2282874584198,0.0,0.046122096478939056,0.015312186442315578,150.3323211669922,0.08788669109344482,107.34027099609375,0.0,3.014740228652954,19.6200008392334,0.22784018516540527,11.022984504699707,0.0,1.427090048789978,148.29603576660156,0.0,0.0,0.0,0.0,0.0,0.0,0.0,0.6397032737731934,-0.8939201831817627,0.5913016200065613,-0.5276919007301331
11400,6227.335560083389,9400,0.572636253486543,0.9717741935483871,0.17357142857142857,0.305627783144689,0.0,0.17073170731707318,0.16267942583732056,0.0,0.0,0.013103137724101543,0.013103137724101543,0.051188151041666664,0.051188151041666664,-0.6585388580958048,0.0,0.0,0.0,0.0,0.0,0.0,0.0,0.0,0.0,0.0,0.0,0.0,0.0,0.0,0.0,0.0,0.0,0.0,0.0,0.0,0.0,0.0,0.0,0.0,147.3753204345703,155.2481689453125,3.4810352325439453,0.0,0.052222929894924164,0.01482800580561161,155.54249572753906,0.08190271258354187,267.3758239746094,0.0,3.038525104522705,19.6200008392334,0.2430420070886612,13.155003547668457,0.0,1.558437466621399,151.11878967285156,0.0,0.0,0.0,0.0,0.0,0.0,0.0,0.769166886806488,-0.8804198503494263,0.4641282856464386,-0.5340786576271057
11600,6359.134274721146,9600,0.5634175393339267,0.9722222222222222,0.18000000000000002,0.30507907428808184,0.0,0.14018691588785046,0.13425925925925927,0.0,0.0,0.013402892276644707,0.013402892276644707,0.053629557291666664,0.053629557291666664,-0.6547139088312784,0.0,0.0,0.0,0.0,0.0,0.0,0.0,0.0,0.0,0.0,0.0,0.0,0.0,0.0,0.0,0.0,0.0,0.0,0.0,0.0,0.0,0.0,0.0,0.0,147.4036865234375,155.34368896484375,3.418940782546997,0.0,0.05528179928660393,0.016294702887535095,155.5729217529297,0.10227587074041367,70.78605651855469,0.0,3.0562610626220703,19.6200008392334,0.24524740874767303,12.348250389099121,0.0,1.509417176246643,153.12220764160156,0.0,0.0,0.0,0.0,0.0,0.0,0.0,0.7060672044754028,-0.8879657983779907,0.48573270440101624,-0.5420884490013123
11800,6490.857856750488,9800,0.5544909602970972,0.97265625,0.18642857142857144,0.30458386454499387,0.0,0.1509433962264151,0.1506849315068493,0.0,0.0,0.013322493061423302,0.013322493061423302,0.049723307291666664,0.049723307291666664,-0.6577378710110983,0.0,0.0,0.0,0.0,0.0,0.0,0.0,0.0,0.0,0.0,0.0,0.0,0.0,0.0,0.0,0.0,0.0,0.0,0.0,0.0,0.0,0.0,0.0,0.0,143.73971557617188,153.9049530029297,3.0736782550811768,0.0,0.04887315258383751,0.01334484200924635,151.7952117919922,0.08346760272979736,83.04627227783203,0.0,3.0333688259124756,19.6200008392334,0.22224122285842896,10.592731475830078,0.0,1.3713899850845337,150.83340454101562,0.0,0.0,0.0,0.0,0.0,0.0,0.0,0.5950632691383362,-0.8892667293548584,0.48847654461860657,-0.533933699131012
12000,6622.321319818497,10000,0.5458428457601502,0.9730769230769231,0.19285714285714284,0.30413693775185696,0.0,0.18226600985221675,0.1921182266009852,0.0,0.0,0.013596503995358944,0.013596503995358944,0.052327473958333336,0.052327473958333336,-0.6528204480806986,0.0,0.0,0.0,0.0,0.0,0.0,0.0,0.0,0.0,0.0,0.0,0.0,0.0,0.0,0.0,0.0,0.0,0.0,0.0,0.0,0.0,0.0,0.0,0.0,153.43519592285156,155.5981903076172,3.033447742462158,0.0,0.051211997866630554,0.009105957113206387,161.5723876953125,0.08773215115070343,78.1808090209961,0.0,3.0479843616485596,19.6200008392334,0.23263347148895264,10.496140480041504,0.0,1.359480619430542,152.05844116210938,0.0,0.0,0.0,0.0,0.0,0.0,0.0,0.5993247032165527,-0.8927748799324036,0.5066914558410645,-0.5416160821914673
12200,6766.3810567855835,10200,0.5374603650219267,0.9734848484848485,0.1992857142857143,0.3037335863210509,0.0,0.14285714285714285,0.12558139534883722,0.0,0.0,0.01344618946313858,0.01344618946313858,0.051513671875,0.051513671875,-0.6520465413729349,0.0,0.0,0.0,0.0,0.0,0.0,0.0,0.0,0.0,0.0,0.0,0.0,0.0,0.0,0.0,0.0,0.0,0.0,0.0,0.0,0.0,0.0,0.0,0.0,152.40573120117188,154.0669708251953,3.638495683670044,0.0,0.06968258321285248,0.016970301046967506,160.54771423339844,0.08916591107845306,94.78441619873047,0.0,3.0363974571228027,19.6200008392334,0.2465657740831375,12.553397178649902,0.0,1.5301724672317505,150.83175659179688,0.0,0.0,0.0,0.0,0.0,0.0,0.0,0.7008904218673706,-0.8877170085906982,0.5654957294464111,-0.5201597213745117
12400,6899.016089439392,10400,0.5293314637632657,0.9738805970149254,0.2057142857142857,0.30336956165474843,0.0,0.1650485436893204,0.1324200913242009,0.0,0.0,0.013994753360748291,0.013994753360748291,0.054361979166666664,0.054361979166666664,-0.6495658755302429,0.0,0.0,0.0,0.0,0.0,0.0,0.0,0.0,0.0,0.0,0.0,0.0,0.0,0.0,0.0,0.0,0.0,0.0,0.0,0.0,0.0,0.0,0.0,0.0,156.21426391601562,156.23410034179688,3.4471402168273926,0.0,0.054619960486888885,0.013201790861785412,164.4292755126953,0.09008912742137909,73.53626251220703,0.0,3.055591344833374,19.6200008392334,0.24787598848342896,12.230223655700684,0.0,1.5208717584609985,152.9044952392578,0.0,0.0,0.0,0.0,0.0,0.0,0.0,0.7149164080619812,-0.8942286968231201,0.6258078813552856,-0.525608241558075
12600,7032.144176006317,10600,0.5214448061955026,0.9742647058823529,0.21214285714285713,0.3837910293934104,0.0,0.14285714285714285,0.145,0.0,0.0,0.013699314557015896,0.013699314557015896,0.054361979166666664,0.054361979166666664,-0.6492550373077393,0.0,0.0,0.0,0.0,0.0,0.0,0.0,0.0,0.0,0.0,0.0,0.0,0.0,0.0,0.0,0.0,0.0,0.0,0.0,0.0,0.0,0.0,0.0,0.0,144.4336700439453,155.6444091796875,3.4166007041931152,0.0,0.05220937356352806,0.014145167544484138,152.614013671875,0.11538589000701904,128.5458984375,0.0,3.0515027046203613,19.6200008392334,0.2506917417049408,11.541375160217285,0.0,1.4808388948440552,152.4385986328125,0.0,0.0,0.0,0.0,0.0,0.0,0.0,0.6374961137771606,-0.8786612153053284,0.5163141489028931,-0.5171269178390503
12800,7164.740216732025,10800,0.5137897223062179,0.9746376811594203,0.21857142857142858,0.45637140402755283,0.0,0.15577889447236182,0.08771929824561403,0.0,0.0,0.014446288347244263,0.014446288347244263,0.055419921875,0.055419921875,-0.6522536873817444,0.0,0.0,0.0,0.0,0.0,0.0,0.0,0.0,0.0,0.0,0.0,0.0,0.0,0.0,0.0,0.0,0.0,0.0,0.0,0.0,0.0,0.0,0.0,0.0,148.73629760742188,156.92413330078125,3.5060689449310303,0.0,0.05724403262138367,0.01263782661408186,156.994140625,0.08716210722923279,64.97109985351562,0.0,3.0699288845062256,19.6200008392334,0.26687827706336975,11.862189292907715,0.0,1.4943859577178955,153.3697967529297,0.0,0.0,0.0,0.0,0.0,0.0,0.0,0.6589255332946777,-0.8887801170349121,0.5177022218704224,-0.5248718857765198
13000,7296.908066749573,11000,0.506356159685798,0.975,0.225,0.4411251921348664,0.0,0.15656565656565657,0.14622641509433962,0.0,0.0,0.01446224283427,0.01446224283427,0.051513671875,0.051513671875,-0.6504010955492655,0.0,0.0,0.0,0.0,0.0,0.0,0.0,0.0,0.0,0.0,0.0,0.0,0.0,0.0,0.0,0.0,0.0,0.0,0.0,0.0,0.0,0.0,0.0,0.0,150.08062744140625,157.45489501953125,3.500316619873047,0.0,0.054270658642053604,0.015104798600077629,158.36221313476562,0.09427550435066223,72.85259246826172,0.0,3.061429500579834,19.6200008392334,0.2712646722793579,12.200900077819824,0.0,1.5147480964660645,153.2530059814453,0.0,0.0,0.0,0.0,0.0,0.0,0.0,0.7154592275619507,-0.8869467973709106,0.62510085105896,-0.525371789932251
13200,7429.360868215561,11200,0.4991346394773501,0.9753521126760564,0.2314285714285714,0.4273654859017169,0.0,0.14285714285714285,0.13761467889908258,0.0,0.0,0.01391562819480896,0.01391562819480896,0.05419921875,0.05419921875,-0.6446046233177185,0.0,0.0,0.0,0.0,0.0,0.0,0.0,0.0,0.0,0.0,0.0,0.0,0.0,0.0,0.0,0.0,0.0,0.0,0.0,0.0,0.0,0.0,0.0,0.0,157.07899475097656,158.1781005859375,3.3494315147399902,0.0,0.06283138692378998,0.013884389773011208,165.3898468017578,0.09121289849281311,101.43716430664062,0.0,3.068657159805298,19.6200008392334,0.26490074396133423,11.055848121643066,0.0,1.416570782661438,154.4119873046875,0.0,0.0,0.0,0.0,0.0,0.0,0.0,0.621216893196106,-0.8980804681777954,0.5903178453445435,-0.5196554660797119
13400,7561.671371459961,11400,0.4921162160440038,0.9756944444444444,0.23785714285714288,0.4149473510262995,0.0,0.11386138613861387,0.1796116504854369,0.0,0.0,0.014084748923778534,0.014084748923778534,0.049153645833333336,0.049153645833333336,-0.652770479520162,0.0,0.0,0.0,0.0,0.0,0.0,0.0,0.0,0.0,0.0,0.0,0.0,0.0,0.0,0.0,0.0,0.0,0.0,0.0,0.0,0.0,0.0,0.0,0.0,159.34146118164062,161.07363891601562,3.1420605182647705,0.0,0.057589199393987656,0.015151599422097206,167.771484375,0.09166824072599411,43.102989196777344,0.0,3.108931541442871,19.6200008392334,0.2679280638694763,11.15807056427002,0.0,1.4237828254699707,158.0882568359375,0.0,0.0,0.0,0.0,0.0,0.0,0.0,0.646934986114502,-0.8906656503677368,0.5678164958953857,-0.5149345397949219
13600,7705.3639323711395,11600,0.4852924399926241,0.976027397260274,0.24428571428571427,0.40373998430123526,0.0,0.1674641148325359,0.17733990147783252,0.0,0.0,0.014768354594707489,0.014768354594707489,0.055257161458333336,0.055257161458333336,-0.6454912622769674,0.0,0.0,0.0,0.0,0.0,0.0,0.0,0.0,0.0,0.0,0.0,0.0,0.0,0.0,0.0,0.0,0.0,0.0,0.0,0.0,0.0,0.0,0.0,0.0,174.89210510253906,162.1126708984375,3.325226306915283,0.0,0.07335411757230759,0.014222893863916397,183.4078826904297,0.1054634302854538,72.9803466796875,0.0,3.1089959144592285,19.6200008392334,0.2904459834098816,12.080885887145996,0.0,1.4506137371063232,158.26065063476562,0.0,0.0,0.0,0.0,0.0,0.0,0.0,0.7460132837295532,-0.9066410064697266,0.6043353080749512,-0.521038293838501
13800,7838.537717103958,11800,0.4786553242325649,0.9763513513513513,0.2507142857142857,0.3936253358318648,0.0,0.1890547263681592,0.1735159817351598,0.0,0.0,0.014618456363677979,0.014618456363677979,0.05419921875,0.05419921875,-0.6469061970710754,0.0,0.0,0.0,0.0,0.0,0.0,0.0,0.0,0.0,0.0,0.0,0.0,0.0,0.0,0.0,0.0,0.0,0.0,0.0,0.0,0.0,0.0,0.0,0.0,176.63433837890625,163.1025848388672,3.070537805557251,0.0,0.06367279589176178,0.01423835288733244,185.1644744873047,0.08754315227270126,56.18950271606445,0.0,3.121535539627075,19.6200008392334,0.2831868529319763,11.529040336608887,0.0,1.4164152145385742,159.18345642089844,0.0,0.0,0.0,0.0,0.0,0.0,0.0,0.6990295648574829,-0.8960064649581909,0.6429929733276367,-0.5224494934082031
14000,7971.432674884796,12000,0.4721973127826747,0.9766666666666667,0.2571428571428571,0.38449686558825796,0.0,0.17209302325581396,0.11894273127753303,0.0,0.0,0.014460282400250435,0.014460282400250435,0.052490234375,0.052490234375,-0.6494725147883097,0.0,0.0,0.0,0.0,0.0,0.0,0.0,0.0,0.0,0.0,0.0,0.0,0.0,0.0,0.0,0.0,0.0,0.0,0.0,0.0,0.0,0.0,0.0,0.0,177.66165161132812,162.08413696289062,3.153879165649414,0.0,0.06643084436655045,0.010521183721721172,186.1508331298828,0.08630749583244324,77.40442657470703,0.0,3.0929226875305176,19.6200008392334,0.28455406427383423,12.809085845947266,0.0,1.469770908355713,157.1620330810547,0.0,0.0,0.0,0.0,0.0,0.0,0.0,0.7975032329559326,-0.9014179706573486,0.5780298709869385,-0.5304619669914246
14200,8104.609915971756,12200,0.4659112520704413,0.9769736842105263,0.26357142857142857,0.3762584211934028,0.0,0.15942028985507245,0.1380952380952381,0.0,0.0,0.014341424219310284,0.014341424219310284,0.055338541666666664,0.055338541666666664,-0.6505417029062907,0.0,0.0,0.0,0.0,0.0,0.0,0.0,0.0,0.0,0.0,0.0,0.0,0.0,0.0,0.0,0.0,0.0,0.0,0.0,0.0,0.0,0.0,0.0,0.0,165.3975830078125,159.2806396484375,2.968726396560669,0.0,0.05576692894101143,0.016757983714342117,173.7192840576172,0.10811716318130493,79.62793731689453,0.0,3.089684009552002,19.6200008392334,0.26124677062034607,10.947709083557129,0.0,1.3635321855545044,155.8553466796875,0.0,0.0,0.0,0.0,0.0,0.0,0.0,0.6263500452041626,-0.8994325399398804,0.731707751750946,-0.49775373935699463
14400,8237.645583868027,12400,0.45979036449397437,0.9772727272727273,0.27,0.368823225127046,0.0,0.18009478672985782,0.14354066985645933,0.0,0.0,0.0148683562874794,0.0148683562874794,0.053629557291666664,0.053629557291666664,-0.6494895815849304,0.0,0.0,0.0,0.0,0.0,0.0,0.0,0.0,0.0,0.0,0.0,0.0,0.0,0.0,0.0,0.0,0.0,0.0,0.0,0.0,0.0,0.0,0.0,0.0,157.224853515625,157.05764770507812,3.099424362182617,0.0,0.06112312898039818,0.014200976118445396,165.4530487060547,0.08771543204784393,65.31875610351562,0.0,3.0711939334869385,19.6200008392334,0.25851237773895264,11.023420333862305,0.0,1.3742913007736206,154.14141845703125,0.0,0.0,0.0,0.0,0.0,0.0,0.0,0.6244975328445435,-0.9090770483016968,0.6500183343887329,-0.5176640152931213
14600,8370.57717871666,12600,0.45382822404141526,0.9775641025641025,0.27642857142857147,0.527862960677159,0.0,0.0945273631840796,0.18867924528301888,0.0,0.0,0.015002451837062836,0.015002451837062836,0.054524739583333336,0.054524739583333336,-0.6477661530176798,0.0,0.0,0.0,0.0,0.0,0.0,0.0,0.0,0.0,0.0,0.0,0.0,0.0,0.0,0.0,0.0,0.0,0.0,0.0,0.0,0.0,0.0,0.0,0.0,160.4501953125,157.69456481933594,3.1120569705963135,0.0,0.05293060466647148,0.012587135657668114,168.7028350830078,0.12517723441123962,89.5934829711914,0.0,3.0562119483947754,19.6200008392334,0.2442627102136612,10.893715858459473,0.0,1.3445336818695068,154.8781280517578,0.0,0.0,0.0,0.0,0.0,0.0,0.0,0.6245802044868469,-0.9240482449531555,0.6589833498001099,-0.5371174216270447
14800,8503.209306716919,12800,0.4480187337833331,0.9778481012658228,0.28285714285714286,0.586396322011136,0.0,0.13714285714285715,0.17703349282296652,0.0,0.0,0.01446317695081234,0.01446317695081234,0.055501302083333336,0.055501302083333336,-0.643486479918162,0.0,0.0,0.0,0.0,0.0,0.0,0.0,0.0,0.0,0.0,0.0,0.0,0.0,0.0,0.0,0.0,0.0,0.0,0.0,0.0,0.0,0.0,0.0,0.0,147.23976135253906,154.27528381347656,3.2305679321289062,0.0,0.052562911063432693,0.01488217618316412,155.3336181640625,0.08122086524963379,52.10396957397461,0.0,3.042027711868286,19.6200008392334,0.24482423067092896,12.004190444946289,0.0,1.4494552612304688,151.3180389404297,0.0,0.0,0.0,0.0,0.0,0.0,0.0,0.6860935688018799,-0.9030428528785706,0.7548038959503174,-0.5077224969863892
15000,8635.864550590515,13000,0.4423561050723798,0.978125,0.2892857142857143,0.5584726806150503,0.0,0.15217391304347827,0.13333333333333333,0.0,0.0,0.014340998604893684,0.014340998604893684,0.054850260416666664,0.054850260416666664,-0.6469090580940247,0.0,0.0,0.0,0.0,0.0,0.0,0.0,0.0,0.0,0.0,0.0,0.0,0.0,0.0,0.0,0.0,0.0,0.0,0.0,0.0,0.0,0.0,0.0,0.0,157.95211791992188,154.94512939453125,3.3417258262634277,0.0,0.054180651903152466,0.01513854879885912,166.09226989746094,0.08896424621343613,64.62728118896484,0.0,3.042854070663452,19.6200008392334,0.25100913643836975,12.042497634887695,0.0,1.4642468690872192,151.00137329101562,0.0,0.0,0.0,0.0,0.0,0.0,0.0,0.7119458913803101,-0.8967995643615723,0.7086517810821533,-0.5156850218772888
15200,8781.136675596237,13200,0.436834838300975,0.9783950617283951,0.2957142857142857,0.5332715942550829,0.0,0.13612565445026178,0.1583710407239819,0.0,0.0,0.01479310542345047,0.01479310542345047,0.055989583333333336,0.055989583333333336,-0.6400806307792664,0.0,0.0,0.0,0.0,0.0,0.0,0.0,0.0,0.0,0.0,0.0,0.0,0.0,0.0,0.0,0.0,0.0,0.0,0.0,0.0,0.0,0.0,0.0,0.0,155.23165893554688,159.6451873779297,3.451399326324463,0.0,0.06186636537313461,0.015287257730960846,163.62550354003906,0.09477031230926514,71.2784652709961,0.0,3.076174259185791,19.6200008392334,0.2609049677848816,12.133286476135254,0.0,1.4469702243804932,155.64649963378906,0.0,0.0,0.0,0.0,0.0,0.0,0.0,0.701711893081665,-0.8984442353248596,0.7470595240592957,-0.5139867067337036
15400,8915.262264728546,13400,0.43144970508255776,0.9786585365853658,0.3021428571428571,0.5912776138152123,0.0,0.13966480446927373,0.1792452830188679,0.0,0.0,0.01500134076923132,0.01500134076923132,0.055257161458333336,0.055257161458333336,-0.6393166581789652,0.0,0.0,0.0,0.0,0.0,0.0,0.0,0.0,0.0,0.0,0.0,0.0,0.0,0.0,0.0,0.0,0.0,0.0,0.0,0.0,0.0,0.0,0.0,0.0,162.5554962158203,161.1623077392578,3.4773712158203125,0.0,0.060841284692287445,0.014050856232643127,171.02639770507812,0.09605778753757477,78.57374572753906,0.0,3.0966129302978516,19.6200008392334,0.2562825679779053,12.5831298828125,0.0,1.4683330059051514,158.34046936035156,0.0,0.0,0.0,0.0,0.0,0.0,0.0,0.7140787243843079,-0.9117072820663452,0.7214996218681335,-0.5087881088256836
15600,9049.261063098907,13600,0.4261957317350219,0.9789156626506024,0.3085714285714286,0.562878046468229,0.0,0.12698412698412698,0.16071428571428573,0.0,0.0,0.014522112905979156,0.014522112905979156,0.049641927083333336,0.049641927083333336,-0.6521971225738525,0.0,0.0,0.0,0.0,0.0,0.0,0.0,0.0,0.0,0.0,0.0,0.0,0.0,0.0,0.0,0.0,0.0,0.0,0.0,0.0,0.0,0.0,0.0,0.0,154.09768676757812,162.0547332763672,3.5028860569000244,0.0,0.0603230781853199,0.01736053079366684,162.61624145507812,0.08731494843959808,62.2108154296875,0.0,3.1137115955352783,19.6200008392334,0.27448731660842896,12.094395637512207,0.0,1.4631637334823608,158.94046020507812,0.0,0.0,0.0,0.0,0.0,0.0,0.0,0.7025414109230042,-0.9025254249572754,0.6845321655273438,-0.5147175788879395
15800,9183.284407615662,13800,0.4210681839566476,0.9791666666666666,0.315,0.6179974369375767,0.0,0.12727272727272726,0.18181818181818182,0.0,0.0,0.015874288976192474,0.015874288976192474,0.055826822916666664,0.055826822916666664,-0.6399139165878296,0.0,0.0,0.0,0.0,0.0,0.0,0.0,0.0,0.0,0.0,0.0,0.0,0.0,0.0,0.0,0.0,0.0,0.0,0.0,0.0,0.0,0.0,0.0,0.0,155.53021240234375,161.78509521484375,3.485886812210083,0.0,0.05637932941317558,0.016114473342895508,164.02926635742188,0.10772725939750671,72.87776947021484,0.0,3.097105026245117,19.6200008392334,0.24763184785842896,11.655908584594727,0.0,1.4374852180480957,158.54458618164062,0.0,0.0,0.0,0.0,0.0,0.0,0.0,0.6548416614532471,-0.8975828886032104,0.692582368850708,-0.5095424056053162
16000,9317.254195213318,14000,0.41606255259526564,0.9794117647058823,0.32142857142857145,0.586992686836163,0.0,0.14754098360655737,0.12053571428571429,0.0,0.0,0.01505060400813818,0.01505060400813818,0.055501302083333336,0.055501302083333336,-0.6399751901626587,0.0,0.0,0.0,0.0,0.0,0.0,0.0,0.0,0.0,0.0,0.0,0.0,0.0,0.0,0.0,0.0,0.0,0.0,0.0,0.0,0.0,0.0,0.0,0.0,157.05453491210938,161.6759490966797,3.570758581161499,0.0,0.06592907011508942,0.014765473082661629,165.56576538085938,0.10682505369186401,47.121944427490234,0.0,3.1171295642852783,19.6200008392334,0.2791503965854645,12.396580696105957,0.0,1.4888966083526611,158.53956604003906,0.0,0.0,0.0,0.0,0.0,0.0,0.0,0.6881814002990723,-0.9036267995834351,0.6417818069458008,-0.5261836051940918
16200,9451.531939983368,14200,0.41117454042073326,0.9796511627906976,0.32785714285714285,0.6440108998696371,0.0,0.09844559585492228,0.136986301369863,0.0,0.0,0.015329918824136257,0.015329918824136257,0.056803385416666664,0.056803385416666664,-0.6454510490099589,0.0,0.0,0.0,0.0,0.0,0.0,0.0,0.0,0.0,0.0,0.0,0.0,0.0,0.0,0.0,0.0,0.0,0.0,0.0,0.0,0.0,0.0,0.0,0.0,159.37808227539062,159.40928649902344,3.4056711196899414,0.0,0.060736287385225296,0.014278492890298367,167.75411987304688,0.12374424934387207,47.474220275878906,0.0,3.0928633213043213,19.6200008392334,0.27210289239883423,11.697127342224121,0.0,1.4554890394210815,156.06048583984375,0.0,0.0,0.0,0.0,0.0,0.0,0.0,0.6654549241065979,-0.888514518737793,0.756057620048523,-0.509186863899231
16400,9585.312380552292,14400,0.40640004981914984,0.9798850574712644,0.3342857142857143,0.6104698371323475,0.0,0.10179640718562874,0.1712962962962963,0.0,0.0,0.015338676050305367,0.015338676050305367,0.057047526041666664,0.057047526041666664,-0.6379151344299316,0.0,0.0,0.0,0.0,0.0,0.0,0.0,0.0,0.0,0.0,0.0,0.0,0.0,0.0,0.0,0.0,0.0,0.0,0.0,0.0,0.0,0.0,0.0,0.0,146.0807647705078,154.09124755859375,3.211026906967163,0.0,0.05143364518880844,0.011495083570480347,154.16131591796875,0.10043352097272873,46.76698303222656,0.0,3.027911424636841,19.6200008392334,0.23379720747470856,11.237728118896484,0.0,1.3877674341201782,150.17042541503906,0.0,0.0,0.0,0.0,0.0,0.0,0.0,0.6460984945297241,-0.8785596489906311,0.6262648105621338,-0.5100948810577393
16600,9730.533916711807,14600,0.40173517133474684,0.9801136363636364,0.3407142857142857,0.6609490280119436,0.0,0.12650602409638553,0.14634146341463414,0.0,0.0,0.015063423663377762,0.015063423663377762,0.057779947916666664,0.057779947916666664,-0.6412066618601481,0.0,0.0,0.0,0.0,0.0,0.0,0.0,0.0,0.0,0.0,0.0,0.0,0.0,0.0,0.0,0.0,0.0,0.0,0.0,0.0,0.0,0.0,0.0,0.0,150.3372802734375,156.9864959716797,3.1798975467681885,0.0,0.05765588581562042,0.013072004541754723,158.56617736816406,0.08227094262838364,60.396156311035156,0.0,3.0718436241149902,19.6200008392334,0.24366049468517303,10.894120216369629,0.0,1.3571134805679321,154.29440307617188,0.0,0.0,0.0,0.0,0.0,0.0,0.0,0.6260386109352112,-0.8861377835273743,0.6989803314208984,-0.49876052141189575
16800,9864.996806144714,14800,0.3971761729920657,0.9803370786516854,0.34714285714285714,0.710756497780779,0.0,0.09340659340659341,0.12962962962962962,0.0,0.0,0.01574873924255371,0.01574873924255371,0.054524739583333336,0.054524739583333336,-0.6371626655260721,0.0,0.0,0.0,0.0,0.0,0.0,0.0,0.0,0.0,0.0,0.0,0.0,0.0,0.0,0.0,0.0,0.0,0.0,0.0,0.0,0.0,0.0,0.0,0.0,156.3058624267578,159.92784118652344,3.251354694366455,0.0,0.06397508084774017,0.014488287270069122,164.6957244873047,0.11159079521894455,80.18016052246094,0.0,3.0903031826019287,19.6200008392334,0.28271484375,12.3910551071167,0.0,1.4573185443878174,155.11660766601562,0.0,0.0,0.0,0.0,0.0,0.0,0.0,0.6979637742042542,-0.8930120468139648,0.7471074461936951,-0.4913993775844574
17000,9999.261007070541,15000,0.39271949033717923,0.9805555555555555,0.3535714285714286,0.751457739247153,0.0,0.16049382716049382,0.16744186046511628,0.0,0.0,0.015284756198525429,0.015284756198525429,0.05615234375,0.05615234375,-0.6411492427190145,0.0,0.0,0.0,0.0,0.0,0.0,0.0,0.0,0.0,0.0,0.0,0.0,0.0,0.0,0.0,0.0,0.0,0.0,0.0,0.0,0.0,0.0,0.0,0.0,149.92739868164062,159.85853576660156,3.1192986965179443,0.0,0.0551300086081028,0.013023179955780506,158.29129028320312,0.11138221621513367,60.98285675048828,0.0,3.0859971046447754,19.6200008392334,0.2628011107444763,11.268811225891113,0.0,1.3841880559921265,155.86270141601562,0.0,0.0,0.0,0.0,0.0,0.0,0.0,0.6479648947715759,-0.891120195388794,0.702653169631958,-0.5092072486877441
17200,10133.424223423004,15200,0.38836171714203255,0.9807692307692307,0.36000000000000004,0.7881906096705554,0.0,0.13071895424836602,0.1388888888888889,0.0,0.0,0.015114616602659225,0.015114616602659225,0.054443359375,0.054443359375,-0.6429498990376791,0.0,0.0,0.0,0.0,0.0,0.0,0.0,0.0,0.0,0.0,0.0,0.0,0.0,0.0,0.0,0.0,0.0,0.0,0.0,0.0,0.0,0.0,0.0,0.0,153.2069549560547,156.32896423339844,3.5483334064483643,0.0,0.06149434298276901,0.01087743416428566,161.4429931640625,0.0780944749712944,78.16236877441406,0.0,3.054651975631714,19.6200008392334,0.26634928584098816,12.685972213745117,0.0,1.4847984313964844,152.6704864501953,0.0,0.0,0.0,0.0,0.0,0.0,0.0,0.7013723850250244,-0.8750970959663391,0.7097245454788208,-0.49356985092163086
17400,10267.419955015182,15400,0.38409959672100075,0.9809782608695652,0.36642857142857144,0.8255920252276762,0.0,0.07643312101910828,0.178743961352657,0.0,0.0,0.014792337082326412,0.014792337082326412,0.050537109375,0.050537109375,-0.6460011005401611,0.0,0.0,0.0,0.0,0.0,0.0,0.0,0.0,0.0,0.0,0.0,0.0,0.0,0.0,0.0,0.0,0.0,0.0,0.0,0.0,0.0,0.0,0.0,0.0,152.25289916992188,158.85540771484375,3.361572265625,0.0,0.06399451196193695,0.014425907284021378,160.6001434326172,0.11045211553573608,69.57647705078125,0.0,3.086071491241455,19.6200008392334,0.2809651792049408,12.354649543762207,0.0,1.461928367614746,155.41212463378906,0.0,0.0,0.0,0.0,0.0,0.0,0.0,0.7098332047462463,-0.8895600438117981,0.7994022965431213,-0.5057296752929688
17600,10401.368356227875,15600,0.3799300138131007,0.9811827956989247,0.3728571428571429,0.9400968027679776,0.0,0.050955414012738856,0.11261261261261261,0.0,0.0,0.015748891979455948,0.015748891979455948,0.054524739583333336,0.054524739583333336,-0.6433046062787374,0.0,0.0,0.0,0.0,0.0,0.0,0.0,0.0,0.0,0.0,0.0,0.0,0.0,0.0,0.0,0.0,0.0,0.0,0.0,0.0,0.0,0.0,0.0,0.0,148.984619140625,156.81126403808594,3.428131580352783,0.0,0.057461172342300415,0.01246707420796156,157.2292022705078,0.08124499022960663,86.0389175415039,0.0,3.0574636459350586,19.6200008392334,0.2607177793979645,11.736433982849121,0.0,1.4086540937423706,153.24510192871094,0.0,0.0,0.0,0.0,0.0,0.0,0.0,0.6463627219200134,-0.879034161567688,0.7220361232757568,-0.498067706823349
17800,10535.203929662704,15800,0.3758499869873457,0.9813829787234043,0.3792857142857143,1.0434373644980997,0.0,0.08074534161490683,0.1278538812785388,0.0,0.0,0.015305187553167343,0.015305187553167343,0.054931640625,0.054931640625,-0.6388312776883444,0.0,0.0,0.0,0.0,0.0,0.0,0.0,0.0,0.0,0.0,0.0,0.0,0.0,0.0,0.0,0.0,0.0,0.0,0.0,0.0,0.0,0.0,0.0,0.0,148.31146240234375,157.38845825195312,3.1786000728607178,0.0,0.054511986672878265,0.012008203193545341,156.5568389892578,0.09822885692119598,60.07946014404297,0.0,3.0824780464172363,19.6200008392334,0.27367350459098816,11.186603546142578,0.0,1.3775508403778076,154.63421630859375,0.0,0.0,0.0,0.0,0.0,0.0,0.0,0.6280141472816467,-0.8712068796157837,0.7475388050079346,-0.4927307963371277
18000,10669.693949699402,16000,0.37185666153231717,0.9815789473684211,0.3857142857142857,1.0559522214595347,0.0,0.06790123456790123,0.10666666666666667,0.0,0.0,0.015898320823907852,0.015898320823907852,0.052571614583333336,0.052571614583333336,-0.6400035818417867,0.0,0.0,0.0,0.0,0.0,0.0,0.0,0.0,0.0,0.0,0.0,0.0,0.0,0.0,0.0,0.0,0.0,0.0,0.0,0.0,0.0,0.0,0.0,0.0,131.7292022705078,154.4171905517578,2.924067735671997,0.0,0.049854714423418045,0.011637484654784203,139.79580688476562,0.08909936249256134,38.47148513793945,0.0,3.0462963581085205,19.6200008392334,0.2491292506456375,10.9230375289917,0.0,1.3370003700256348,151.1837615966797,0.0,0.0,0.0,0.0,0.0,0.0,0.0,0.6352304220199585,-0.8703973293304443,0.7672130465507507,-0.49658748507499695
18200,10816.07298374176,16200,0.36794730279432114,0.9817708333333334,0.3921428571428572,1.14799687986723,0.0,0.0784313725490196,0.17972350230414746,0.0,0.0,0.015063892118632793,0.015063892118632793,0.053629557291666664,0.053629557291666664,-0.6452401479085287,0.0,0.0,0.0,0.0,0.0,0.0,0.0,0.0,0.0,0.0,0.0,0.0,0.0,0.0,0.0,0.0,0.0,0.0,0.0,0.0,0.0,0.0,0.0,0.0,129.2580108642578,152.2964324951172,3.1494956016540527,0.0,0.04425067454576492,0.01113734021782875,137.23538208007812,0.08778971433639526,111.0461196899414,0.0,3.02276611328125,19.6200008392334,0.23466798663139343,11.157341957092285,0.0,1.370155692100525,148.69456481933594,0.0,0.0,0.0,0.0,0.0,0.0,0.0,0.6463121175765991,-0.8814377784729004,0.7760497331619263,-0.49787935614585876
18400,10951.36730337143,16400,0.3641192899314505,0.9819587628865979,0.3985714285714286,1.231067184080175,0.0,0.032679738562091505,0.12962962962962962,0.0,0.0,0.015995409339666367,0.015995409339666367,0.054117838541666664,0.054117838541666664,-0.6402003963788351,0.0,0.0,0.0,0.0,0.0,0.0,0.0,0.0,0.0,0.0,0.0,0.0,0.0,0.0,0.0,0.0,0.0,0.0,0.0,0.0,0.0,0.0,0.0,0.0,142.42266845703125,155.55264282226562,3.0214529037475586,0.0,0.05438004061579704,0.00998032744973898,150.559814453125,0.10593660920858383,50.946842193603516,0.0,3.050776481628418,19.6200008392334,0.23505046963691711,10.287952423095703,0.0,1.3016357421875,152.10342407226562,0.0,0.0,0.0,0.0,0.0,0.0,0.0,0.5916763544082642,-0.8700017333030701,0.8437805771827698,-0.5092486143112183
18600,11086.521761417389,16600,0.3603701100535673,0.9821428571428571,0.405,1.306038133632358,0.0,0.05806451612903226,0.13333333333333333,0.0,0.0,0.015558930113911629,0.015558930113911629,0.056233723958333336,0.056233723958333336,-0.6348048647244772,0.0,0.0,0.0,0.0,0.0,0.0,0.0,0.0,0.0,0.0,0.0,0.0,0.0,0.0,0.0,0.0,0.0,0.0,0.0,0.0,0.0,0.0,0.0,0.0,144.31512451171875,154.8165740966797,3.115663766860962,0.0,0.0486159473657608,0.009330060333013535,152.41893005371094,0.11165446043014526,52.73725509643555,0.0,3.034731388092041,19.6200008392334,0.23872071504592896,11.439395904541016,0.0,1.382657527923584,150.6068115234375,0.0,0.0,0.0,0.0,0.0,0.0,0.0,0.6796301603317261,-0.8588013648986816,0.6821119785308838,-0.4889642596244812
18800,11221.842040538788,16800,0.3566973527206839,0.9823232323232324,0.4114285714285714,1.3736994156032032,0.0,0.0784313725490196,0.12264150943396226,0.0,0.0,0.016426410526037216,0.016426410526037216,0.057698567708333336,0.057698567708333336,-0.633025586605072,0.0,0.0,0.0,0.0,0.0,0.0,0.0,0.0,0.0,0.0,0.0,0.0,0.0,0.0,0.0,0.0,0.0,0.0,0.0,0.0,0.0,0.0,0.0,0.0,147.4009552001953,153.7432098388672,3.21325945854187,0.0,0.04641145467758179,0.010249788872897625,155.4589385986328,0.09951227903366089,88.44400024414062,0.0,3.051577568054199,19.6200008392334,0.23768718540668488,10.531476020812988,0.0,1.3436142206192017,151.66175842285156,0.0,0.0,0.0,0.0,0.0,0.0,0.0,0.5698275566101074,-0.850294828414917,0.6191608905792236,-0.4902474880218506
19000,11357.007873535156,17000,0.3530987047744142,0.9825,0.41785714285714287,1.434763722581891,0.0,0.05161290322580645,0.16355140186915887,0.0,0.0,0.01593804731965065,0.01593804731965065,0.053059895833333336,0.053059895833333336,-0.6378045082092285,0.0,0.0,0.0,0.0,0.0,0.0,0.0,0.0,0.0,0.0,0.0,0.0,0.0,0.0,0.0,0.0,0.0,0.0,0.0,0.0,0.0,0.0,0.0,0.0,157.87744140625,158.22584533691406,3.520751953125,0.0,0.058988749980926514,0.01514789555221796,166.204345703125,0.08387117087841034,45.14934158325195,0.0,3.0720412731170654,19.6200008392334,0.2576334774494171,11.819756507873535,0.0,1.4224637746810913,154.99659729003906,0.0,0.0,0.0,0.0,0.0,0.0,0.0,0.6674062609672546,-0.8664636611938477,0.7837428450584412,-0.49289676547050476
19200,11491.810545921326,17200,0.34957194547919346,0.9826732673267327,0.42428571428571427,1.4898742596301566,0.0,0.04487179487179487,0.09259259259259259,0.0,0.0,0.016418270766735077,0.016418270766735077,0.048095703125,0.048095703125,-0.6423965493837992,0.0,0.0,0.0,0.0,0.0,0.0,0.0,0.0,0.0,0.0,0.0,0.0,0.0,0.0,0.0,0.0,0.0,0.0,0.0,0.0,0.0,0.0,0.0,0.0,145.9329833984375,154.52525329589844,3.120389938354492,0.0,0.05421470105648041,0.012282466515898705,154.0291748046875,0.08995311707258224,59.99058532714844,0.0,3.056551218032837,19.6200008392334,0.25308433175086975,11.120089530944824,0.0,1.3476436138153076,151.9315185546875,0.0,0.0,0.0,0.0,0.0,0.0,0.0,0.6419847011566162,-0.8654627799987793,0.7552422285079956,-0.5056248903274536
19400,11626.727310180664,17400,0.3461149419518513,0.9828431372549019,0.4307142857142857,1.5396115193162163,0.0,0.02564102564102564,0.14351851851851852,0.0,0.0,0.015491831116378307,0.015491831116378307,0.05224609375,0.05224609375,-0.6388832330703735,0.0,0.0,0.0,0.0,0.0,0.0,0.0,0.0,0.0,0.0,0.0,0.0,0.0,0.0,0.0,0.0,0.0,0.0,0.0,0.0,0.0,0.0,0.0,0.0,139.31454467773438,155.49505615234375,3.142918586730957,0.0,0.048215869814157486,0.011736396700143814,147.455322265625,0.08556264638900757,75.70321655273438,0.0,3.059338092803955,19.6200008392334,0.2582031488418579,10.670845031738281,0.0,1.331419587135315,152.51747131347656,0.0,0.0,0.0,0.0,0.0,0.0,0.0,0.618438184261322,-0.8704794645309448,0.7076178789138794,-0.48996955156326294
19600,11773.027514457703,17600,0.34272564485974477,0.9830097087378641,0.43714285714285717,1.5844993961828853,0.0,0.07692307692307693,0.13425925925925927,0.0,0.0,0.016455918550491333,0.016455918550491333,0.053548177083333336,0.053548177083333336,-0.6286850174268087,0.0,0.0,0.0,0.0,0.0,0.0,0.0,0.0,0.0,0.0,0.0,0.0,0.0,0.0,0.0,0.0,0.0,0.0,0.0,0.0,0.0,0.0,0.0,0.0,150.74464416503906,156.5169219970703,3.2641403675079346,0.0,0.054727375507354736,0.013653289526700974,158.9557342529297,0.08526626229286194,73.93643951416016,0.0,3.063079833984375,19.6200008392334,0.25491538643836975,11.08340835571289,0.0,1.3648595809936523,153.30760192871094,0.0,0.0,0.0,0.0,0.0,0.0,0.0,0.6273770928382874,-0.8568400740623474,0.7811962366104126,-0.4912746250629425
19800,11908.41637134552,17800,0.33940208436923175,0.9831730769230769,0.4435714285714286,1.625010705055054,0.0,0.057692307692307696,0.09523809523809523,0.0,0.0,0.01684461161494255,0.01684461161494255,0.054036458333333336,0.054036458333333336,-0.636987030506134,0.0,0.0,0.0,0.0,0.0,0.0,0.0,0.0,0.0,0.0,0.0,0.0,0.0,0.0,0.0,0.0,0.0,0.0,0.0,0.0,0.0,0.0,0.0,0.0,147.46420288085938,157.35971069335938,3.2060296535491943,0.0,0.04818849638104439,0.011889735236763954,155.7045440673828,0.1066824421286583,79.59223937988281,0.0,3.0768933296203613,19.6200008392334,0.2705078125,11.385228157043457,0.0,1.3947185277938843,153.82257080078125,0.0,0.0,0.0,0.0,0.0,0.0,0.0,0.6437642574310303,-0.87024986743927,0.6814926862716675,-0.5075931549072266
20000,12043.820630788803,18000,0.33614236632762573,0.9833333333333333,0.45,1.661572161312186,0.0,0.07051282051282051,0.13777777777777778,0.0,0.0,0.01657087355852127,0.01657087355852127,0.050048828125,0.050048828125,-0.6359240214029948,0.0,0.0,0.0,0.0,0.0,0.0,0.0,0.0,0.0,0.0,0.0,0.0,0.0,0.0,0.0,0.0,0.0,0.0,0.0,0.0,0.0,0.0,0.0,0.0,141.2310333251953,155.4569854736328,3.169511556625366,0.0,0.05239313840866089,0.013668606989085674,149.37733459472656,0.0793982446193695,79.34027862548828,0.0,3.0714662075042725,19.6200008392334,0.2764485776424408,11.347339630126953,0.0,1.388983130455017,152.79476928710938,0.0,0.0,0.0,0.0,0.0,0.0,0.0,0.6366976499557495,-0.8744399547576904,0.753725528717041,-0.5014052987098694
20200,12179.084036827087,18200,0.3329446686631256,0.9834905660377359,0.4564285714285714,1.694568875584248,0.0,0.038461538461538464,0.091324200913242,0.0,0.0,0.017085887491703033,0.017085887491703033,0.050944010416666664,0.050944010416666664,-0.6353229482968649,0.0,0.0,0.0,0.0,0.0,0.0,0.0,0.0,0.0,0.0,0.0,0.0,0.0,0.0,0.0,0.0,0.0,0.0,0.0,0.0,0.0,0.0,0.0,0.0,140.62503051757812,155.15257263183594,3.186674118041992,0.0,0.053291093558073044,0.010824215598404408,148.7578582763672,0.09685753285884857,61.27720642089844,0.0,3.051473617553711,19.6200008392334,0.2500976622104645,10.987626075744629,0.0,1.3590232133865356,151.6331787109375,0.0,0.0,0.0,0.0,0.0,0.0,0.0,0.6069453358650208,-0.8920621275901794,0.7799896001815796,-0.4931764006614685
20400,12314.5914041996,18400,0.32980723798830697,0.9836448598130841,0.4628571428571428,1.724348410214784,0.0,0.0641025641025641,0.12442396313364056,0.0,0.0,0.017751675099134445,0.017751675099134445,0.051920572916666664,0.051920572916666664,-0.6308289766311646,0.0,0.0,0.0,0.0,0.0,0.0,0.0,0.0,0.0,0.0,0.0,0.0,0.0,0.0,0.0,0.0,0.0,0.0,0.0,0.0,0.0,0.0,0.0,0.0,137.41925048828125,152.46908569335938,3.0268189907073975,0.0,0.049181390553712845,0.012283598072826862,145.3982696533203,0.13417935371398926,80.78714752197266,0.0,3.037461519241333,19.6200008392334,0.25732421875,10.944000244140625,0.0,1.3426637649536133,149.36810302734375,0.0,0.0,0.0,0.0,0.0,0.0,0.0,0.6186169981956482,-0.8662278056144714,0.8157999515533447,-0.49477654695510864
20600,12450.226487398148,18600,0.32672838639387,0.9837962962962963,0.4692857142857143,1.7512244402188424,0.0,0.04487179487179487,0.09545454545454546,0.0,0.0,0.016178477555513382,0.016178477555513382,0.051025390625,0.051025390625,-0.6354623238245646,0.0,0.0,0.0,0.0,0.0,0.0,0.0,0.0,0.0,0.0,0.0,0.0,0.0,0.0,0.0,0.0,0.0,0.0,0.0,0.0,0.0,0.0,0.0,0.0,139.65664672851562,153.01185607910156,3.220996141433716,0.0,0.05000654235482216,0.011185538955032825,147.6826934814453,0.1363663673400879,53.039306640625,0.0,3.0294344425201416,19.6200008392334,0.23760581016540527,11.228166580200195,0.0,1.3681244850158691,149.4486083984375,0.0,0.0,0.0,0.0,0.0,0.0,0.0,0.6418741345405579,-0.8549945950508118,0.7582050561904907,-0.501899242401123
20800,12585.639521598816,18800,0.3237064884203461,0.9839449541284404,0.47571428571428576,1.7754800572975051,0.0,0.07051282051282051,0.14218009478672985,0.0,0.0,0.016511769965291023,0.016511769965291023,0.051676432291666664,0.051676432291666664,-0.6284595926602682,0.0,0.0,0.0,0.0,0.0,0.0,0.0,0.0,0.0,0.0,0.0,0.0,0.0,0.0,0.0,0.0,0.0,0.0,0.0,0.0,0.0,0.0,0.0,0.0,145.23776245117188,154.08599853515625,3.0635874271392822,0.0,0.04994818568229675,0.00940361525863409,153.3011932373047,0.09247207641601562,52.33464050292969,0.0,3.068295478820801,19.6200008392334,0.2539713680744171,9.647101402282715,0.0,1.2758392095565796,151.7447052001953,0.0,0.0,0.0,0.0,0.0,0.0,0.0,0.5371231436729431,-0.8500092625617981,0.7373949289321899,-0.47961193323135376
21000,12720.669605255127,19000,0.3207399781963392,0.9840909090909091,0.48214285714285715,1.7973707517109985,0.0,0.03821656050955414,0.16908212560386474,0.0,0.0,0.01689908653497696,0.01689908653497696,0.048665364583333336,0.048665364583333336,-0.6298593282699585,0.0,0.0,0.0,0.0,0.0,0.0,0.0,0.0,0.0,0.0,0.0,0.0,0.0,0.0,0.0,0.0,0.0,0.0,0.0,0.0,0.0,0.0,0.0,0.0,151.88478088378906,158.71527099609375,3.2363088130950928,0.0,0.061931513249874115,0.013243457302451134,160.21006774902344,0.09564733505249023,56.944061279296875,0.0,3.0830578804016113,19.6200008392334,0.26097819209098816,11.658787727355957,0.0,1.3969582319259644,154.73146057128906,0.0,0.0,0.0,0.0,0.0,0.0,0.0,0.6555594205856323,-0.8645057678222656,0.7862470149993896,-0.4831778407096863
21200,12867.831056118011,19200,0.31782734673269103,0.9842342342342343,0.48857142857142855,1.8171271034191763,0.0,0.07096774193548387,0.14883720930232558,0.0,0.0,0.016527943313121796,0.016527943313121796,0.051676432291666664,0.051676432291666664,-0.6245437860488892,0.0,0.0,0.0,0.0,0.0,0.0,0.0,0.0,0.0,0.0,0.0,0.0,0.0,0.0,0.0,0.0,0.0,0.0,0.0,0.0,0.0,0.0,0.0,0.0,152.33306884765625,156.95339965820312,2.910947561264038,0.0,0.05286550894379616,0.011203344911336899,160.52806091308594,0.0942826196551323,81.79431915283203,0.0,3.0839881896972656,19.6200008392334,0.2679850459098816,10.540213584899902,0.0,1.289309024810791,154.14923095703125,0.0,0.0,0.0,0.0,0.0,0.0,0.0,0.589623212814331,-0.8654595613479614,0.8212975263595581,-0.48298192024230957
21400,13003.763342142105,19400,0.3149671393627833,0.984375,0.49500000000000005,1.8349572108358065,0.0,0.09032258064516129,0.15566037735849056,0.0,0.0,0.01668611355125904,0.01668611355125904,0.050618489583333336,0.050618489583333336,-0.6255945364634196,0.0,0.0,0.0,0.0,0.0,0.0,0.0,0.0,0.0,0.0,0.0,0.0,0.0,0.0,0.0,0.0,0.0,0.0,0.0,0.0,0.0,0.0,0.0,0.0,155.3575897216797,159.75440979003906,3.0512914657592773,0.0,0.04963866248726845,0.010410327464342117,163.7032012939453,0.08852361887693405,63.746910095214844,0.0,3.092123508453369,19.6200008392334,0.2635742425918579,11.23249340057373,0.0,1.343995451927185,155.65528869628906,0.0,0.0,0.0,0.0,0.0,0.0,0.0,0.6550257205963135,-0.8480987548828125,0.8256279230117798,-0.4740425646305084
21600,13139.60054731369,19600,0.3121579533198188,0.9845132743362832,0.5014285714285714,1.8510488827793152,0.0,0.04516129032258064,0.0963302752293578,0.0,0.0,0.016410283744335175,0.016410283744335175,0.045572916666666664,0.045572916666666664,-0.6319578687349955,0.0,0.0,0.0,0.0,0.0,0.0,0.0,0.0,0.0,0.0,0.0,0.0,0.0,0.0,0.0,0.0,0.0,0.0,0.0,0.0,0.0,0.0,0.0,0.0,151.7337646484375,158.6436309814453,2.6785619258880615,0.0,0.052434440702199936,0.010697636753320694,159.9894256591797,0.10962975025177002,53.067100524902344,0.0,3.0895094871520996,19.6200008392334,0.23231609165668488,9.433937072753906,0.0,1.2030932903289795,156.29547119140625,0.0,0.0,0.0,0.0,0.0,0.0,0.0,0.5330308675765991,-0.8604099154472351,0.8107641339302063,-0.5065308809280396
21800,13275.92093873024,19800,0.30939843544263557,0.9846491228070176,0.5078571428571429,1.865571616708332,0.0,0.05806451612903226,0.136986301369863,0.0,0.0,0.01716107502579689,0.01716107502579689,0.048014322916666664,0.048014322916666664,-0.6326101422309875,0.0,0.0,0.0,0.0,0.0,0.0,0.0,0.0,0.0,0.0,0.0,0.0,0.0,0.0,0.0,0.0,0.0,0.0,0.0,0.0,0.0,0.0,0.0,0.0,156.38681030273438,157.8522186279297,2.7318708896636963,0.0,0.054264385253190994,0.012609830126166344,164.61065673828125,0.1021805852651596,40.11711502075195,0.0,3.0990967750549316,19.6200008392334,0.2571858763694763,9.94683837890625,0.0,1.2674638032913208,155.1271209716797,0.0,0.0,0.0,0.0,0.0,0.0,0.0,0.5821214914321899,-0.8596333265304565,0.8460675477981567,-0.4971500039100647
22000,13412.091583967209,20000,0.30668728000213374,0.9847826086956522,0.5142857142857142,1.8786783840792698,0.0,0.07741935483870968,0.1380952380952381,0.0,0.0,0.017264824360609055,0.017264824360609055,0.050537109375,0.050537109375,-0.6241152485211691,0.0,0.0,0.0,0.0,0.0,0.0,0.0,0.0,0.0,0.0,0.0,0.0,0.0,0.0,0.0,0.0,0.0,0.0,0.0,0.0,0.0,0.0,0.0,0.0,143.87783813476562,153.6834716796875,2.962719202041626,0.0,0.05345577001571655,0.014566933736205101,151.9160919189453,0.08652849495410919,80.88667297363281,0.0,3.0488874912261963,19.6200008392334,0.2473958432674408,10.581783294677734,0.0,1.3168025016784668,150.63369750976562,0.0,0.0,0.0,0.0,0.0,0.0,0.0,0.6019399762153625,-0.8499382734298706,0.8409966230392456,-0.48185861110687256
22200,13548.126762628555,20200,0.30402322664101106,0.9849137931034483,0.5207142857142858,1.890507241631541,0.0,0.07741935483870968,0.1320754716981132,0.0,0.0,0.017610585317015648,0.017610585317015648,0.051025390625,0.051025390625,-0.6224850614865621,0.0,0.0,0.0,0.0,0.0,0.0,0.0,0.0,0.0,0.0,0.0,0.0,0.0,0.0,0.0,0.0,0.0,0.0,0.0,0.0,0.0,0.0,0.0,0.0,153.6982879638672,155.32305908203125,2.9137167930603027,0.0,0.04973536729812622,0.010327741503715515,161.8086395263672,0.09297002851963043,59.77328109741211,0.0,3.0679221153259277,19.6200008392334,0.23674318194389343,10.098572731018066,0.0,1.2872235774993896,152.86761474609375,0.0,0.0,0.0,0.0,0.0,0.0,0.0,0.5633872151374817,-0.832958459854126,0.7225876450538635,-0.47950825095176697
22400,13684.058579444885,20400,0.3014050584199633,0.9850427350427351,0.5271428571428571,1.9011827855724657,0.0,0.06451612903225806,0.1506849315068493,0.0,0.0,0.017382366582751274,0.017382366582751274,0.048990885416666664,0.048990885416666664,-0.6276048024495443,0.0,0.0,0.0,0.0,0.0,0.0,0.0,0.0,0.0,0.0,0.0,0.0,0.0,0.0,0.0,0.0,0.0,0.0,0.0,0.0,0.0,0.0,0.0,0.0,149.59100341796875,154.45388793945312,2.947340965270996,0.0,0.0492481030523777,0.013027867302298546,157.66159057617188,0.08431375026702881,74.19636535644531,0.0,3.0563549995422363,19.6200008392334,0.25453290343284607,10.649120330810547,0.0,1.3114380836486816,151.02349853515625,0.0,0.0,0.0,0.0,0.0,0.0,0.0,0.6238677501678467,-0.8494727611541748,0.7185882329940796,-0.48773193359375
22600,13831.306918144226,20600,0.2988315999639805,0.9851694915254238,0.5335714285714286,1.9108174639791504,0.0,0.07792207792207792,0.11627906976744186,0.0,0.0,0.01752626523375511,0.01752626523375511,0.052001953125,0.052001953125,-0.6173144578933716,0.0,0.0,0.0,0.0,0.0,0.0,0.0,0.0,0.0,0.0,0.0,0.0,0.0,0.0,0.0,0.0,0.0,0.0,0.0,0.0,0.0,0.0,0.0,0.0,143.67471313476562,154.8729248046875,3.081814765930176,0.0,0.0483127236366272,0.011719845235347748,151.7783660888672,0.08181660622358322,204.6428680419922,0.0,3.0700836181640625,19.6200008392334,0.24905599653720856,10.752510070800781,0.0,1.3310970067977905,152.21665954589844,0.0,0.0,0.0,0.0,0.0,0.0,0.0,0.607153058052063,-0.8631846308708191,0.8188679814338684,-0.4890879690647125
22800,13967.755310297012,20800,0.2963017157028117,0.9852941176470589,0.54,1.9195127612411833,0.0,0.06451612903225806,0.16744186046511628,0.0,0.0,0.01669122837483883,0.01669122837483883,0.047037760416666664,0.047037760416666664,-0.6240211725234985,0.0,0.0,0.0,0.0,0.0,0.0,0.0,0.0,0.0,0.0,0.0,0.0,0.0,0.0,0.0,0.0,0.0,0.0,0.0,0.0,0.0,0.0,0.0,0.0,150.54083251953125,156.1215362548828,2.943713426589966,0.0,0.04576730355620384,0.010569306090474129,158.69021606445312,0.07220697402954102,48.007015228271484,0.0,3.084066390991211,19.6200008392334,0.2539469599723816,10.159453392028809,0.0,1.2969428300857544,153.18878173828125,0.0,0.0,0.0,0.0,0.0,0.0,0.0,0.5643327832221985,-0.8506507873535156,0.9083541631698608,-0.4798189401626587
23000,14103.85236787796,21000,0.29381430820007187,0.9854166666666667,0.5464285714285714,1.8466102670201676,0.0,0.05161290322580645,0.18518518518518517,0.0,0.0,0.01780603639781475,0.01780603639781475,0.049072265625,0.049072265625,-0.623998204867045,0.0,0.0,0.0,0.0,0.0,0.0,0.0,0.0,0.0,0.0,0.0,0.0,0.0,0.0,0.0,0.0,0.0,0.0,0.0,0.0,0.0,0.0,0.0,0.0,147.5294189453125,156.0629119873047,3.3038430213928223,0.0,0.05880039557814598,0.013842063024640083,155.7259063720703,0.10270087420940399,67.08440399169922,0.0,3.0740244388580322,19.6200008392334,0.27462565898895264,11.840407371520996,0.0,1.408401370048523,152.5367431640625,0.0,0.0,0.0,0.0,0.0,0.0,0.0,0.6631819605827332,-0.8276402950286865,0.8938534259796143,-0.4681297540664673
23200,14239.83907175064,21200,0.29136831656580997,0.9855371900826446,0.5528571428571429,1.8615657659857014,0.0,0.06451612903225806,0.15609756097560976,0.0,0.0,0.01775696501135826,0.01775696501135826,0.050455729166666664,0.050455729166666664,-0.6159255107243856,0.0,0.0,0.0,0.0,0.0,0.0,0.0,0.0,0.0,0.0,0.0,0.0,0.0,0.0,0.0,0.0,0.0,0.0,0.0,0.0,0.0,0.0,0.0,0.0,153.2613067626953,157.5841522216797,3.3399441242218018,0.0,0.06418724358081818,0.014236485585570335,161.54298400878906,0.07741576433181763,55.22584915161133,0.0,3.0887863636016846,19.6200008392334,0.27503257989883423,12.745723724365234,0.0,1.4769315719604492,154.37448120117188,0.0,0.0,0.0,0.0,0.0,0.0,0.0,0.7269303798675537,-0.8535962104797363,0.8108036518096924,-0.478419691324234
23400,14376.434632778168,21400,0.2889627149477208,0.985655737704918,0.5592857142857143,1.8750631038020955,0.0,0.07692307692307693,0.18627450980392157,0.0,0.0,0.01784932240843773,0.01784932240843773,0.048095703125,0.048095703125,-0.615754504998525,0.0,0.0,0.0,0.0,0.0,0.0,0.0,0.0,0.0,0.0,0.0,0.0,0.0,0.0,0.0,0.0,0.0,0.0,0.0,0.0,0.0,0.0,0.0,0.0,154.33416748046875,158.06007385253906,3.254187822341919,0.0,0.057325754314661026,0.01582501083612442,162.62466430664062,0.09031166136264801,106.94820404052734,0.0,3.089813470840454,19.6200008392334,0.2621093988418579,12.487985610961914,0.0,1.4528640508651733,155.58399963378906,0.0,0.0,0.0,0.0,0.0,0.0,0.0,0.7145273089408875,-0.8545548319816589,0.9256206154823303,-0.47175469994544983
23600,14512.376870632172,21600,0.28659651109649936,0.9857723577235772,0.5657142857142857,1.887244451181391,0.0,0.08333333333333333,0.10138248847926268,0.0,0.0,0.01722807064652443,0.01722807064652443,0.047037760416666664,0.047037760416666664,-0.6197261611620585,0.0,0.0,0.0,0.0,0.0,0.0,0.0,0.0,0.0,0.0,0.0,0.0,0.0,0.0,0.0,0.0,0.0,0.0,0.0,0.0,0.0,0.0,0.0,0.0,151.16152954101562,157.3277130126953,3.119744062423706,0.0,0.058684270828962326,0.014004935510456562,159.40277099609375,0.0951572060585022,57.21747970581055,0.0,3.0993776321411133,19.6200008392334,0.2798258662223816,11.958568572998047,0.0,1.4162514209747314,155.1168975830078,0.0,0.0,0.0,0.0,0.0,0.0,0.0,0.661313533782959,-0.8433564901351929,0.9333127737045288,-0.4757254123687744
23800,14648.293316841125,21800,0.28426874500111,0.9858870967741935,0.5721428571428572,1.8982381171912055,0.0,0.04516129032258064,0.13100436681222707,0.0,0.0,0.018026893958449364,0.018026893958449364,0.04931640625,0.04931640625,-0.6110227108001709,0.0,0.0,0.0,0.0,0.0,0.0,0.0,0.0,0.0,0.0,0.0,0.0,0.0,0.0,0.0,0.0,0.0,0.0,0.0,0.0,0.0,0.0,0.0,0.0,144.96873474121094,156.24932861328125,2.885572910308838,0.0,0.054983701556921005,0.014064688235521317,153.12896728515625,0.12448380887508392,78.6208724975586,0.0,3.079035997390747,19.6200008392334,0.26612144708633423,11.068678855895996,0.0,1.334985613822937,153.36720275878906,0.0,0.0,0.0,0.0,0.0,0.0,0.0,0.6124032139778137,-0.8429145812988281,0.9129052758216858,-0.4713744521141052
24000,14784.055064678192,22000,0.2819784875900329,0.986,0.5785714285714286,1.908159900765063,0.0,0.05806451612903226,0.14864864864864866,0.0,0.0,0.018090208992362022,0.018090208992362022,0.049072265625,0.049072265625,-0.6136942108472189,0.0,0.0,0.0,0.0,0.0,0.0,0.0,0.0,0.0,0.0,0.0,0.0,0.0,0.0,0.0,0.0,0.0,0.0,0.0,0.0,0.0,0.0,0.0,0.0,145.12686157226562,156.72462463378906,2.8424599170684814,0.0,0.058200132101774216,0.013903163373470306,153.3096923828125,0.1026981994509697,38.564090728759766,0.0,3.0907411575317383,19.6200008392334,0.2815511226654053,10.628939628601074,0.0,1.303470492362976,153.98858642578125,0.0,0.0,0.0,0.0,0.0,0.0,0.0,0.6005460023880005,-0.8580057621002197,0.9303044676780701,-0.4795674681663513
24200,14932.154127836227,22200,0.27972483949479676,0.9861111111111112,0.5850000000000001,1.9171143104404693,0.0,0.07051282051282051,0.14150943396226415,0.0,0.0,0.017996950075030327,0.017996950075030327,0.047932942708333336,0.047932942708333336,-0.6134389638900757,0.0,0.0,0.0,0.0,0.0,0.0,0.0,0.0,0.0,0.0,0.0,0.0,0.0,0.0,0.0,0.0,0.0,0.0,0.0,0.0,0.0,0.0,0.0,0.0,143.14410400390625,155.62149047851562,2.5424654483795166,0.0,0.052088722586631775,0.012397874146699905,151.2352294921875,0.10135646909475327,107.772216796875,0.0,3.0849270820617676,19.6200008392334,0.2691080868244171,9.62567138671875,0.0,1.2180012464523315,153.12234497070312,0.0,0.0,0.0,0.0,0.0,0.0,0.0,0.5286051630973816,-0.873291015625,0.8580163717269897,-0.5031250715255737
24400,15068.949260950089,22400,0.2775069298723413,0.9862204724409449,0.5914285714285714,1.9251956651725235,0.0,0.07692307692307693,0.15,0.0,0.0,0.018210165202617645,0.018210165202617645,0.046468098958333336,0.046468098958333336,-0.6142160693804423,0.0,0.0,0.0,0.0,0.0,0.0,0.0,0.0,0.0,0.0,0.0,0.0,0.0,0.0,0.0,0.0,0.0,0.0,0.0,0.0,0.0,0.0,0.0,0.0,140.543701171875,154.49932861328125,2.622807025909424,0.0,0.049663957208395004,0.011948535218834877,148.58419799804688,0.09005789458751678,105.31763458251953,0.0,3.0534327030181885,19.6200008392334,0.23725587129592896,9.629329681396484,0.0,1.2280189990997314,151.44692993164062,0.0,0.0,0.0,0.0,0.0,0.0,0.0,0.5722313523292542,-0.8253782987594604,0.9195631742477417,-0.47621989250183105
24600,15205.452643156052,22600,0.27532391528295913,0.986328125,0.5978571428571429,1.9324890878182024,0.0,0.0641025641025641,0.1596244131455399,0.0,0.0,0.017622757703065872,0.017622757703065872,0.048502604166666664,0.048502604166666664,-0.6122788389523824,0.0,0.0,0.0,0.0,0.0,0.0,0.0,0.0,0.0,0.0,0.0,0.0,0.0,0.0,0.0,0.0,0.0,0.0,0.0,0.0,0.0,0.0,0.0,0.0,164.33197021484375,158.44729614257812,2.7632522583007812,0.0,0.05619135871529579,0.012112194672226906,172.59048461914062,0.08785086870193481,44.55195236206055,0.0,3.1123969554901123,19.6200008392334,0.27265626192092896,10.228372573852539,0.0,1.2764818668365479,156.17884826660156,0.0,0.0,0.0,0.0,0.0,0.0,0.0,0.5860865712165833,-0.8735537528991699,0.8204352855682373,-0.49463117122650146
24800,15341.882250547409,22800,0.2731749786208003,0.9864341085271318,0.6042857142857142,1.9390714017559276,0.0,0.057692307692307696,0.10434782608695652,0.0,0.0,0.018069807440042496,0.018069807440042496,0.047119140625,0.047119140625,-0.6069949666659037,0.0,0.0,0.0,0.0,0.0,0.0,0.0,0.0,0.0,0.0,0.0,0.0,0.0,0.0,0.0,0.0,0.0,0.0,0.0,0.0,0.0,0.0,0.0,0.0,157.27842712402344,159.0764923095703,2.8387932777404785,0.0,0.0615045428276062,0.015501878224313259,165.58229064941406,0.1250084638595581,45.97285079956055,0.0,3.0967671871185303,19.6200008392334,0.2578938901424408,11.427563667297363,0.0,1.3265023231506348,156.11129760742188,0.0,0.0,0.0,0.0,0.0,0.0,0.0,0.6512064933776855,-0.8856531381607056,0.8829357624053955,-0.48354393243789673
25000,15478.462016105652,23000,0.27105932809406913,0.9865384615384616,0.6107142857142858,1.9450119400847248,0.0,0.05161290322580645,0.14354066985645933,0.0,0.0,0.018596719950437546,0.018596719950437546,0.04833984375,0.04833984375,-0.614125927289327,0.0,0.0,0.0,0.0,0.0,0.0,0.0,0.0,0.0,0.0,0.0,0.0,0.0,0.0,0.0,0.0,0.0,0.0,0.0,0.0,0.0,0.0,0.0,0.0,159.89186096191406,159.42913818359375,2.912490129470825,0.0,0.061605822294950485,0.015082024037837982,168.22068786621094,0.08451404422521591,62.4203987121582,0.0,3.128624439239502,19.6200008392334,0.3115478754043579,11.471892356872559,0.0,1.3525404930114746,157.07859802246094,0.0,0.0,0.0,0.0,0.0,0.0,0.0,0.6420825719833374,-0.8816347718238831,0.9327751994132996,-0.47375303506851196
25200,15614.9164686203,23200,0.26897619625226166,0.9866412213740458,0.6171428571428572,1.950373275926464,0.0,0.09090909090909091,0.11926605504587157,0.0,0.0,0.017599640414118767,0.017599640414118767,0.047281901041666664,0.047281901041666664,-0.6108630696932474,0.0,0.0,0.0,0.0,0.0,0.0,0.0,0.0,0.0,0.0,0.0,0.0,0.0,0.0,0.0,0.0,0.0,0.0,0.0,0.0,0.0,0.0,0.0,0.0,149.174072265625,156.0558319091797,2.7512567043304443,0.0,0.05135943368077278,0.010713024064898491,157.30657958984375,0.09753954410552979,72.27032470703125,0.0,3.1050102710723877,19.6200008392334,0.3732096552848816,10.369757652282715,0.0,1.283018708229065,152.46170043945312,0.0,0.0,0.0,0.0,0.0,0.0,0.0,0.5828145742416382,-0.8916688561439514,0.7365117073059082,-0.4939180016517639
25400,15751.314381361008,23400,0.266924839057892,0.9867424242424242,0.6235714285714286,1.955211881523634,0.0,0.06451612903225806,0.17061611374407584,0.0,0.0,0.017804060131311417,0.017804060131311417,0.048258463541666664,0.048258463541666664,-0.6094021201133728,0.0,0.0,0.0,0.0,0.0,0.0,0.0,0.0,0.0,0.0,0.0,0.0,0.0,0.0,0.0,0.0,0.0,0.0,0.0,0.0,0.0,0.0,0.0,0.0,167.6102294921875,158.8022918701172,2.941092014312744,0.0,0.06528853625059128,0.01150584314018488,175.91319274902344,0.09502043575048447,92.09851837158203,0.0,3.118636131286621,19.6200008392334,0.2790364623069763,11.554729461669922,0.0,1.3692400455474854,156.33822631835938,0.0,0.0,0.0,0.0,0.0,0.0,0.0,0.6397170424461365,-0.8508895039558411,0.8638999462127686,-0.48041003942489624
25600,15899.161734580994,23600,0.26490453500041355,0.9868421052631579,0.63,1.9595787230750794,0.0,0.07051282051282051,0.15492957746478872,0.0,0.0,0.017805878072977066,0.017805878072977066,0.046793619791666664,0.046793619791666664,-0.6086584528287252,0.0,0.0,0.0,0.0,0.0,0.0,0.0,0.0,0.0,0.0,0.0,0.0,0.0,0.0,0.0,0.0,0.0,0.0,0.0,0.0,0.0,0.0,0.0,0.0,152.27001953125,157.64974975585938,2.566317319869995,0.0,0.052813950926065445,0.00965556688606739,160.46485900878906,0.08359887450933456,52.56132125854492,0.0,3.108611822128296,19.6200008392334,0.3040771782398224,10.18542194366455,0.0,1.2515599727630615,154.9060516357422,0.0,0.0,0.0,0.0,0.0,0.0,0.0,0.5650302171707153,-0.8713809251785278,0.79634690284729,-0.48317617177963257
25800,16036.30653333664,23800,0.2629145842500523,0.9869402985074627,0.6364285714285715,1.878519797575259,0.0,0.10897435897435898,0.13392857142857142,0.0,0.0,0.018043724820017815,0.018043724820017815,0.046142578125,0.046142578125,-0.6066281199455261,0.0,0.0,0.0,0.0,0.0,0.0,0.0,0.0,0.0,0.0,0.0,0.0,0.0,0.0,0.0,0.0,0.0,0.0,0.0,0.0,0.0,0.0,0.0,0.0,149.05593872070312,155.8481903076172,2.7211625576019287,0.0,0.049959179013967514,0.011562006548047066,157.1738739013672,0.09696269035339355,80.44337463378906,0.0,3.0886342525482178,19.6200008392334,0.27210289239883423,9.99946403503418,0.0,1.2590101957321167,153.14022827148438,0.0,0.0,0.0,0.0,0.0,0.0,0.0,0.5553334951400757,-0.8838331699371338,0.9319165945053101,-0.4776886999607086
26000,16173.128343820572,24000,0.26095430784951035,0.987037037037037,0.6428571428571429,1.8903641173116712,0.0,0.03821656050955414,0.11764705882352941,0.0,0.0,0.01831754669547081,0.01831754669547081,0.049479166666666664,0.049479166666666664,-0.6015438238779703,0.0,0.0,0.0,0.0,0.0,0.0,0.0,0.0,0.0,0.0,0.0,0.0,0.0,0.0,0.0,0.0,0.0,0.0,0.0,0.0,0.0,0.0,0.0,0.0,149.90184020996094,158.8494873046875,2.7499074935913086,0.0,0.06005339324474335,0.01549253799021244,158.18402099609375,0.07910759747028351,62.85869216918945,0.0,3.0866410732269287,19.6200008392334,0.2579915523529053,10.750385284423828,0.0,1.2863950729370117,154.86062622070312,0.0,0.0,0.0,0.0,0.0,0.0,0.0,0.6066043972969055,-0.8940161466598511,0.8901044130325317,-0.48536837100982666
26200,16309.750666856766,24200,0.25902304694155787,0.9871323529411765,0.6492857142857142,1.9010536158737834,0.0,0.0641025641025641,0.13761467889908258,0.0,0.0,0.018260175362229347,0.018260175362229347,0.046549479166666664,0.046549479166666664,-0.6088138421376547,0.0,0.0,0.0,0.0,0.0,0.0,0.0,0.0,0.0,0.0,0.0,0.0,0.0,0.0,0.0,0.0,0.0,0.0,0.0,0.0,0.0,0.0,0.0,0.0,146.97462463378906,155.50559997558594,2.8611676692962646,0.0,0.05257180705666542,0.009897377341985703,155.09156799316406,0.08756714314222336,41.64093780517578,0.0,3.070530652999878,19.6200008392334,0.24673666059970856,10.396105766296387,0.0,1.2853559255599976,152.9414520263672,0.0,0.0,0.0,0.0,0.0,0.0,0.0,0.6023094654083252,-0.9017887711524963,0.8611117601394653,-0.48178350925445557
26400,16446.501017332077,24400,0.2571201620306805,0.9872262773722628,0.6557142857142857,1.9107008883260894,0.0,0.03205128205128205,0.1,0.0,0.0,0.018077677115797997,0.018077677115797997,0.046956380208333336,0.046956380208333336,-0.6048384308815002,0.0,0.0,0.0,0.0,0.0,0.0,0.0,0.0,0.0,0.0,0.0,0.0,0.0,0.0,0.0,0.0,0.0,0.0,0.0,0.0,0.0,0.0,0.0,0.0,143.76394653320312,156.26280212402344,2.7228293418884277,0.0,0.049030132591724396,0.011476106941699982,151.90184020996094,0.08060029149055481,92.44235229492188,0.0,3.0853404998779297,19.6200008392334,0.28242188692092896,10.216461181640625,0.0,1.285736322402954,152.9453582763672,0.0,0.0,0.0,0.0,0.0,0.0,0.0,0.5938335657119751,-0.8735713362693787,0.8651864528656006,-0.4834723472595215
26600,16583.187960386276,24600,0.2552450322770236,0.9873188405797102,0.6621428571428573,1.9194075517142957,0.0,0.07051282051282051,0.13839285714285715,0.0,0.0,0.018293600529432297,0.018293600529432297,0.048583984375,0.048583984375,-0.5991860032081604,0.0,0.0,0.0,0.0,0.0,0.0,0.0,0.0,0.0,0.0,0.0,0.0,0.0,0.0,0.0,0.0,0.0,0.0,0.0,0.0,0.0,0.0,0.0,0.0,161.12327575683594,159.6847686767578,2.7571194171905518,0.0,0.0498184859752655,0.011610433459281921,169.4365234375,0.0996820330619812,42.097877502441406,0.0,3.1088149547576904,19.6200008392334,0.25007325410842896,10.886804580688477,0.0,1.3087968826293945,156.8641357421875,0.0,0.0,0.0,0.0,0.0,0.0,0.0,0.6105055809020996,-0.8941216468811035,0.8178057074546814,-0.4967436194419861
26800,16719.842301607132,24800,0.25339705482103553,0.987410071942446,0.6685714285714286,1.927265315422152,0.0,0.05128205128205128,0.12264150943396226,0.0,0.0,0.01728992722928524,0.01728992722928524,0.043294270833333336,0.043294270833333336,-0.6043304602305094,0.0,0.0,0.0,0.0,0.0,0.0,0.0,0.0,0.0,0.0,0.0,0.0,0.0,0.0,0.0,0.0,0.0,0.0,0.0,0.0,0.0,0.0,0.0,0.0,146.3782958984375,155.37088012695312,2.608783483505249,0.0,0.046193525195121765,0.01209086924791336,154.45753479003906,0.0762697383761406,47.755271911621094,0.0,3.075094223022461,19.6200008392334,0.24261882901191711,10.316885948181152,0.0,1.2740880250930786,152.3882293701172,0.0,0.0,0.0,0.0,0.0,0.0,0.0,0.5913301110267639,-0.8947885036468506,0.8530565500259399,-0.48131483793258667
27000,16856.37406039238,25000,0.25157564413720146,0.9875,0.675,1.934356947168492,0.0,0.07051282051282051,0.13679245283018868,0.0,0.0,0.01816774532198906,0.01816774532198906,0.047526041666666664,0.047526041666666664,-0.5970416069030762,0.0,0.0,0.0,0.0,0.0,0.0,0.0,0.0,0.0,0.0,0.0,0.0,0.0,0.0,0.0,0.0,0.0,0.0,0.0,0.0,0.0,0.0,0.0,0.0,169.7847900390625,159.50860595703125,2.8775651454925537,0.0,0.061003509908914566,0.013176992535591125,178.11293029785156,0.07656684517860413,72.02719116210938,0.0,3.1013333797454834,19.6200008392334,0.27554526925086975,11.73775577545166,0.0,1.3681689500808716,155.16587829589844,0.0,0.0,0.0,0.0,0.0,0.0,0.0,0.6620123982429504,-0.886999785900116,0.7509942054748535,-0.4736701548099518
27200,17005.36788392067,25200,0.24978023141549843,0.9875886524822695,0.6814285714285714,1.940757144819564,0.0,0.050955414012738856,0.12037037037037036,0.0,0.0,0.018409488722682,0.018409488722682,0.045328776041666664,0.045328776041666664,-0.6014436682065328,0.0,0.0,0.0,0.0,0.0,0.0,0.0,0.0,0.0,0.0,0.0,0.0,0.0,0.0,0.0,0.0,0.0,0.0,0.0,0.0,0.0,0.0,0.0,0.0,164.66726684570312,157.61428833007812,3.0133304595947266,0.0,0.05908014252781868,0.013056466355919838,172.9123077392578,0.08580785989761353,73.76482391357422,0.0,3.0826528072357178,19.6200008392334,0.2768310606479645,12.036627769470215,0.0,1.3951318264007568,153.2668914794922,0.0,0.0,0.0,0.0,0.0,0.0,0.0,0.6841071844100952,-0.8909813165664673,0.7606160640716553,-0.47601836919784546
27400,17143.040821313858,25400,0.24801026396910147,0.9876760563380281,0.6878571428571428,1.9465333231996564,0.0,0.07051282051282051,0.09251101321585903,0.0,0.0,0.018163524568080902,0.018163524568080902,0.044921875,0.044921875,-0.6031815807024637,0.0,0.0,0.0,0.0,0.0,0.0,0.0,0.0,0.0,0.0,0.0,0.0,0.0,0.0,0.0,0.0,0.0,0.0,0.0,0.0,0.0,0.0,0.0,0.0,159.85675048828125,153.7238311767578,2.8510079383850098,0.0,0.05724850669503212,0.012524130754172802,167.8890380859375,0.06994063407182693,62.09158706665039,0.0,3.07078218460083,19.6200008392334,0.25646159052848816,10.651323318481445,0.0,1.2975962162017822,151.87159729003906,0.0,0.0,0.0,0.0,0.0,0.0,0.0,0.6088402271270752,-0.8863475918769836,0.8128403425216675,-0.4783010482788086
27600,17280.57517528534,25600,0.246265204667138,0.9877622377622378,0.6942857142857143,1.8709963241876897,0.0,0.07051282051282051,0.1339712918660287,0.0,0.0,0.018735041841864586,0.018735041841864586,0.044840494791666664,0.044840494791666664,-0.5991547703742981,0.0,0.0,0.0,0.0,0.0,0.0,0.0,0.0,0.0,0.0,0.0,0.0,0.0,0.0,0.0,0.0,0.0,0.0,0.0,0.0,0.0,0.0,0.0,0.0,170.11045837402344,156.85704040527344,2.7223763465881348,0.0,0.0563255175948143,0.012145181186497211,178.28550720214844,0.07949609309434891,53.41303634643555,0.0,3.084146738052368,19.6200008392334,0.22894695401191711,10.208380699157715,0.0,1.2571393251419067,154.31280517578125,0.0,0.0,0.0,0.0,0.0,0.0,0.0,0.5640035271644592,-0.8926650881767273,0.6721855998039246,-0.4846653938293457
27800,17417.93198275566,25800,0.2445445313912066,0.9878472222222222,0.7007142857142857,1.88357418257939,0.0,0.09554140127388536,0.13658536585365855,0.0,0.0,0.018934136256575584,0.018934136256575584,0.045003255208333336,0.045003255208333336,-0.5953901410102844,0.0,0.0,0.0,0.0,0.0,0.0,0.0,0.0,0.0,0.0,0.0,0.0,0.0,0.0,0.0,0.0,0.0,0.0,0.0,0.0,0.0,0.0,0.0,0.0,164.71102905273438,155.39581298828125,2.6033174991607666,0.0,0.05202155560255051,0.0138612762093544,172.79733276367188,0.07084429264068604,59.14092254638672,0.0,3.050333261489868,19.6200008392334,0.22268880903720856,10.677992820739746,0.0,1.270851969718933,151.8756866455078,0.0,0.0,0.0,0.0,0.0,0.0,0.0,0.6343386769294739,-0.8719123005867004,0.7207262516021729,-0.468294620513916
28000,17555.11543059349,26000,0.2428477365145085,0.9879310344827587,0.7071428571428572,1.8949256997778994,0.0,0.05732484076433121,0.1619047619047619,0.0,0.0,0.018135203048586845,0.018135203048586845,0.047200520833333336,0.047200520833333336,-0.5968180894851685,0.0,0.0,0.0,0.0,0.0,0.0,0.0,0.0,0.0,0.0,0.0,0.0,0.0,0.0,0.0,0.0,0.0,0.0,0.0,0.0,0.0,0.0,0.0,0.0,153.68344116210938,151.9256591796875,2.873358964920044,0.0,0.05918017402291298,0.012592400424182415,161.63002014160156,0.07038766890764236,63.72496795654297,0.0,3.064774751663208,19.6200008392334,0.2753092646598816,11.020448684692383,0.0,1.3189654350280762,149.51644897460938,0.0,0.0,0.0,0.0,0.0,0.0,0.0,0.6163961291313171,-0.9264765977859497,0.8120648860931396,-0.4677395820617676
28200,17692.28121614456,26200,0.24117432640254974,0.988013698630137,0.7135714285714285,1.905170444049554,0.0,0.06369426751592357,0.12217194570135746,0.0,0.0,0.018152792006731033,0.018152792006731033,0.048583984375,0.048583984375,-0.5969497164090475,0.0,0.0,0.0,0.0,0.0,0.0,0.0,0.0,0.0,0.0,0.0,0.0,0.0,0.0,0.0,0.0,0.0,0.0,0.0,0.0,0.0,0.0,0.0,0.0,158.83934020996094,156.8626708984375,2.903268814086914,0.0,0.05261508375406265,0.014789999462664127,167.0298614501953,0.07482984662055969,43.51509094238281,0.0,3.079038143157959,19.6200008392334,0.24044597148895264,11.279172897338867,0.0,1.3289532661437988,154.64727783203125,0.0,0.0,0.0,0.0,0.0,0.0,0.0,0.6346271634101868,-0.899362325668335,0.7809641361236572,-0.46020251512527466
28400,17829.48647761345,26400,0.239523820934313,0.9880952380952381,0.7200000000000001,1.9144163257547226,0.0,0.025477707006369428,0.1261682242990654,0.0,0.0,0.01933213695883751,0.01933213695883751,0.046468098958333336,0.046468098958333336,-0.592933714389801,0.0,0.0,0.0,0.0,0.0,0.0,0.0,0.0,0.0,0.0,0.0,0.0,0.0,0.0,0.0,0.0,0.0,0.0,0.0,0.0,0.0,0.0,0.0,0.0,154.8094482421875,158.7906951904297,3.1463828086853027,0.0,0.05466734990477562,0.018861180171370506,163.1239471435547,0.08815576881170273,92.0785903930664,0.0,3.1007392406463623,19.6200008392334,0.2731364071369171,12.444238662719727,0.0,1.4432076215744019,155.4961395263672,0.0,0.0,0.0,0.0,0.0,0.0,0.0,0.6768438220024109,-0.8674379587173462,0.8197484016418457,-0.4437357783317566
28600,17978.53283548355,26600,0.23789575304298413,0.9881756756756757,0.7264285714285714,1.922760733993637,0.0,0.03225806451612903,0.15121951219512195,0.0,0.0,0.018303439021110535,0.018303439021110535,0.044596354166666664,0.044596354166666664,-0.5962706605593363,0.0,0.0,0.0,0.0,0.0,0.0,0.0,0.0,0.0,0.0,0.0,0.0,0.0,0.0,0.0,0.0,0.0,0.0,0.0,0.0,0.0,0.0,0.0,0.0,162.6251678466797,155.68057250976562,2.8727686405181885,0.0,0.05230441316962242,0.012938916683197021,170.75265502929688,0.07841476798057556,68.73075103759766,0.0,3.054277181625366,19.6200008392334,0.2391764521598816,11.347805976867676,0.0,1.3740947246551514,152.5883331298828,0.0,0.0,0.0,0.0,0.0,0.0,0.0,0.6654720306396484,-0.9256373047828674,0.7779033184051514,-0.47439002990722656
28800,18116.632643461227,26800,0.23628966827526016,0.988255033557047,0.7328571428571429,1.9302915624292574,0.0,0.05194805194805195,0.12903225806451613,0.0,0.0,0.01846001297235489,0.01846001297235489,0.04443359375,0.04443359375,-0.5938383539517721,0.0,0.0,0.0,0.0,0.0,0.0,0.0,0.0,0.0,0.0,0.0,0.0,0.0,0.0,0.0,0.0,0.0,0.0,0.0,0.0,0.0,0.0,0.0,0.0,161.55792236328125,157.7150421142578,3.026827096939087,0.0,0.05857264995574951,0.0153139503672719,169.80953979492188,0.11402438580989838,48.70071792602539,0.0,3.1060194969177246,19.6200008392334,0.2848307490348816,12.532939910888672,0.0,1.459473729133606,155.25819396972656,0.0,0.0,0.0,0.0,0.0,0.0,0.0,0.711830198764801,-0.9163289070129395,0.7508259415626526,-0.47639161348342896
29000,18254.35728931427,27000,0.23470512436841928,0.9883333333333333,0.7392857142857143,1.9370881350924047,0.0,0.045454545454545456,0.11711711711711711,0.0,0.0,0.01870875060558319,0.01870875060558319,0.043375651041666664,0.043375651041666664,-0.5985615054766337,0.0,0.0,0.0,0.0,0.0,0.0,0.0,0.0,0.0,0.0,0.0,0.0,0.0,0.0,0.0,0.0,0.0,0.0,0.0,0.0,0.0,0.0,0.0,0.0,166.8962860107422,156.5934295654297,2.892080307006836,0.0,0.05349861830472946,0.010009422898292542,175.07167053222656,0.11994247138500214,81.66226196289062,0.0,3.0945024490356445,19.6200008392334,0.2679687738418579,10.75831127166748,0.0,1.337996482849121,154.92376708984375,0.0,0.0,0.0,0.0,0.0,0.0,0.0,0.6384960412979126,-0.8890714645385742,0.5920337438583374,-0.48551082611083984
29200,18392.337126255035,27200,0.2331416908442573,0.9884105960264901,0.7457142857142858,1.9432220419208952,0.0,0.07142857142857142,0.11555555555555555,0.0,0.0,0.018958665430545807,0.018958665430545807,0.04345703125,0.04345703125,-0.5940796335538229,0.0,0.0,0.0,0.0,0.0,0.0,0.0,0.0,0.0,0.0,0.0,0.0,0.0,0.0,0.0,0.0,0.0,0.0,0.0,0.0,0.0,0.0,0.0,0.0,174.31851196289062,159.86550903320312,2.9489636421203613,0.0,0.06134753301739693,0.014176256954669952,182.67227172851562,0.0996420830488205,41.50653076171875,0.0,3.1128556728363037,19.6200008392334,0.26701661944389343,11.583844184875488,0.0,1.3737777471542358,157.9854278564453,0.0,0.0,0.0,0.0,0.0,0.0,0.0,0.6627837419509888,-0.894483745098114,0.6011873483657837,-0.4680786728858948
29400,18530.16963839531,27400,0.23159894861918842,0.9884868421052632,0.7521428571428572,1.948757892833608,0.0,0.07142857142857142,0.16019417475728157,0.0,0.0,0.01910497061908245,0.01910497061908245,0.046875,0.046875,-0.5916821559270223,0.0,0.0,0.0,0.0,0.0,0.0,0.0,0.0,0.0,0.0,0.0,0.0,0.0,0.0,0.0,0.0,0.0,0.0,0.0,0.0,0.0,0.0,0.0,0.0,158.46144104003906,155.8282470703125,2.8317697048187256,0.0,0.05462170019745827,0.013510314747691154,166.59471130371094,0.12489424645900726,64.88673400878906,0.0,3.0860588550567627,19.6200008392334,0.2673746943473816,11.308396339416504,0.0,1.3604053258895874,153.42677307128906,0.0,0.0,0.0,0.0,0.0,0.0,0.0,0.6273781657218933,-0.8569900989532471,0.7167302370071411,-0.4675142168998718
29600,18667.73942708969,27600,0.23007648962969154,0.988562091503268,0.7585714285714286,1.9537539982823313,0.0,0.0784313725490196,0.14285714285714285,0.0,0.0,0.018566040322184563,0.018566040322184563,0.046549479166666664,0.046549479166666664,-0.5910975535710653,0.0,0.0,0.0,0.0,0.0,0.0,0.0,0.0,0.0,0.0,0.0,0.0,0.0,0.0,0.0,0.0,0.0,0.0,0.0,0.0,0.0,0.0,0.0,0.0,156.3043670654297,153.95213317871094,2.627361536026001,0.0,0.055270031094551086,0.010234485380351543,164.3230438232422,0.0814199149608612,36.853759765625,0.0,3.0611867904663086,19.6200008392334,0.2503499388694763,10.733588218688965,0.0,1.2938624620437622,151.56520080566406,0.0,0.0,0.0,0.0,0.0,0.0,0.0,0.6125363707542419,-0.8632679581642151,0.6816819906234741,-0.48006802797317505
29800,18805.124245882034,27800,0.22857391647245487,0.9886363636363636,0.765,1.958262983449804,0.0,0.06535947712418301,0.16666666666666666,0.0,0.0,0.01870059221982956,0.01870059221982956,0.045003255208333336,0.045003255208333336,-0.5918074051539103,0.0,0.0,0.0,0.0,0.0,0.0,0.0,0.0,0.0,0.0,0.0,0.0,0.0,0.0,0.0,0.0,0.0,0.0,0.0,0.0,0.0,0.0,0.0,0.0,151.33522033691406,155.13067626953125,2.7083375453948975,0.0,0.047618232667446136,0.011247891932725906,159.41357421875,0.10751840472221375,87.33094787597656,0.0,3.064483880996704,19.6200008392334,0.23963217437267303,11.284547805786133,0.0,1.3275620937347412,152.48837280273438,0.0,0.0,0.0,0.0,0.0,0.0,0.0,0.6469167470932007,-0.9209677577018738,0.7387670874595642,-0.4877663850784302
30000,18942.643644809723,28000,0.22709084205851568,0.9887096774193549,0.7714285714285714,1.962332342563448,0.0,0.05228758169934641,0.18779342723004694,0.0,0.0,0.018808411434292793,0.018808411434292793,0.045979817708333336,0.045979817708333336,-0.5835057099660238,0.0,0.0,0.0,0.0,0.0,0.0,0.0,0.0,0.0,0.0,0.0,0.0,0.0,0.0,0.0,0.0,0.0,0.0,0.0,0.0,0.0,0.0,0.0,0.0,148.63026428222656,157.10374450683594,2.898855686187744,0.0,0.05708644539117813,0.01838785782456398,156.83795166015625,0.07507491111755371,31.490755081176758,0.0,3.0757856369018555,19.6200008392334,0.2630859613418579,12.155304908752441,0.0,1.387999176979065,153.95877075195312,0.0,0.0,0.0,0.0,0.0,0.0,0.0,0.693263590335846,-0.9007793664932251,0.813292384147644,-0.46849602460861206
30200,19091.932632684708,28200,0.2256268892807962,0.9887820512820513,0.7778571428571429,1.966004939163512,0.0,0.032679738562091505,0.14883720930232558,0.0,0.0,0.018929850310087204,0.018929850310087204,0.047200520833333336,0.047200520833333336,-0.5832962592442831,0.0,0.0,0.0,0.0,0.0,0.0,0.0,0.0,0.0,0.0,0.0,0.0,0.0,0.0,0.0,0.0,0.0,0.0,0.0,0.0,0.0,0.0,0.0,0.0,143.64707946777344,151.1686553955078,2.8546016216278076,0.0,0.0517585389316082,0.015729118138551712,151.5474395751953,0.08902961015701294,107.88369750976562,0.0,3.039008140563965,19.6200008392334,0.2511637508869171,11.384029388427734,0.0,1.3486552238464355,148.5974578857422,0.0,0.0,0.0,0.0,0.0,0.0,0.0,0.6753259301185608,-0.8934577107429504,0.7397337555885315,-0.46829894185066223
30400,19230.082167863846,28400,0.2241816906943993,0.9888535031847133,0.7842857142857144,1.9693194575950694,0.0,0.05228758169934641,0.08444444444444445,0.0,0.0,0.018211252987384796,0.018211252987384796,0.044270833333333336,0.044270833333333336,-0.5867176055908203,0.0,0.0,0.0,0.0,0.0,0.0,0.0,0.0,0.0,0.0,0.0,0.0,0.0,0.0,0.0,0.0,0.0,0.0,0.0,0.0,0.0,0.0,0.0,0.0,155.74642944335938,158.0862274169922,2.8588056564331055,0.0,0.05236242339015007,0.014287387020885944,163.99327087402344,0.08067111670970917,82.00096130371094,0.0,3.0968713760375977,19.6200008392334,0.27101239562034607,12.01701545715332,0.0,1.3732872009277344,155.25967407226562,0.0,0.0,0.0,0.0,0.0,0.0,0.0,0.7167985439300537,-0.9220519065856934,0.8239757418632507,-0.4824357032775879
30600,19367.727425575256,28600,0.22275488820911743,0.9889240506329114,0.7907142857142857,1.9723108104795504,0.0,0.0392156862745098,0.15492957746478872,0.0,0.0,0.019037995487451553,0.019037995487451553,0.046468098958333336,0.046468098958333336,-0.5837687452634176,0.0,0.0,0.0,0.0,0.0,0.0,0.0,0.0,0.0,0.0,0.0,0.0,0.0,0.0,0.0,0.0,0.0,0.0,0.0,0.0,0.0,0.0,0.0,0.0,151.33029174804688,156.9176483154297,2.7156147956848145,0.0,0.052650026977062225,0.01690119504928589,159.5054473876953,0.0905606672167778,67.82635498046875,0.0,3.0697903633117676,19.6200008392334,0.2349853664636612,10.894974708557129,0.0,1.2892321348190308,155.03797912597656,0.0,0.0,0.0,0.0,0.0,0.0,0.0,0.589552104473114,-0.8906630873680115,0.767479658126831,-0.4582553505897522
30800,19505.483635902405,28800,0.22134613279363344,0.9889937106918238,0.7971428571428572,1.975010506457794,0.0,0.05921052631578947,0.12217194570135746,0.0,0.0,0.018215781077742577,0.018215781077742577,0.043294270833333336,0.043294270833333336,-0.5886375506718954,0.0,0.0,0.0,0.0,0.0,0.0,0.0,0.0,0.0,0.0,0.0,0.0,0.0,0.0,0.0,0.0,0.0,0.0,0.0,0.0,0.0,0.0,0.0,0.0,158.233642578125,155.7433624267578,2.7594964504241943,0.0,0.056160058826208115,0.013088203966617584,166.3568572998047,0.08100547641515732,42.12763214111328,0.0,3.080632448196411,19.6200008392334,0.24740397930145264,10.910411834716797,0.0,1.3099960088729858,153.80511474609375,0.0,0.0,0.0,0.0,0.0,0.0,0.0,0.6239823698997498,-0.8693501949310303,0.6803286671638489,-0.473183810710907
31000,19643.328659057617,29000,0.21995508419082796,0.9890625,0.8035714285714286,1.9774469820781593,0.0,0.0915032679738562,0.12962962962962962,0.0,0.0,0.018356578424572945,0.018356578424572945,0.048583984375,0.048583984375,-0.5811892151832581,0.0,0.0,0.0,0.0,0.0,0.0,0.0,0.0,0.0,0.0,0.0,0.0,0.0,0.0,0.0,0.0,0.0,0.0,0.0,0.0,0.0,0.0,0.0,0.0,150.1978759765625,154.98489379882812,2.6933341026306152,0.0,0.0580081008374691,0.013329568319022655,158.27845764160156,0.08600439131259918,76.67559814453125,0.0,3.0597076416015625,19.6200008392334,0.23686525225639343,11.077710151672363,0.0,1.3051855564117432,152.56683349609375,0.0,0.0,0.0,0.0,0.0,0.0,0.0,0.6056267023086548,-0.8996022939682007,0.6797497272491455,-0.4725780785083771
31200,19781.44117283821,29200,0.21858141064380632,0.9891304347826086,0.81,1.9796459013255387,0.0,0.0718954248366013,0.1493212669683258,0.0,0.0,0.01737450435757637,0.01737450435757637,0.044026692708333336,0.044026692708333336,-0.5834193030993143,0.0,0.0,0.0,0.0,0.0,0.0,0.0,0.0,0.0,0.0,0.0,0.0,0.0,0.0,0.0,0.0,0.0,0.0,0.0,0.0,0.0,0.0,0.0,0.0,151.47018432617188,155.44900512695312,2.666215658187866,0.0,0.05805710703134537,0.014316733926534653,159.57159423828125,0.06848199665546417,69.00113677978516,0.0,3.061246395111084,19.6200008392334,0.2381429225206375,10.92546558380127,0.0,1.293254017829895,153.17344665527344,0.0,0.0,0.0,0.0,0.0,0.0,0.0,0.6294885277748108,-0.9037653207778931,0.6728785634040833,-0.4626597762107849
31400,19919.260942935944,29400,0.21722478863209405,0.9891975308641975,0.8164285714285714,1.9816304259462987,0.0,0.09803921568627451,0.13636363636363635,0.0,0.0,0.0197734497487545,0.0197734497487545,0.047526041666666664,0.047526041666666664,-0.5791447559992472,0.0,0.0,0.0,0.0,0.0,0.0,0.0,0.0,0.0,0.0,0.0,0.0,0.0,0.0,0.0,0.0,0.0,0.0,0.0,0.0,0.0,0.0,0.0,0.0,166.516357421875,154.34451293945312,2.8264763355255127,0.0,0.05978577956557274,0.013555658981204033,174.58009338378906,0.07654920965433121,100.5476303100586,0.0,3.05914568901062,19.6200008392334,0.27271324396133423,11.57174301147461,0.0,1.3550480604171753,151.14100646972656,0.0,0.0,0.0,0.0,0.0,0.0,0.0,0.6791474223136902,-0.8744682669639587,0.7275995016098022,-0.4743519425392151
31600,20068.228293180466,29600,0.21588490261761023,0.9892638036809815,0.8228571428571428,1.9834214594165345,0.0,0.09868421052631579,0.13452914798206278,0.0,0.0,0.018188761547207832,0.018188761547207832,0.045735677083333336,0.045735677083333336,-0.5820836424827576,0.0,0.0,0.0,0.0,0.0,0.0,0.0,0.0,0.0,0.0,0.0,0.0,0.0,0.0,0.0,0.0,0.0,0.0,0.0,0.0,0.0,0.0,0.0,0.0,163.74765014648438,156.43777465820312,2.7911252975463867,0.0,0.058677807450294495,0.015034153126180172,171.91184997558594,0.08663801848888397,48.198020935058594,0.0,3.062498092651367,19.6200008392334,0.251953125,12.460177421569824,0.0,1.395546317100525,153.2918701171875,0.0,0.0,0.0,0.0,0.0,0.0,0.0,0.7510560750961304,-0.9087393879890442,0.6454668045043945,-0.4725930690765381
31800,20206.751242876053,29800,0.21456144479998,0.989329268292683,0.8292857142857143,1.9850378671234223,0.0,0.046357615894039736,0.16666666666666666,0.0,0.0,0.019254609942436218,0.019254609942436218,0.0439453125,0.0439453125,-0.5824219187100729,0.0,0.0,0.0,0.0,0.0,0.0,0.0,0.0,0.0,0.0,0.0,0.0,0.0,0.0,0.0,0.0,0.0,0.0,0.0,0.0,0.0,0.0,0.0,0.0,162.9638671875,158.35345458984375,2.805443525314331,0.0,0.06071189418435097,0.017321739345788956,171.22801208496094,0.07763917744159698,61.169525146484375,0.0,3.1073174476623535,19.6200008392334,0.2811116576194763,11.425223350524902,0.0,1.3444654941558838,155.7930450439453,0.0,0.0,0.0,0.0,0.0,0.0,0.0,0.6462005376815796,-0.8719204068183899,0.6429741382598877,-0.46607330441474915
32000,20344.861077070236,30000,0.2132541148808036,0.9893939393939394,0.8357142857142857,1.9864966750788886,0.0,0.039735099337748346,0.1291866028708134,0.0,0.0,0.01814788021147251,0.01814788021147251,0.044108072916666664,0.044108072916666664,-0.5802640120188395,0.0,0.0,0.0,0.0,0.0,0.0,0.0,0.0,0.0,0.0,0.0,0.0,0.0,0.0,0.0,0.0,0.0,0.0,0.0,0.0,0.0,0.0,0.0,0.0,158.52642822265625,157.38421630859375,2.93780255317688,0.0,0.06615769863128662,0.01755587011575699,166.76084899902344,0.06903808563947678,58.87732696533203,0.0,3.0895273685455322,19.6200008392334,0.24860027432441711,11.827932357788086,0.0,1.379372477531433,155.1378936767578,0.0,0.0,0.0,0.0,0.0,0.0,0.0,0.6760753989219666,-0.8837627172470093,0.7943128347396851,-0.46137741208076477
32200,20483.223343610764,30200,0.2119626198364672,0.9894578313253012,0.8421428571428572,1.987813249258697,0.0,0.052980132450331126,0.14953271028037382,0.0,0.0,0.017560116946697235,0.017560116946697235,0.039225260416666664,0.039225260416666664,-0.5797138810157776,0.0,0.0,0.0,0.0,0.0,0.0,0.0,0.0,0.0,0.0,0.0,0.0,0.0,0.0,0.0,0.0,0.0,0.0,0.0,0.0,0.0,0.0,0.0,0.0,162.10797119140625,157.37777709960938,2.7800183296203613,0.0,0.057655058801174164,0.012920081615447998,170.31639099121094,0.08488257974386215,39.810726165771484,0.0,3.0829129219055176,19.6200008392334,0.23509930074214935,10.687592506408691,0.0,1.311508297920227,154.5179443359375,0.0,0.0,0.0,0.0,0.0,0.0,0.0,0.5970446467399597,-0.8912046551704407,0.6148770451545715,-0.47000062465667725
32400,20621.71454668045,30400,0.21068667369918878,0.9895209580838323,0.8485714285714285,1.989001457455974,0.0,0.06622516556291391,0.1111111111111111,0.0,0.0,0.018241016194224358,0.018241016194224358,0.044514973958333336,0.044514973958333336,-0.5753492911656698,0.0,0.0,0.0,0.0,0.0,0.0,0.0,0.0,0.0,0.0,0.0,0.0,0.0,0.0,0.0,0.0,0.0,0.0,0.0,0.0,0.0,0.0,0.0,0.0,155.0647430419922,155.77142333984375,2.66589617729187,0.0,0.05143914371728897,0.011157795786857605,163.1746826171875,0.10079646110534668,71.05819702148438,0.0,3.074446678161621,19.6200008392334,0.23210451006889343,9.872498512268066,0.0,1.2537221908569336,153.65792846679688,0.0,0.0,0.0,0.0,0.0,0.0,0.0,0.5631211400032043,-0.8884090185165405,0.6017498970031738,-0.4714152216911316
32600,20759.936361312866,30600,0.2094259973459073,0.9895833333333334,0.855,1.9900738153540165,0.0,0.02666666666666667,0.1095890410958904,0.0,0.0,0.01786968857049942,0.01786968857049942,0.043375651041666664,0.043375651041666664,-0.5755725304285685,0.0,0.0,0.0,0.0,0.0,0.0,0.0,0.0,0.0,0.0,0.0,0.0,0.0,0.0,0.0,0.0,0.0,0.0,0.0,0.0,0.0,0.0,0.0,0.0,152.54747009277344,156.84112548828125,2.594700813293457,0.0,0.05261560156941414,0.01104460284113884,160.70492553710938,0.0743376761674881,46.16883087158203,0.0,3.092135190963745,19.6200008392334,0.23276367783546448,9.431632041931152,0.0,1.2435122728347778,154.2984161376953,0.0,0.0,0.0,0.0,0.0,0.0,0.0,0.5224540829658508,-0.844247579574585,0.8139452934265137,-0.4513145685195923
32800,20897.97818350792,30800,0.20818031829471276,0.9896449704142012,0.8614285714285714,1.9910416183569999,0.0,0.05333333333333334,0.17370892018779344,0.0,0.0,0.01884736306965351,0.01884736306965351,0.044514973958333336,0.044514973958333336,-0.5753249923388163,0.0,0.0,0.0,0.0,0.0,0.0,0.0,0.0,0.0,0.0,0.0,0.0,0.0,0.0,0.0,0.0,0.0,0.0,0.0,0.0,0.0,0.0,0.0,0.0,143.31991577148438,153.86953735351562,2.3668668270111084,0.0,0.04725261405110359,0.009346132166683674,151.30014038085938,0.07380335032939911,158.80343627929688,0.0,3.0712571144104004,19.6200008392334,0.23829753696918488,9.143586158752441,0.0,1.1821022033691406,151.76889038085938,0.0,0.0,0.0,0.0,0.0,0.0,0.0,0.5149953365325928,-0.9017032384872437,0.5783257484436035,-0.4758596420288086
33000,21036.057209014893,31000,0.2069493705084908,0.9897058823529412,0.8678571428571429,1.9919150605671925,0.0,0.07333333333333333,0.13302752293577982,0.0,0.0,0.018453653901815414,0.018453653901815414,0.044514973958333336,0.044514973958333336,-0.5698674519856771,0.0,0.0,0.0,0.0,0.0,0.0,0.0,0.0,0.0,0.0,0.0,0.0,0.0,0.0,0.0,0.0,0.0,0.0,0.0,0.0,0.0,0.0,0.0,0.0,138.33535766601562,155.8472442626953,2.3624143600463867,0.0,0.04740716144442558,0.012460339814424515,146.41510009765625,0.07180818915367126,53.75142288208008,0.0,3.069308042526245,19.6200008392334,0.22299805283546448,9.514656066894531,0.0,1.1926180124282837,152.8756103515625,0.0,0.0,0.0,0.0,0.0,0.0,0.0,0.5272438526153564,-0.8698563575744629,0.7639402151107788,-0.4641990065574646
33200,21186.203817605972,31200,0.20573289420550853,0.9897660818713451,0.8742857142857143,1.9927033421618912,0.0,0.05333333333333334,0.13875598086124402,0.0,0.0,0.018195517361164093,0.018195517361164093,0.044596354166666664,0.044596354166666664,-0.5725084543228149,0.0,0.0,0.0,0.0,0.0,0.0,0.0,0.0,0.0,0.0,0.0,0.0,0.0,0.0,0.0,0.0,0.0,0.0,0.0,0.0,0.0,0.0,0.0,0.0,140.36370849609375,155.36558532714844,2.482398748397827,0.0,0.04248504340648651,0.01331973448395729,148.4267120361328,0.07571333646774292,47.81776428222656,0.0,3.095365524291992,19.6200008392334,0.23573406040668488,9.356833457946777,0.0,1.2190457582473755,153.21319580078125,0.0,0.0,0.0,0.0,0.0,0.0,0.0,0.5247775316238403,-0.8579663038253784,0.6028498411178589,-0.4661771059036255
33400,21325.136987686157,31400,0.20453063567662624,0.9898255813953488,0.8807142857142857,1.9934147663011068,0.0,0.046357615894039736,0.16355140186915887,0.0,0.0,0.0183752179145813,0.0183752179145813,0.042236328125,0.042236328125,-0.5771457155545553,0.0,0.0,0.0,0.0,0.0,0.0,0.0,0.0,0.0,0.0,0.0,0.0,0.0,0.0,0.0,0.0,0.0,0.0,0.0,0.0,0.0,0.0,0.0,0.0,159.2110137939453,156.02932739257812,2.779500961303711,0.0,0.051562100648880005,0.010369861498475075,167.34510803222656,0.08133326470851898,64.93844604492188,0.0,3.0772438049316406,19.6200008392334,0.2381184995174408,10.966704368591309,0.0,1.3172913789749146,153.19479370117188,0.0,0.0,0.0,0.0,0.0,0.0,0.0,0.6276900768280029,-0.8431113958358765,0.666120707988739,-0.47599005699157715
33600,21463.91691660881,31600,0.20334234710888624,0.9898843930635838,0.8871428571428572,1.9940568265867489,0.0,0.059602649006622516,0.13744075829383887,0.0,0.0,0.01838548481464386,0.01838548481464386,0.04345703125,0.04345703125,-0.5731040636698405,0.0,0.0,0.0,0.0,0.0,0.0,0.0,0.0,0.0,0.0,0.0,0.0,0.0,0.0,0.0,0.0,0.0,0.0,0.0,0.0,0.0,0.0,0.0,0.0,149.38958740234375,157.0762481689453,2.8450112342834473,0.0,0.05579618737101555,0.019426843151450157,157.5895233154297,0.09155787527561188,43.48062515258789,0.0,3.091200828552246,19.6200008392334,0.2447509914636612,11.780386924743652,0.0,1.3789293766021729,154.10379028320312,0.0,0.0,0.0,0.0,0.0,0.0,0.0,0.6607889533042908,-0.8398241996765137,0.7270219326019287,-0.4475709795951843
33800,21602.485899448395,31800,0.2021677864152221,0.9899425287356322,0.8935714285714286,1.994636285994541,0.0,0.07894736842105263,0.10849056603773585,0.0,0.0,0.017871689051389694,0.017871689051389694,0.041178385416666664,0.041178385416666664,-0.5718786517779032,0.0,0.0,0.0,0.0,0.0,0.0,0.0,0.0,0.0,0.0,0.0,0.0,0.0,0.0,0.0,0.0,0.0,0.0,0.0,0.0,0.0,0.0,0.0,0.0,167.43983459472656,156.8168182373047,2.5762717723846436,0.0,0.05476560443639755,0.013535927049815655,175.5971221923828,0.07071876525878906,46.2601432800293,0.0,3.0820789337158203,19.6200008392334,0.23566082119941711,10.22828197479248,0.0,1.2606282234191895,154.4625701904297,0.0,0.0,0.0,0.0,0.0,0.0,0.0,0.5894376635551453,-0.8518224954605103,0.6508554816246033,-0.4609769582748413
34000,21741.578265190125,32000,0.201006717070029,0.99,0.9,1.9951592481100733,0.0,0.08609271523178808,0.1574074074074074,0.0,0.0,0.018212713301181793,0.018212713301181793,0.0439453125,0.0439453125,-0.5695110758145651,0.0,0.0,0.0,0.0,0.0,0.0,0.0,0.0,0.0,0.0,0.0,0.0,0.0,0.0,0.0,0.0,0.0,0.0,0.0,0.0,0.0,0.0,0.0,0.0,154.44296264648438,156.07130432128906,2.703984022140503,0.0,0.05761289224028587,0.015954483300447464,162.57933044433594,0.07225656509399414,48.45025634765625,0.0,3.077864170074463,19.6200008392334,0.26958009600639343,11.615333557128906,0.0,1.3589591979980469,152.39920043945312,0.0,0.0,0.0,0.0,0.0,0.0,0.0,0.6700615882873535,-0.8707333207130432,0.7497035264968872,-0.4615855813026428
34200,21879.961688518524,32200,0.19723154914327828,0.9901868884502013,0.9,1.995631221419341,0.0,0.05921052631578947,0.1598173515981735,0.0,0.0,0.01832304149866104,0.01832304149866104,0.042317708333333336,0.042317708333333336,-0.5693910717964172,0.0,0.0,0.0,0.0,0.0,0.0,0.0,0.0,0.0,0.0,0.0,0.0,0.0,0.0,0.0,0.0,0.0,0.0,0.0,0.0,0.0,0.0,0.0,0.0,161.16281127929688,155.8852996826172,2.767153739929199,0.0,0.05618325248360634,0.013887649402022362,169.2941436767578,0.08026979863643646,132.037109375,0.0,3.0915794372558594,19.6200008392334,0.2694742977619171,11.120919227600098,0.0,1.3426408767700195,153.36024475097656,0.0,0.0,0.0,0.0,0.0,0.0,0.0,0.6500188708305359,-0.855441689491272,0.6139642000198364,-0.47437596321105957
34400,22018.486934661865,32400,0.19345638121652756,0.9903738121804965,0.9,1.9960571773309552,0.0,0.05921052631578947,0.10810810810810811,0.0,0.0,0.019173454493284225,0.019173454493284225,0.043212890625,0.043212890625,-0.5681283672650655,0.0,0.0,0.0,0.0,0.0,0.0,0.0,0.0,0.0,0.0,0.0,0.0,0.0,0.0,0.0,0.0,0.0,0.0,0.0,0.0,0.0,0.0,0.0,0.0,153.80897521972656,155.63265991210938,2.6720352172851562,0.0,0.0501241497695446,0.014413492754101753,161.91224670410156,0.08663853257894516,51.13388442993164,0.0,3.0662498474121094,19.6200008392334,0.23610027134418488,10.388171195983887,0.0,1.26699697971344,153.6578369140625,0.0,0.0,0.0,0.0,0.0,0.0,0.0,0.6210939288139343,-0.8422698974609375,0.6519482135772705,-0.44213971495628357
34600,22168.498749017715,32600,0.18968121328977683,0.9905607711975453,0.9,1.996441602541187,0.0,0.039473684210526314,0.14285714285714285,0.0,0.0,0.01847796142101288,0.01847796142101288,0.045491536458333336,0.045491536458333336,-0.5628131031990051,0.0,0.0,0.0,0.0,0.0,0.0,0.0,0.0,0.0,0.0,0.0,0.0,0.0,0.0,0.0,0.0,0.0,0.0,0.0,0.0,0.0,0.0,0.0,0.0,155.16421508789062,157.9813690185547,2.4175126552581787,0.0,0.048437438905239105,0.013553057797253132,163.35751342773438,0.07946150004863739,41.26329803466797,0.0,3.1056363582611084,19.6200008392334,0.24846193194389343,10.195695877075195,0.0,1.2412643432617188,155.95408630371094,0.0,0.0,0.0,0.0,0.0,0.0,0.0,0.5895870923995972,-0.8541115522384644,0.704616904258728,-0.4596969485282898
34800,22307.747710704803,32800,0.1859060453630261,0.9907477655080094,0.9,1.9967885462934212,0.0,0.0784313725490196,0.1320754716981132,0.0,0.0,0.018331823870539665,0.018331823870539665,0.043782552083333336,0.043782552083333336,-0.5671929518381754,0.0,0.0,0.0,0.0,0.0,0.0,0.0,0.0,0.0,0.0,0.0,0.0,0.0,0.0,0.0,0.0,0.0,0.0,0.0,0.0,0.0,0.0,0.0,0.0,150.6367950439453,155.59173583984375,2.531893491744995,0.0,0.04397294297814369,0.010809851810336113,158.716796875,0.09751681983470917,37.90272903442383,0.0,3.0575332641601562,19.6200008392334,0.2120768278837204,10.102502822875977,0.0,1.2300246953964233,152.88148498535156,0.0,0.0,0.0,0.0,0.0,0.0,0.0,0.5671933889389038,-0.8753178119659424,0.6691840887069702,-0.466244101524353
35000,22446.633628606796,33000,0.18213087743627537,0.990934795118551,0.9,1.9163516630298123,0.0,0.05194805194805195,0.13215859030837004,0.0,0.0,0.019987883046269417,0.019987883046269417,0.043782552083333336,0.043782552083333336,-0.5596316258112589,0.0,0.0,0.0,0.0,0.0,0.0,0.0,0.0,0.0,0.0,0.0,0.0,0.0,0.0,0.0,0.0,0.0,0.0,0.0,0.0,0.0,0.0,0.0,0.0,139.78396606445312,151.55665588378906,2.2201106548309326,0.0,0.041811954230070114,0.012186432257294655,147.62928771972656,0.0858628898859024,57.494171142578125,0.0,3.042680025100708,19.6200008392334,0.20936687290668488,8.62662410736084,0.0,1.1221678256988525,149.85736083984375,0.0,0.0,0.0,0.0,0.0,0.0,0.0,0.4872230887413025,-0.8595152497291565,0.7773820161819458,-0.44551795721054077
35200,22585.357217788696,33200,0.17835570950952467,0.991121860035834,0.9,1.9245073758844056,0.0,0.09090909090909091,0.15,0.0,0.0,0.018319174647331238,0.018319174647331238,0.041666666666666664,0.041666666666666664,-0.5633995532989502,0.0,0.0,0.0,0.0,0.0,0.0,0.0,0.0,0.0,0.0,0.0,0.0,0.0,0.0,0.0,0.0,0.0,0.0,0.0,0.0,0.0,0.0,0.0,0.0,154.45303344726562,154.9240264892578,2.5387983322143555,0.0,0.04544052481651306,0.010081179440021515,162.50157165527344,0.075737863779068,75.12916564941406,0.0,3.0494959354400635,19.6200008392334,0.21083985269069672,10.195160865783691,0.0,1.2173343896865845,152.7422332763672,0.0,0.0,0.0,0.0,0.0,0.0,0.0,0.6179401278495789,-0.8240203857421875,0.6622228622436523,-0.4436931014060974
35400,22724.178355932236,33400,0.17458054158277395,0.9913089602665237,0.9,1.931867906735676,0.0,0.045454545454545456,0.13425925925925927,0.0,0.0,0.01858830824494362,0.01858830824494362,0.043050130208333336,0.043050130208333336,-0.5609477957089742,0.0,0.0,0.0,0.0,0.0,0.0,0.0,0.0,0.0,0.0,0.0,0.0,0.0,0.0,0.0,0.0,0.0,0.0,0.0,0.0,0.0,0.0,0.0,0.0,146.978759765625,156.4796142578125,2.494560480117798,0.0,0.04497169703245163,0.012571081519126892,155.10092163085938,0.08003487437963486,101.78996276855469,0.0,3.073148727416992,19.6200008392334,0.22250977158546448,10.135883331298828,0.0,1.2177565097808838,153.63259887695312,0.0,0.0,0.0,0.0,0.0,0.0,0.0,0.5750786662101746,-0.7946712970733643,0.7461498975753784,-0.44808608293533325
35600,22862.97173690796,33600,0.17080537365602322,0.9914960958172863,0.9,1.9385107858289476,0.0,0.09740259740259741,0.13023255813953488,0.0,0.0,0.01866341382265091,0.01866341382265091,0.04296875,0.04296875,-0.5580400029818217,0.0,0.0,0.0,0.0,0.0,0.0,0.0,0.0,0.0,0.0,0.0,0.0,0.0,0.0,0.0,0.0,0.0,0.0,0.0,0.0,0.0,0.0,0.0,0.0,160.8133544921875,158.0796661376953,2.6537418365478516,0.0,0.048545870929956436,0.011902058497071266,169.0348358154297,0.08099359273910522,48.82496643066406,0.0,3.105959177017212,19.6200008392334,0.2317301481962204,10.364533424377441,0.0,1.252007007598877,156.09815979003906,0.0,0.0,0.0,0.0,0.0,0.0,0.0,0.549827516078949,-0.8170454502105713,0.5493060350418091,-0.4437984824180603
35800,23001.97550559044,33800,0.1670302057292725,0.9916832666947892,0.9,1.9445059842106254,0.0,0.05194805194805195,0.09821428571428571,0.0,0.0,0.01871301606297493,0.01871301606297493,0.044677734375,0.044677734375,-0.554091195265452,0.0,0.0,0.0,0.0,0.0,0.0,0.0,0.0,0.0,0.0,0.0,0.0,0.0,0.0,0.0,0.0,0.0,0.0,0.0,0.0,0.0,0.0,0.0,0.0,148.99307250976562,153.09796142578125,2.4347317218780518,0.0,0.04563918337225914,0.01276964507997036,156.94090270996094,0.07673481106758118,58.70942306518555,0.0,3.059662103652954,19.6200008392334,0.22203777730464935,10.150632858276367,0.0,1.2217763662338257,150.50363159179688,0.0,0.0,0.0,0.0,0.0,0.0,0.0,0.5920848250389099,-0.8219149112701416,0.6296607255935669,-0.4364556074142456
36000,23140.73897600174,34000,0.16325503780252176,0.9918704729057016,0.9,1.9499166507500894,0.0,0.08441558441558442,0.1210762331838565,0.0,0.0,0.019734017550945282,0.019734017550945282,0.045979817708333336,0.045979817708333336,-0.5503146449724833,0.0,0.0,0.0,0.0,0.0,0.0,0.0,0.0,0.0,0.0,0.0,0.0,0.0,0.0,0.0,0.0,0.0,0.0,0.0,0.0,0.0,0.0,0.0,0.0,148.54757690429688,154.9974822998047,2.773284912109375,0.0,0.055989738553762436,0.014904803596436977,156.63523864746094,0.10347157716751099,42.3262825012207,0.0,3.054475784301758,19.6200008392334,0.2336425930261612,11.207837104797363,0.0,1.2996575832366943,151.92001342773438,0.0,0.0,0.0,0.0,0.0,0.0,0.0,0.6693075299263,-0.8546745777130127,0.5380911827087402,-0.44844621419906616
36200,23291.569673776627,34200,0.15947986987577104,0.9920577144566933,0.9,1.8740497773019553,0.0,0.07142857142857142,0.11363636363636363,0.0,0.0,0.0186457522213459,0.0186457522213459,0.04150390625,0.04150390625,-0.5546497305234274,0.0,0.0,0.0,0.0,0.0,0.0,0.0,0.0,0.0,0.0,0.0,0.0,0.0,0.0,0.0,0.0,0.0,0.0,0.0,0.0,0.0,0.0,0.0,0.0,159.72308349609375,157.4359130859375,2.6050362586975098,0.0,0.047824352979660034,0.009769052267074585,167.9061279296875,0.08607016503810883,54.165096282958984,0.0,3.107968330383301,19.6200008392334,0.22679851949214935,9.430489540100098,0.0,1.214360237121582,155.54000854492188,0.0,0.0,0.0,0.0,0.0,0.0,0.0,0.5228409767150879,-0.8378616571426392,0.540662407875061,-0.4435012936592102
36400,23431.249846935272,34400,0.1557047019490203,0.9922449913544359,0.9,1.8013299240150145,0.0,0.11038961038961038,0.125,0.0,0.0,0.019415728747844696,0.019415728747844696,0.044759114583333336,0.044759114583333336,-0.544965386390686,0.0,0.0,0.0,0.0,0.0,0.0,0.0,0.0,0.0,0.0,0.0,0.0,0.0,0.0,0.0,0.0,0.0,0.0,0.0,0.0,0.0,0.0,0.0,0.0,152.99203491210938,156.84243774414062,2.5908913612365723,0.0,0.050413697957992554,0.014116259291768074,161.1479034423828,0.08549084514379501,63.80546188354492,0.0,3.0742712020874023,19.6200008392334,0.23081055283546448,10.839166641235352,0.0,1.2778897285461426,153.69802856445312,0.0,0.0,0.0,0.0,0.0,0.0,0.0,0.6220960021018982,-0.8149324655532837,0.7138897180557251,-0.42893093824386597
36600,23570.968387126923,34600,0.15192953402226958,0.9924323036056018,0.9,1.8207002564235504,0.0,0.07741935483870968,0.11261261261261261,0.0,0.0,0.019699813798069954,0.019699813798069954,0.04541015625,0.04541015625,-0.5450700124104818,0.0,0.0,0.0,0.0,0.0,0.0,0.0,0.0,0.0,0.0,0.0,0.0,0.0,0.0,0.0,0.0,0.0,0.0,0.0,0.0,0.0,0.0,0.0,0.0,143.11123657226562,154.15167236328125,2.415787696838379,0.0,0.04049397632479668,0.011834998615086079,151.1044464111328,0.07282771915197372,56.71284484863281,0.0,3.0688188076019287,19.6200008392334,0.22495117783546448,9.42960262298584,0.0,1.1970614194869995,152.51629638671875,0.0,0.0,0.0,0.0,0.0,0.0,0.0,0.5167107582092285,-0.8508762717247009,0.7662410140037537,-0.4440838396549225
36800,23710.585527658463,34800,0.14815436609551885,0.992619651216865,0.9,1.8381819814222542,0.0,0.09032258064516129,0.11659192825112108,0.0,0.0,0.01916799321770668,0.01916799321770668,0.0478515625,0.0478515625,-0.5408496061960856,0.0,0.0,0.0,0.0,0.0,0.0,0.0,0.0,0.0,0.0,0.0,0.0,0.0,0.0,0.0,0.0,0.0,0.0,0.0,0.0,0.0,0.0,0.0,0.0,147.5634002685547,152.54693603515625,2.2743756771087646,0.0,0.040766049176454544,0.00773602956905961,155.46127319335938,0.08906187117099762,45.35987854003906,0.0,3.0557048320770264,19.6200008392334,0.21189779043197632,8.959439277648926,0.0,1.1527291536331177,150.6688232421875,0.0,0.0,0.0,0.0,0.0,0.0,0.0,0.4969756305217743,-0.815769374370575,0.5715029239654541,-0.4441351294517517
37000,23850.327322483063,35000,0.14437919816876815,0.9928070341949007,0.9,1.8539592382335843,0.0,0.08387096774193549,0.1875,0.0,0.0,0.01956026256084442,0.01956026256084442,0.049560546875,0.049560546875,-0.5395262241363525,0.0,0.0,0.0,0.0,0.0,0.0,0.0,0.0,0.0,0.0,0.0,0.0,0.0,0.0,0.0,0.0,0.0,0.0,0.0,0.0,0.0,0.0,0.0,0.0,148.59652709960938,152.89552307128906,2.4858903884887695,0.0,0.04709022119641304,0.011367851868271828,156.5404052734375,0.06963906437158585,37.55801773071289,0.0,3.0435116291046143,19.6200008392334,0.2161051481962204,8.993278503417969,0.0,1.185498833656311,150.61959838867188,0.0,0.0,0.0,0.0,0.0,0.0,0.0,0.5264115929603577,-0.8032116889953613,0.6750627160072327,-0.4288882911205292
37200,23989.884686231613,35200,0.1406040302420174,0.9929944525463852,0.9,1.8681982125058099,0.0,0.04516129032258064,0.11711711711711711,0.0,0.0,0.01990385726094246,0.01990385726094246,0.045084635416666664,0.045084635416666664,-0.5388506054878235,0.0,0.0,0.0,0.0,0.0,0.0,0.0,0.0,0.0,0.0,0.0,0.0,0.0,0.0,0.0,0.0,0.0,0.0,0.0,0.0,0.0,0.0,0.0,0.0,166.662353515625,157.4307403564453,2.594167470932007,0.0,0.04807712510228157,0.008843760937452316,174.8440399169922,0.09087729454040527,47.407318115234375,0.0,3.1013872623443604,19.6200008392334,0.24268393218517303,10.71716022491455,0.0,1.2937674522399902,155.64776611328125,0.0,0.0,0.0,0.0,0.0,0.0,0.0,0.6025487780570984,-0.8208342790603638,0.5442930459976196,-0.4426403343677521
37400,24129.173048496246,35400,0.1368288623152667,0.9931819062779962,0.9,1.8810488867864934,0.0,0.058823529411764705,0.1013215859030837,0.0,0.0,0.01930873654782772,0.01930873654782772,0.046712239583333336,0.046712239583333336,-0.5403173367182413,0.0,0.0,0.0,0.0,0.0,0.0,0.0,0.0,0.0,0.0,0.0,0.0,0.0,0.0,0.0,0.0,0.0,0.0,0.0,0.0,0.0,0.0,0.0,0.0,162.5206756591797,158.84811401367188,2.486614942550659,0.0,0.04397283494472504,0.008956297300755978,170.75839233398438,0.08690069615840912,76.627685546875,0.0,3.1034739017486572,19.6200008392334,0.23630371689796448,10.029815673828125,0.0,1.2389413118362427,156.5325469970703,0.0,0.0,0.0,0.0,0.0,0.0,0.0,0.5620583891868591,-0.8230838775634766,0.550996720790863,-0.4428698420524597
37600,24279.769941568375,35600,0.13305369438851594,0.9933693953964127,0.9,1.8926466203248105,0.0,0.05228758169934641,0.14027149321266968,0.0,0.0,0.019188854843378067,0.019188854843378067,0.046061197916666664,0.046061197916666664,-0.5370397170384725,0.0,0.0,0.0,0.0,0.0,0.0,0.0,0.0,0.0,0.0,0.0,0.0,0.0,0.0,0.0,0.0,0.0,0.0,0.0,0.0,0.0,0.0,0.0,0.0,155.23272705078125,156.96487426757812,2.9256184101104736,0.0,0.05262152478098869,0.014367216266691685,163.43045043945312,0.08888247609138489,60.80800247192383,0.0,3.1110775470733643,19.6200008392334,0.27143555879592896,12.311083793640137,0.0,1.42522132396698,154.99319458007812,0.0,0.0,0.0,0.0,0.0,0.0,0.0,0.715403139591217,-0.7881385087966919,0.5960559844970703,-0.4228079319000244
37800,24420.026240348816,35800,0.12927852646176524,0.9935569199083147,0.9,1.9031135748431414,0.0,0.07236842105263158,0.12962962962962962,0.0,0.0,0.019539305940270424,0.019539305940270424,0.046223958333333336,0.046223958333333336,-0.5354528228441874,0.0,0.0,0.0,0.0,0.0,0.0,0.0,0.0,0.0,0.0,0.0,0.0,0.0,0.0,0.0,0.0,0.0,0.0,0.0,0.0,0.0,0.0,0.0,0.0,142.81651306152344,156.4570770263672,2.7310211658477783,0.0,0.04973464086651802,0.013901113532483578,150.96636962890625,0.07638485729694366,57.603729248046875,0.0,3.0919415950775146,19.6200008392334,0.2551513910293579,11.848687171936035,0.0,1.3769230842590332,153.45118713378906,0.0,0.0,0.0,0.0,0.0,0.0,0.0,0.6668877005577087,-0.7938425540924072,0.6006123423576355,-0.4135757088661194
38000,24559.746239185333,36000,0.12550335853501451,0.9937444798203839,0.9,1.912560001295935,0.0,0.05263157894736842,0.16055045871559634,0.0,0.0,0.019394641742110252,0.019394641742110252,0.046061197916666664,0.046061197916666664,-0.5324503580729166,0.0,0.0,0.0,0.0,0.0,0.0,0.0,0.0,0.0,0.0,0.0,0.0,0.0,0.0,0.0,0.0,0.0,0.0,0.0,0.0,0.0,0.0,0.0,0.0,158.63072204589844,160.18508911132812,2.494025945663452,0.0,0.0516204796731472,0.0096184853464365,166.9438934326172,0.08197125792503357,68.17707061767578,0.0,3.1206839084625244,19.6200008392334,0.25172528624534607,10.63379955291748,0.0,1.2651867866516113,157.98023986816406,0.0,0.0,0.0,0.0,0.0,0.0,0.0,0.5525769591331482,-0.8135437965393066,0.622510552406311,-0.4257901608943939
38200,24699.21026134491,36200,0.12172819060826379,0.9939320751393029,0.9,1.9210854011695813,0.0,0.08552631578947369,0.15165876777251186,0.0,0.0,0.019689297303557396,0.019689297303557396,0.044352213541666664,0.044352213541666664,-0.5359357595443726,0.0,0.0,0.0,0.0,0.0,0.0,0.0,0.0,0.0,0.0,0.0,0.0,0.0,0.0,0.0,0.0,0.0,0.0,0.0,0.0,0.0,0.0,0.0,0.0,160.47085571289062,158.16371154785156,2.658182144165039,0.0,0.05553044378757477,0.013242518529295921,168.70436096191406,0.08565591275691986,58.931602478027344,0.0,3.0986406803131104,19.6200008392334,0.2521728575229645,11.435044288635254,0.0,1.3142563104629517,155.5977020263672,0.0,0.0,0.0,0.0,0.0,0.0,0.0,0.6474024057388306,-0.7625832557678223,0.6217901706695557,-0.4174874722957611
38400,24838.701043128967,36400,0.11795302268151306,0.9941197058717557,0.9,1.928779574555547,0.0,0.046052631578947366,0.13122171945701358,0.0,0.0,0.01985238306224346,0.01985238306224346,0.046956380208333336,0.046956380208333336,-0.5302465558052063,0.0,0.0,0.0,0.0,0.0,0.0,0.0,0.0,0.0,0.0,0.0,0.0,0.0,0.0,0.0,0.0,0.0,0.0,0.0,0.0,0.0,0.0,0.0,0.0,159.4835968017578,156.05970764160156,2.6592180728912354,0.0,0.056998126208782196,0.013445146381855011,167.61351013183594,0.0801444873213768,87.43540954589844,0.0,3.0726723670959473,19.6200008392334,0.2333821803331375,11.027432441711426,0.0,1.2794089317321777,153.41265869140625,0.0,0.0,0.0,0.0,0.0,0.0,0.0,0.6098046898841858,-0.8255172371864319,0.4864230751991272,-0.42615804076194763
38600,24978.225816249847,36600,0.11417785475476235,0.9943073720244273,0.9,1.935723566036381,0.0,0.07236842105263158,0.13270142180094788,0.0,0.0,0.01995714008808136,0.01995714008808136,0.046875,0.046875,-0.5257283250490824,0.0,0.0,0.0,0.0,0.0,0.0,0.0,0.0,0.0,0.0,0.0,0.0,0.0,0.0,0.0,0.0,0.0,0.0,0.0,0.0,0.0,0.0,0.0,0.0,159.28793334960938,157.38145446777344,2.3574271202087402,0.0,0.049296896904706955,0.014496516436338425,167.4464111328125,0.07081162184476852,54.47492218017578,0.0,3.079418897628784,19.6200008392334,0.21656088531017303,10.536340713500977,0.0,1.2484573125839233,154.3761749267578,0.0,0.0,0.0,0.0,0.0,0.0,0.0,0.5950133204460144,-0.7713631391525269,0.5718328952789307,-0.4009135365486145
38800,25117.899451971054,36800,0.11040268682801162,0.9944950736040045,0.9,1.9419905183478339,0.0,0.0784313725490196,0.10572687224669604,0.0,0.0,0.019735928624868393,0.019735928624868393,0.048014322916666664,0.048014322916666664,-0.5295863151550293,0.0,0.0,0.0,0.0,0.0,0.0,0.0,0.0,0.0,0.0,0.0,0.0,0.0,0.0,0.0,0.0,0.0,0.0,0.0,0.0,0.0,0.0,0.0,0.0,160.962158203125,155.7109832763672,2.498359203338623,0.0,0.0531592071056366,0.014400267973542213,169.05502319335938,0.09621143341064453,51.210506439208984,0.0,3.0701825618743896,19.6200008392334,0.23138836026191711,10.879372596740723,0.0,1.2755039930343628,153.0342254638672,0.0,0.0,0.0,0.0,0.0,0.0,0.0,0.6216143369674683,-0.8045827150344849,0.5733966827392578,-0.41403719782829285
39000,25257.44114756584,37000,0.10662751890126089,0.9946828106171749,0.9,1.9476464428089202,0.0,0.0457516339869281,0.09545454545454546,0.0,0.0,0.02027900144457817,0.02027900144457817,0.049397786458333336,0.049397786458333336,-0.5201064745585123,0.0,0.0,0.0,0.0,0.0,0.0,0.0,0.0,0.0,0.0,0.0,0.0,0.0,0.0,0.0,0.0,0.0,0.0,0.0,0.0,0.0,0.0,0.0,0.0,138.3530731201172,153.08499145507812,2.275113105773926,0.0,0.039266590029001236,0.01531456969678402,146.2786865234375,0.07036706060171127,140.68202209472656,0.0,3.0507569313049316,19.6200008392334,0.2065836638212204,9.437918663024902,0.0,1.168609857559204,151.6265106201172,0.0,0.0,0.0,0.0,0.0,0.0,0.0,0.5449971556663513,-0.7653000354766846,0.8030099272727966,-0.38881272077560425
39200,25409.779232740402,37200,0.10285235097451016,0.9948705830706276,0.9,1.8720009146350503,0.0,0.0718954248366013,0.11320754716981132,0.0,0.0,0.020376456901431084,0.020376456901431084,0.048421223958333336,0.048421223958333336,-0.518581489721934,0.0,0.0,0.0,0.0,0.0,0.0,0.0,0.0,0.0,0.0,0.0,0.0,0.0,0.0,0.0,0.0,0.0,0.0,0.0,0.0,0.0,0.0,0.0,0.0,146.49163818359375,152.8794708251953,2.262793779373169,0.0,0.04066827520728111,0.011543165892362595,154.406005859375,0.07971413433551788,64.36788940429688,0.0,3.0426504611968994,19.6200008392334,0.20712891221046448,9.19211196899414,0.0,1.1576435565948486,151.09368896484375,0.0,0.0,0.0,0.0,0.0,0.0,0.0,0.5259186029434204,-0.7721672058105469,0.5231095552444458,-0.4026334583759308
39400,25550.457912921906,37400,0.09907718304775943,0.9950583909710529,0.9,1.884480825458133,0.0,0.06451612903225806,0.11363636363636363,0.0,0.0,0.020151207223534584,0.020151207223534584,0.050537109375,0.050537109375,-0.5140364567438761,0.0,0.0,0.0,0.0,0.0,0.0,0.0,0.0,0.0,0.0,0.0,0.0,0.0,0.0,0.0,0.0,0.0,0.0,0.0,0.0,0.0,0.0,0.0,0.0,146.3833770751953,153.7313690185547,2.233461380004883,0.0,0.03655856102705002,0.013446426019072533,154.33387756347656,0.08145247399806976,66.8482894897461,0.0,3.0521790981292725,19.6200008392334,0.21193848550319672,9.632370948791504,0.0,1.1703404188156128,152.3614959716797,0.0,0.0,0.0,0.0,0.0,0.0,0.0,0.5423226356506348,-0.7718990445137024,0.7137995958328247,-0.3969568908214569
39600,25690.995896100998,37600,0.09530201512100872,0.9952462343251421,0.9,1.895743944975965,0.0,0.09554140127388536,0.16666666666666666,0.0,0.0,0.02059953659772873,0.02059953659772873,0.049560546875,0.049560546875,-0.5139052073160807,0.0,0.0,0.0,0.0,0.0,0.0,0.0,0.0,0.0,0.0,0.0,0.0,0.0,0.0,0.0,0.0,0.0,0.0,0.0,0.0,0.0,0.0,0.0,0.0,150.56011962890625,155.11566162109375,2.3606951236724854,0.0,0.04712715744972229,0.013032888993620872,158.60301208496094,0.0852719247341156,60.02393341064453,0.0,3.0810461044311523,19.6200008392334,0.23784181475639343,10.493099212646484,0.0,1.2608681917190552,153.58157348632812,0.0,0.0,0.0,0.0,0.0,0.0,0.0,0.5919937491416931,-0.7923219203948975,0.7309735417366028,-0.3945128321647644
39800,25831.223935842514,37800,0.091526847194258,0.9954341131395884,0.9,1.9059089103408084,0.0,0.08917197452229299,0.14553990610328638,0.0,0.0,0.020763782784342766,0.020763782784342766,0.051595052083333336,0.051595052083333336,-0.5109439094861349,0.0,0.0,0.0,0.0,0.0,0.0,0.0,0.0,0.0,0.0,0.0,0.0,0.0,0.0,0.0,0.0,0.0,0.0,0.0,0.0,0.0,0.0,0.0,0.0,154.3883056640625,153.8654327392578,2.3728480339050293,0.0,0.04810899496078491,0.013096412643790245,162.3708953857422,0.0720844492316246,51.803035736083984,0.0,3.055830240249634,19.6200008392334,0.23244629800319672,10.378487586975098,0.0,1.2325642108917236,151.43240356445312,0.0,0.0,0.0,0.0,0.0,0.0,0.0,0.6037163734436035,-0.7687115669250488,0.6572272777557373,-0.39443063735961914
40000,25971.717779159546,38000,0.08775167926750727,0.9956220274210855,0.9,1.9150827915825797,0.0,0.05128205128205128,0.13596491228070176,0.0,0.0,0.01978841796517372,0.01978841796517372,0.049641927083333336,0.049641927083333336,-0.5109440088272095,0.0,0.0,0.0,0.0,0.0,0.0,0.0,0.0,0.0,0.0,0.0,0.0,0.0,0.0,0.0,0.0,0.0,0.0,0.0,0.0,0.0,0.0,0.0,0.0,152.47213745117188,154.97071838378906,2.2282443046569824,0.0,0.04420877993106842,0.01380915753543377,160.49183654785156,0.06777313351631165,66.14789581298828,0.0,3.060480833053589,19.6200008392334,0.22364909946918488,10.852916717529297,0.0,1.2532440423965454,152.15098571777344,0.0,0.0,0.0,0.0,0.0,0.0,0.0,0.6016431450843811,-0.7399048209190369,0.7194278240203857,-0.3838898539543152
40200,26112.274854898453,38200,0.08397651134075654,0.995809977176329,0.9,1.9233622194032782,0.0,0.04487179487179487,0.14798206278026907,0.0,0.0,0.020779147744178772,0.020779147744178772,0.053629557291666664,0.053629557291666664,-0.5058557987213135,0.0,0.0,0.0,0.0,0.0,0.0,0.0,0.0,0.0,0.0,0.0,0.0,0.0,0.0,0.0,0.0,0.0,0.0,0.0,0.0,0.0,0.0,0.0,0.0,147.315185546875,153.71836853027344,2.440294027328491,0.0,0.04658912122249603,0.014627454802393913,155.29611206054688,0.07280188798904419,49.61723327636719,0.0,3.047672748565674,19.6200008392334,0.22352702915668488,11.424602508544922,0.0,1.305174708366394,150.6721649169922,0.0,0.0,0.0,0.0,0.0,0.0,0.0,0.6312326788902283,-0.7241250872612,0.6066364645957947,-0.37657415866851807
40400,26253.57249212265,38400,0.08020134341400581,0.9959979624120154,0.9,1.9308344030114586,0.0,0.06451612903225806,0.12440191387559808,0.0,0.0,0.01978941448032856,0.01978941448032856,0.051513671875,0.051513671875,-0.5016350448131561,0.0,0.0,0.0,0.0,0.0,0.0,0.0,0.0,0.0,0.0,0.0,0.0,0.0,0.0,0.0,0.0,0.0,0.0,0.0,0.0,0.0,0.0,0.0,0.0,148.2632598876953,154.9575958251953,2.5556631088256836,0.0,0.05186575651168823,0.014723666943609715,156.32298278808594,0.07448411732912064,47.051151275634766,0.0,3.060497760772705,19.6200008392334,0.23898112773895264,11.672410011291504,0.0,1.3633298873901367,151.24411010742188,0.0,0.0,0.0,0.0,0.0,0.0,0.0,0.6648716330528259,-0.7562701106071472,0.6714868545532227,-0.3827822804450989
40600,26404.55883717537,38600,0.0764261754872551,0.9961859831348425,0.9,1.9375780487178416,0.0,0.05161290322580645,0.15384615384615385,0.0,0.0,0.02086631953716278,0.02086631953716278,0.052001953125,0.052001953125,-0.4991881847381592,0.0,0.0,0.0,0.0,0.0,0.0,0.0,0.0,0.0,0.0,0.0,0.0,0.0,0.0,0.0,0.0,0.0,0.0,0.0,0.0,0.0,0.0,0.0,0.0,150.8964385986328,154.24818420410156,2.2444188594818115,0.0,0.050227656960487366,0.012774338014423847,158.88734436035156,0.07509647309780121,76.61204528808594,0.0,3.069903612136841,19.6200008392334,0.22320964932441711,10.25251293182373,0.0,1.2361212968826294,152.3940887451172,0.0,0.0,0.0,0.0,0.0,0.0,0.0,0.5620850324630737,-0.7759069204330444,0.7469406127929688,-0.3752768039703369
40800,26545.549507379532,38800,0.07265100756050438,0.9963740393515096,0.9,1.9436641889678519,0.0,0.03225806451612903,0.12831858407079647,0.0,0.0,0.020638123154640198,0.020638123154640198,0.054117838541666664,0.054117838541666664,-0.4965038299560547,0.0,0.0,0.0,0.0,0.0,0.0,0.0,0.0,0.0,0.0,0.0,0.0,0.0,0.0,0.0,0.0,0.0,0.0,0.0,0.0,0.0,0.0,0.0,0.0,156.44058227539062,153.43597412109375,2.486257791519165,0.0,0.04598359763622284,0.009250199422240257,164.40977478027344,0.07859229296445847,81.62648010253906,0.0,3.044081926345825,19.6200008392334,0.21713867783546448,11.063918113708496,0.0,1.2912131547927856,150.7909698486328,0.0,0.0,0.0,0.0,0.0,0.0,0.0,0.6521098017692566,-0.7364325523376465,0.6155561804771423,-0.38670194149017334
41000,26686.201345205307,39000,0.06887583963375363,0.9965621310687169,0.9,1.9491569305434864,0.0,0.07692307692307693,0.14351851851851852,0.0,0.0,0.01976977102458477,0.01976977102458477,0.048746744791666664,0.048746744791666664,-0.49939672152201336,0.0,0.0,0.0,0.0,0.0,0.0,0.0,0.0,0.0,0.0,0.0,0.0,0.0,0.0,0.0,0.0,0.0,0.0,0.0,0.0,0.0,0.0,0.0,0.0,161.64572143554688,161.4156036376953,2.570587635040283,0.0,0.05078453570604324,0.014237374998629093,170.02862548828125,0.07452908903360367,77.72760009765625,0.0,3.1193959712982178,19.6200008392334,0.25153809785842896,11.99237060546875,0.0,1.367861032485962,158.81602478027344,0.0,0.0,0.0,0.0,0.0,0.0,0.0,0.6917293667793274,-0.7599698305130005,0.6211726665496826,-0.38740676641464233
41200,26826.519857645035,39200,0.0651006717070029,0.9967502582931662,0.9,1.9541141298154965,0.0,0.07692307692307693,0.1141552511415525,0.0,0.0,0.020438941195607185,0.020438941195607185,0.047932942708333336,0.047932942708333336,-0.49416417876879376,0.0,0.0,0.0,0.0,0.0,0.0,0.0,0.0,0.0,0.0,0.0,0.0,0.0,0.0,0.0,0.0,0.0,0.0,0.0,0.0,0.0,0.0,0.0,0.0,163.2935791015625,159.46859741210938,2.6683647632598877,0.0,0.050057075917720795,0.011941464617848396,171.58749389648438,0.0732051432132721,48.04802322387695,0.0,3.0924808979034424,19.6200008392334,0.25008952617645264,11.672527313232422,0.0,1.3411873579025269,156.81504821777344,0.0,0.0,0.0,0.0,0.0,0.0,0.0,0.7356615662574768,-0.718848705291748,0.6380250453948975,-0.3747461140155792
41400,26967.432727098465,39400,0.06132550378025217,0.9969384210315603,0.9,1.9585880021584856,0.0,0.05806451612903226,0.12903225806451613,0.0,0.0,0.021094849333167076,0.021094849333167076,0.051676432291666664,0.051676432291666664,-0.4907248020172119,0.0,0.0,0.0,0.0,0.0,0.0,0.0,0.0,0.0,0.0,0.0,0.0,0.0,0.0,0.0,0.0,0.0,0.0,0.0,0.0,0.0,0.0,0.0,0.0,147.62094116210938,155.0386199951172,2.262319564819336,0.0,0.04032951965928078,0.017017509788274765,155.64454650878906,0.0683746188879013,36.54814910888672,0.0,3.07305908203125,19.6200008392334,0.21640625596046448,9.952875137329102,0.0,1.192261815071106,154.4596405029297,0.0,0.0,0.0,0.0,0.0,0.0,0.0,0.5516212582588196,-0.7283643484115601,0.6604984998703003,-0.36431437730789185
41600,27107.78945994377,39600,0.05755033585350147,0.9971266192906035,0.9,1.9626256719480333,0.0,0.06451612903225806,0.10697674418604651,0.0,0.0,0.01919872686266899,0.01919872686266899,0.049397786458333336,0.049397786458333336,-0.49231542150179547,0.0,0.0,0.0,0.0,0.0,0.0,0.0,0.0,0.0,0.0,0.0,0.0,0.0,0.0,0.0,0.0,0.0,0.0,0.0,0.0,0.0,0.0,0.0,0.0,159.92063903808594,157.96702575683594,2.3411519527435303,0.0,0.050879642367362976,0.014550184831023216,168.10833740234375,0.07808706164360046,84.63347625732422,0.0,3.0764100551605225,19.6200008392334,0.2275390774011612,10.435079574584961,0.0,1.225588321685791,155.03506469726562,0.0,0.0,0.0,0.0,0.0,0.0,0.0,0.6237704157829285,-0.742023766040802,0.6666725873947144,-0.38620662689208984
41800,27248.006646871567,39800,0.053775167926750744,0.9973148530770012,0.9,1.9662696689331,0.0,0.09032258064516129,0.12037037037037036,0.0,0.0,0.02059197798371315,0.02059197798371315,0.05322265625,0.05322265625,-0.48688141504923504,0.0,0.0,0.0,0.0,0.0,0.0,0.0,0.0,0.0,0.0,0.0,0.0,0.0,0.0,0.0,0.0,0.0,0.0,0.0,0.0,0.0,0.0,0.0,0.0,150.88442993164062,158.17623901367188,2.2427937984466553,0.0,0.04830397292971611,0.018113557249307632,159.07125854492188,0.07186856120824814,38.90247344970703,0.0,3.0838518142700195,19.6200008392334,0.23085938394069672,10.332276344299316,0.0,1.215364694595337,155.19122314453125,0.0,0.0,0.0,0.0,0.0,0.0,0.0,0.6147711873054504,-0.7008568048477173,0.8111196756362915,-0.35551121830940247
42000,27388.247324466705,40000,0.05000000000000002,0.9975031223974601,0.9,1.969558376212123,0.0,0.08387096774193549,0.11659192825112108,0.0,0.0,0.020499616861343384,0.020499616861343384,0.052978515625,0.052978515625,-0.4839872221151988,0.0,0.0,0.0,0.0,0.0,0.0,0.0,0.0,0.0,0.0,0.0,0.0,0.0,0.0,0.0,0.0,0.0,0.0,0.0,0.0,0.0,0.0,0.0,0.0,155.70802307128906,153.86546325683594,2.0357816219329834,0.0,0.04568071663379669,0.0089279655367136,163.6532440185547,0.07120797783136368,46.93119812011719,0.0,3.065121650695801,19.6200008392334,0.21230469644069672,9.050210952758789,0.0,1.106807827949524,152.4412384033203,0.0,0.0,0.0,0.0,0.0,0.0,0.0,0.516311526298523,-0.7174360752105713,0.5683491230010986,-0.37095093727111816
42200,27540.613765001297,40000,0.05000000000000002,0.9975031223974601,0.9,1.972526434531441,0.0,0.05161290322580645,0.167420814479638,0.0,0.0,0.020162010565400124,0.020162010565400124,0.052001953125,0.052001953125,-0.4823225935300191,0.0,0.0,0.0,0.0,0.0,0.0,0.0,0.0,0.0,0.0,0.0,0.0,0.0,0.0,0.0,0.0,0.0,0.0,0.0,0.0,0.0,0.0,0.0,0.0,149.7772674560547,152.0527801513672,2.241194009780884,0.0,0.04373493790626526,0.014383814297616482,157.65208435058594,0.062402933835983276,71.29435729980469,0.0,3.0573530197143555,19.6200008392334,0.22724610567092896,9.970808982849121,0.0,1.1944035291671753,151.19532775878906,0.0,0.0,0.0,0.0,0.0,0.0,0.0,0.5815899968147278,-0.7235982418060303,0.7758496999740601,-0.3441603183746338
42400,27682.05935359001,40000,0.05000000000000002,0.9975031223974601,0.9,1.9752051071646255,0.0,0.08387096774193549,0.1261682242990654,0.0,0.0,0.019941236823797226,0.019941236823797226,0.055501302083333336,0.055501302083333336,-0.4784700274467468,0.0,0.0,0.0,0.0,0.0,0.0,0.0,0.0,0.0,0.0,0.0,0.0,0.0,0.0,0.0,0.0,0.0,0.0,0.0,0.0,0.0,0.0,0.0,0.0,153.08538818359375,154.5807342529297,2.2714600563049316,0.0,0.047712329775094986,0.014642569236457348,161.0936737060547,0.07516394555568695,86.00695037841797,0.0,3.0603108406066895,19.6200008392334,0.2235514372587204,10.717716217041016,0.0,1.2247453927993774,152.67396545410156,0.0,0.0,0.0,0.0,0.0,0.0,0.0,0.5889188647270203,-0.7342249155044556,0.5654551982879639,-0.3514940142631531
42600,27823.07399702072,40000,0.05000000000000002,0.9975031223974601,0.9,1.9776226092160745,0.0,0.05161290322580645,0.11009174311926606,0.0,0.0,0.02040126919746399,0.02040126919746399,0.052815755208333336,0.052815755208333336,-0.4804866512616475,0.0,0.0,0.0,0.0,0.0,0.0,0.0,0.0,0.0,0.0,0.0,0.0,0.0,0.0,0.0,0.0,0.0,0.0,0.0,0.0,0.0,0.0,0.0,0.0,166.06121826171875,159.0645294189453,2.3594470024108887,0.0,0.05246743559837341,0.010530787520110607,174.3060302734375,0.07300812751054764,51.43885803222656,0.0,3.0993008613586426,19.6200008392334,0.24026693403720856,11.10361385345459,0.0,1.2798643112182617,156.50038146972656,0.0,0.0,0.0,0.0,0.0,0.0,0.0,0.6184902787208557,-0.7344247102737427,0.7156562805175781,-0.3566974699497223
42800,27963.824068307877,40000,0.05000000000000002,0.9975031223974601,0.9,1.9798044048175074,0.0,0.07792207792207792,0.14553990610328638,0.0,0.0,0.01976526528596878,0.01976526528596878,0.052408854166666664,0.052408854166666664,-0.48006801803906757,0.0,0.0,0.0,0.0,0.0,0.0,0.0,0.0,0.0,0.0,0.0,0.0,0.0,0.0,0.0,0.0,0.0,0.0,0.0,0.0,0.0,0.0,0.0,0.0,160.70538330078125,156.13238525390625,2.4374783039093018,0.0,0.043678898364305496,0.009628904983401299,168.8023223876953,0.06376554071903229,57.493927001953125,0.0,3.0729198455810547,19.6200008392334,0.24395346641540527,11.626570701599121,0.0,1.3277629613876343,153.49024963378906,0.0,0.0,0.0,0.0,0.0,0.0,0.0,0.6931358575820923,-0.6978838443756104,0.6490036249160767,-0.3632051944732666
43000,28104.573920488358,40000,0.05000000000000002,0.9975031223974601,0.9,1.9817734753478005,0.0,0.0718954248366013,0.15566037735849056,0.0,0.0,0.02077241986989975,0.02077241986989975,0.052734375,0.052734375,-0.47813806931177777,0.0,0.0,0.0,0.0,0.0,0.0,0.0,0.0,0.0,0.0,0.0,0.0,0.0,0.0,0.0,0.0,0.0,0.0,0.0,0.0,0.0,0.0,0.0,0.0,155.83526611328125,156.8312530517578,2.4969334602355957,0.0,0.05188498646020889,0.014468157663941383,163.9827423095703,0.06001913174986839,41.045814514160156,0.0,3.1006531715393066,19.6200008392334,0.2574056088924408,11.560942649841309,0.0,1.3308541774749756,155.22955322265625,0.0,0.0,0.0,0.0,0.0,0.0,0.0,0.6467497944831848,-0.693598747253418,0.7179924249649048,-0.3414843678474426
43200,28245.08467578888,40000,0.05000000000000002,0.9975031223974601,0.9,1.98355056150139,0.0,0.0718954248366013,0.1559633027522936,0.0,0.0,0.021004101261496544,0.021004101261496544,0.056315104166666664,0.056315104166666664,-0.4780503610769908,0.0,0.0,0.0,0.0,0.0,0.0,0.0,0.0,0.0,0.0,0.0,0.0,0.0,0.0,0.0,0.0,0.0,0.0,0.0,0.0,0.0,0.0,0.0,0.0,144.74395751953125,153.3987579345703,2.479987859725952,0.0,0.048408277332782745,0.015781164169311523,152.71502685546875,0.07945121824741364,28.194534301757812,0.0,3.0558784008026123,19.6200008392334,0.25183922052383423,11.70792007446289,0.0,1.3307992219924927,151.6248779296875,0.0,0.0,0.0,0.0,0.0,0.0,0.0,0.694145917892456,-0.7215761542320251,0.6173479557037354,-0.34820979833602905
43400,28385.497056007385,40000,0.05000000000000002,0.9975031223974601,0.9,1.9851543817550046,0.0,0.07236842105263158,0.10222222222222223,0.0,0.0,0.020868711173534393,0.020868711173534393,0.0478515625,0.0478515625,-0.4809307058652242,0.0,0.0,0.0,0.0,0.0,0.0,0.0,0.0,0.0,0.0,0.0,0.0,0.0,0.0,0.0,0.0,0.0,0.0,0.0,0.0,0.0,0.0,0.0,0.0,151.40769958496094,154.43463134765625,2.421246290206909,0.0,0.04543842002749443,0.011194084770977497,159.42034912109375,0.0748586356639862,44.16236877441406,0.0,3.064044237136841,19.6200008392334,0.2500813901424408,11.369831085205078,0.0,1.316851258277893,152.3998565673828,0.0,0.0,0.0,0.0,0.0,0.0,0.0,0.6837469339370728,-0.6876363158226013,0.7018988132476807,-0.35588228702545166
43600,28537.082520008087,40000,0.05000000000000002,0.9975031223974601,0.9,1.9866018295338916,0.0,0.05921052631578947,0.17733990147783252,0.0,0.0,0.020556237548589706,0.020556237548589706,0.057210286458333336,0.057210286458333336,-0.472604364156723,0.0,0.0,0.0,0.0,0.0,0.0,0.0,0.0,0.0,0.0,0.0,0.0,0.0,0.0,0.0,0.0,0.0,0.0,0.0,0.0,0.0,0.0,0.0,0.0,153.82611083984375,155.72860717773438,2.362542152404785,0.0,0.05213543400168419,0.01321233157068491,161.9049072265625,0.059437863528728485,47.626197814941406,0.0,3.0715909004211426,19.6200008392334,0.2543782591819763,11.831354141235352,0.0,1.3263602256774902,153.5309295654297,0.0,0.0,0.0,0.0,0.0,0.0,0.0,0.6613062024116516,-0.6844798922538757,0.6641106009483337,-0.355152428150177
43800,28678.622826099396,40000,0.05000000000000002,0.9975031223974601,0.9,1.9879081511543373,0.0,0.046052631578947366,0.15,0.0,0.0,0.02126963995397091,0.02126963995397091,0.056966145833333336,0.056966145833333336,-0.46949897209803265,0.0,0.0,0.0,0.0,0.0,0.0,0.0,0.0,0.0,0.0,0.0,0.0,0.0,0.0,0.0,0.0,0.0,0.0,0.0,0.0,0.0,0.0,0.0,0.0,148.04220581054688,155.95651245117188,2.346318244934082,0.0,0.046965260058641434,0.017824234440922737,156.12696838378906,0.06435509026050568,41.68157196044922,0.0,3.0851240158081055,19.6200008392334,0.2710937559604645,12.024308204650879,0.0,1.337103009223938,153.4225616455078,0.0,0.0,0.0,0.0,0.0,0.0,0.0,0.6593620777130127,-0.7005971670150757,0.6584007740020752,-0.34712961316108704
44000,28819.849182128906,40000,0.05000000000000002,0.9975031223974601,0.9,1.9890871064167894,0.0,0.0915032679738562,0.17050691244239632,0.0,0.0,0.0206151120364666,0.0206151120364666,0.054768880208333336,0.054768880208333336,-0.4728879729906718,0.0,0.0,0.0,0.0,0.0,0.0,0.0,0.0,0.0,0.0,0.0,0.0,0.0,0.0,0.0,0.0,0.0,0.0,0.0,0.0,0.0,0.0,0.0,0.0,148.7724151611328,153.52630615234375,2.318608283996582,0.0,0.04503099247813225,0.011303302831947803,156.72900390625,0.06825219839811325,35.895240783691406,0.0,3.052600860595703,19.6200008392334,0.23401693999767303,10.771211624145508,0.0,1.2566053867340088,151.22698974609375,0.0,0.0,0.0,0.0,0.0,0.0,0.0,0.5865296125411987,-0.6792532205581665,0.5501142740249634,-0.35912951827049255
44200,28961.62025165558,40000,0.05000000000000002,0.9975031223974601,0.9,1.9901511135411525,0.0,0.0392156862745098,0.1643835616438356,0.0,0.0,0.020322417840361595,0.020322417840361595,0.052897135416666664,0.052897135416666664,-0.47285308440526325,0.0,0.0,0.0,0.0,0.0,0.0,0.0,0.0,0.0,0.0,0.0,0.0,0.0,0.0,0.0,0.0,0.0,0.0,0.0,0.0,0.0,0.0,0.0,0.0,158.45135498046875,155.10755920410156,2.615339756011963,0.0,0.04947863146662712,0.013211161829531193,166.52171325683594,0.07904299348592758,34.13376998901367,0.0,3.0757319927215576,19.6200008392334,0.2582031488418579,12.325033187866211,0.0,1.386476993560791,152.60044860839844,0.0,0.0,0.0,0.0,0.0,0.0,0.0,0.6814283132553101,-0.6715937852859497,0.5394114255905151,-0.35873132944107056
44400,29103.07488656044,40000,0.05000000000000002,0.9975031223974601,0.9,1.9911113799708902,0.0,0.058823529411764705,0.13392857142857142,0.0,0.0,0.01944691129028797,0.01944691129028797,0.053955078125,0.053955078125,-0.4768696029980977,0.0,0.0,0.0,0.0,0.0,0.0,0.0,0.0,0.0,0.0,0.0,0.0,0.0,0.0,0.0,0.0,0.0,0.0,0.0,0.0,0.0,0.0,0.0,0.0,163.158935546875,155.08689880371094,2.7418487071990967,0.0,0.053930316120386124,0.012363582849502563,171.24510192871094,0.09888720512390137,78.91435241699219,0.0,3.04764986038208,19.6200008392334,0.2564046382904053,11.922524452209473,0.0,1.376729130744934,151.9640350341797,0.0,0.0,0.0,0.0,0.0,0.0,0.0,0.7305280566215515,-0.6777632236480713,0.6821534633636475,-0.3612726032733917
44600,29244.51583123207,40000,0.05000000000000002,0.9975031223974601,0.9,1.9919780204237285,0.0,0.058823529411764705,0.12719298245614036,0.0,0.0,0.02085699699819088,0.02085699699819088,0.055826822916666664,0.055826822916666664,-0.4730190436045329,0.0,0.0,0.0,0.0,0.0,0.0,0.0,0.0,0.0,0.0,0.0,0.0,0.0,0.0,0.0,0.0,0.0,0.0,0.0,0.0,0.0,0.0,0.0,0.0,155.3963165283203,158.36573791503906,2.3973026275634766,0.0,0.05178464576601982,0.01617078296840191,163.61097717285156,0.06892736256122589,45.53329086303711,0.0,3.093362808227539,19.6200008392334,0.24493816494941711,11.810037612915039,0.0,1.3267172574996948,155.5160369873047,0.0,0.0,0.0,0.0,0.0,0.0,0.0,0.6476282477378845,-0.6972887516021729,0.7142747044563293,-0.3446919322013855
44800,29385.59179544449,40000,0.05000000000000002,0.9975031223974601,0.9,1.992760163432415,0.0,0.09090909090909091,0.125,0.0,0.0,0.02007118985056877,0.02007118985056877,0.051839192708333336,0.051839192708333336,-0.4743396043777466,0.0,0.0,0.0,0.0,0.0,0.0,0.0,0.0,0.0,0.0,0.0,0.0,0.0,0.0,0.0,0.0,0.0,0.0,0.0,0.0,0.0,0.0,0.0,0.0,158.12908935546875,157.6768035888672,2.4113399982452393,0.0,0.049974847584962845,0.017582163214683533,166.30931091308594,0.0678338035941124,68.62630462646484,0.0,3.108548164367676,19.6200008392334,0.26515302062034607,11.96063232421875,0.0,1.3462042808532715,155.67486572265625,0.0,0.0,0.0,0.0,0.0,0.0,0.0,0.6580643653869629,-0.6770912408828735,0.5971090793609619,-0.35742613673210144
45000,29526.554710149765,40000,0.05000000000000002,0.9975031223974601,0.9,1.9934660474977546,0.0,0.058823529411764705,0.12440191387559808,0.0,0.0,0.02023642137646675,0.02023642137646675,0.050211588541666664,0.050211588541666664,-0.47560540835062665,0.0,0.0,0.0,0.0,0.0,0.0,0.0,0.0,0.0,0.0,0.0,0.0,0.0,0.0,0.0,0.0,0.0,0.0,0.0,0.0,0.0,0.0,0.0,0.0,158.6914825439453,155.1748809814453,2.366011142730713,0.0,0.04972342029213905,0.010897459462285042,166.7398223876953,0.0721127837896347,38.60283660888672,0.0,3.037724018096924,19.6200008392334,0.23370769619941711,11.47636890411377,0.0,1.303450107574463,151.45481872558594,0.0,0.0,0.0,0.0,0.0,0.0,0.0,0.6385696530342102,-0.6740515232086182,0.5220471620559692,-0.3618353605270386
45200,29679.652906894684,40000,0.05000000000000002,0.9975031223974601,0.9,1.9133531078667232,0.0,0.08496732026143791,0.09333333333333334,0.0,0.0,0.019803175702691078,0.019803175702691078,0.051920572916666664,0.051920572916666664,-0.47250619530677795,0.0,0.0,0.0,0.0,0.0,0.0,0.0,0.0,0.0,0.0,0.0,0.0,0.0,0.0,0.0,0.0,0.0,0.0,0.0,0.0,0.0,0.0,0.0,0.0,140.36050415039062,151.77076721191406,2.1788077354431152,0.0,0.03988649696111679,0.012743000872433186,148.21063232421875,0.05969357490539551,36.098609924316406,0.0,3.0353634357452393,19.6200008392334,0.2097574919462204,9.480469703674316,0.0,1.159631609916687,150.2235107421875,0.0,0.0,0.0,0.0,0.0,0.0,0.0,0.5291482210159302,-0.6861286759376526,0.6018308401107788,-0.353333443403244
45400,29821.44272661209,40000,0.05000000000000002,0.9975031223974601,0.9,1.9218011798497177,0.0,0.0915032679738562,0.15454545454545454,0.0,0.0,0.020171187818050385,0.020171187818050385,0.054117838541666664,0.054117838541666664,-0.4715491235256195,0.0,0.0,0.0,0.0,0.0,0.0,0.0,0.0,0.0,0.0,0.0,0.0,0.0,0.0,0.0,0.0,0.0,0.0,0.0,0.0,0.0,0.0,0.0,0.0,149.20144653320312,154.17117309570312,2.2934656143188477,0.0,0.04383360221982002,0.013494206592440605,157.18722534179688,0.06791356950998306,76.89862823486328,0.0,3.0515878200531006,19.6200008392334,0.22077637910842896,10.897958755493164,0.0,1.2525436878204346,151.7869873046875,0.0,0.0,0.0,0.0,0.0,0.0,0.0,0.5966797471046448,-0.678357720375061,0.694246768951416,-0.3530883491039276
45600,29962.814674139023,40000,0.05000000000000002,0.9975031223974601,0.9,1.92942556481437,0.0,0.0967741935483871,0.15492957746478872,0.0,0.0,0.020116014406085014,0.020116014406085014,0.053385416666666664,0.053385416666666664,-0.4732236961523692,0.0,0.0,0.0,0.0,0.0,0.0,0.0,0.0,0.0,0.0,0.0,0.0,0.0,0.0,0.0,0.0,0.0,0.0,0.0,0.0,0.0,0.0,0.0,0.0,154.37249755859375,156.60523986816406,2.3896265029907227,0.0,0.04476609826087952,0.013799085281789303,162.49063110351562,0.0711967945098877,48.73020553588867,0.0,3.0846126079559326,19.6200008392334,0.23346355557441711,10.963737487792969,0.0,1.2736955881118774,154.88478088378906,0.0,0.0,0.0,0.0,0.0,0.0,0.0,0.6172725558280945,-0.6695514917373657,0.6344771385192871,-0.3503875136375427
45800,30104.086414575577,40000,0.05000000000000002,0.9975031223974601,0.9,1.936306572244969,0.0,0.06451612903225806,0.1588785046728972,0.0,0.0,0.019943993538618088,0.019943993538618088,0.050374348958333336,0.050374348958333336,-0.4759976665178935,0.0,0.0,0.0,0.0,0.0,0.0,0.0,0.0,0.0,0.0,0.0,0.0,0.0,0.0,0.0,0.0,0.0,0.0,0.0,0.0,0.0,0.0,0.0,0.0,159.1342010498047,156.88601684570312,2.2159812450408936,0.0,0.04132598638534546,0.010229811072349548,167.24449157714844,0.05931495875120163,49.987831115722656,0.0,3.0781638622283936,19.6200008392334,0.2368571013212204,10.955458641052246,0.0,1.2682543992996216,154.45033264160156,0.0,0.0,0.0,0.0,0.0,0.0,0.0,0.6422314047813416,-0.6745216846466064,0.6222877502441406,-0.35311731696128845
46000,30245.384387254715,40000,0.05000000000000002,0.9975031223974601,0.9,1.9425166814510846,0.0,0.0392156862745098,0.12727272727272726,0.0,0.0,0.019889207556843758,0.019889207556843758,0.047119140625,0.047119140625,-0.47747740149497986,0.0,0.0,0.0,0.0,0.0,0.0,0.0,0.0,0.0,0.0,0.0,0.0,0.0,0.0,0.0,0.0,0.0,0.0,0.0,0.0,0.0,0.0,0.0,0.0,156.4567108154297,153.92494201660156,2.215362787246704,0.0,0.03944845497608185,0.009100183844566345,164.4166717529297,0.08923455327749252,116.19071960449219,0.0,3.0477869510650635,19.6200008392334,0.21938477456569672,10.445638656616211,0.0,1.2220492362976074,152.09523010253906,0.0,0.0,0.0,0.0,0.0,0.0,0.0,0.6000913381576538,-0.6777942180633545,0.47676119208335876,-0.3759857416152954
46200,30386.473778486252,40000,0.05000000000000002,0.9975031223974601,0.9,1.9481213050096038,0.0,0.07142857142857142,0.12612612612612611,0.0,0.0,0.020186731591820717,0.020186731591820717,0.051350911458333336,0.051350911458333336,-0.4723474184672038,0.0,0.0,0.0,0.0,0.0,0.0,0.0,0.0,0.0,0.0,0.0,0.0,0.0,0.0,0.0,0.0,0.0,0.0,0.0,0.0,0.0,0.0,0.0,0.0,164.50518798828125,156.40194702148438,2.304762840270996,0.0,0.04406315088272095,0.013613794930279255,172.60391235351562,0.07968097180128098,38.15534591674805,0.0,3.075617551803589,19.6200008392334,0.2282552272081375,10.411650657653809,0.0,1.2364274263381958,154.1947021484375,0.0,0.0,0.0,0.0,0.0,0.0,0.0,0.6463784575462341,-0.6622312068939209,0.5964469313621521,-0.3693449795246124
46400,30527.674537420273,40000,0.05000000000000002,0.9975031223974601,0.9,1.9531794777711675,0.0,0.07792207792207792,0.11160714285714286,0.0,0.0,0.020162543281912804,0.020162543281912804,0.052978515625,0.052978515625,-0.47280054291089374,0.0,0.0,0.0,0.0,0.0,0.0,0.0,0.0,0.0,0.0,0.0,0.0,0.0,0.0,0.0,0.0,0.0,0.0,0.0,0.0,0.0,0.0,0.0,0.0,158.85023498535156,155.33627319335938,2.0395970344543457,0.0,0.03944114223122597,0.010259326547384262,166.86354064941406,0.0646805614233017,34.5972900390625,0.0,3.0775270462036133,19.6200008392334,0.21306154131889343,9.570576667785645,0.0,1.1736273765563965,153.5972900390625,0.0,0.0,0.0,0.0,0.0,0.0,0.0,0.5395496487617493,-0.6527353525161743,0.5213230848312378,-0.3579038083553314
46600,30680.009221553802,40000,0.05000000000000002,0.9975031223974601,0.9,1.8727444786884784,0.0,0.13815789473684212,0.13513513513513514,0.0,0.0,0.019329849630594254,0.019329849630594254,0.048583984375,0.048583984375,-0.476011723279953,0.0,0.0,0.0,0.0,0.0,0.0,0.0,0.0,0.0,0.0,0.0,0.0,0.0,0.0,0.0,0.0,0.0,0.0,0.0,0.0,0.0,0.0,0.0,0.0,148.82513427734375,150.59913635253906,2.0191094875335693,0.0,0.0355435349047184,0.008741752244532108,156.59515380859375,0.06604932248592377,52.11789321899414,0.0,3.033857822418213,19.6200008392334,0.20383301377296448,9.557974815368652,0.0,1.1747456789016724,148.62779235839844,0.0,0.0,0.0,0.0,0.0,0.0,0.0,0.5526289939880371,-0.6810578107833862,0.5234609246253967,-0.36037135124206543
46800,30822.06437587738,40000,0.05000000000000002,0.9975031223974601,0.9,1.8851518920163517,0.0,0.07947019867549669,0.12385321100917432,0.0,0.0,0.02074664644896984,0.02074664644896984,0.054036458333333336,0.054036458333333336,-0.46615444620450336,0.0,0.0,0.0,0.0,0.0,0.0,0.0,0.0,0.0,0.0,0.0,0.0,0.0,0.0,0.0,0.0,0.0,0.0,0.0,0.0,0.0,0.0,0.0,0.0,144.19281005859375,150.3234405517578,2.030395984649658,0.0,0.034312330186367035,0.010689899325370789,151.9495391845703,0.07128091156482697,60.3098030090332,0.0,3.0219130516052246,19.6200008392334,0.19732260704040527,9.212160110473633,0.0,1.1464929580688477,148.50564575195312,0.0,0.0,0.0,0.0,0.0,0.0,0.0,0.5246090292930603,-0.6610890626907349,0.6493690013885498,-0.3463311791419983
47000,30963.838280677795,40000,0.05000000000000002,0.9975031223974601,0.9,1.8155995825447573,0.0,0.06622516556291391,0.16279069767441862,0.0,0.0,0.01956706866621971,0.01956706866621971,0.051025390625,0.051025390625,-0.47066429257392883,0.0,0.0,0.0,0.0,0.0,0.0,0.0,0.0,0.0,0.0,0.0,0.0,0.0,0.0,0.0,0.0,0.0,0.0,0.0,0.0,0.0,0.0,0.0,0.0,146.05975341796875,149.80047607421875,2.185350179672241,0.0,0.034861527383327484,0.009844167158007622,153.80613708496094,0.06734244525432587,82.19413757324219,0.0,3.024932622909546,19.6200008392334,0.19345703721046448,9.457172393798828,0.0,1.1671596765518188,148.79820251464844,0.0,0.0,0.0,0.0,0.0,0.0,0.0,0.5004242658615112,-0.6731548309326172,0.5554567575454712,-0.3604622483253479
47200,31105.536150455475,40000,0.05000000000000002,0.9975031223974601,0.9,1.7485786232466434,0.0,0.11258278145695365,0.13004484304932734,0.0,0.0,0.019723080098628998,0.019723080098628998,0.05078125,0.05078125,-0.47209365169207257,0.0,0.0,0.0,0.0,0.0,0.0,0.0,0.0,0.0,0.0,0.0,0.0,0.0,0.0,0.0,0.0,0.0,0.0,0.0,0.0,0.0,0.0,0.0,0.0,150.349853515625,151.72848510742188,2.116096258163452,0.0,0.03714568912982941,0.012209009379148483,158.18869018554688,0.06392867863178253,41.6826171875,0.0,3.0474095344543457,19.6200008392334,0.20528972148895264,9.87855052947998,0.0,1.192935585975647,150.1573944091797,0.0,0.0,0.0,0.0,0.0,0.0,0.0,0.5536004304885864,-0.6832997798919678,0.6168054342269897,-0.3608981668949127
47400,31247.271525621414,40000,0.05000000000000002,0.9975031223974601,0.9,1.7730922074800957,0.0,0.07894736842105263,0.13551401869158877,0.0,0.0,0.019672177731990814,0.019672177731990814,0.049560546875,0.049560546875,-0.4692409833272298,0.0,0.0,0.0,0.0,0.0,0.0,0.0,0.0,0.0,0.0,0.0,0.0,0.0,0.0,0.0,0.0,0.0,0.0,0.0,0.0,0.0,0.0,0.0,0.0,160.71923828125,151.1846466064453,2.104403257369995,0.0,0.0393766425549984,0.008159495890140533,168.53073120117188,0.073393315076828,47.279422760009766,0.0,3.029022455215454,19.6200008392334,0.19968262314796448,9.388284683227539,0.0,1.1473655700683594,149.5649871826172,0.0,0.0,0.0,0.0,0.0,0.0,0.0,0.540871798992157,-0.6704022288322449,0.4997209310531616,-0.3641779124736786
47600,31388.697273492813,40000,0.05000000000000002,0.9975031223974601,0.9,1.7144657172507862,0.0,0.08552631578947369,0.14678899082568808,0.0,0.0,0.01966959238052368,0.01966959238052368,0.051513671875,0.051513671875,-0.4707196851571401,0.0,0.0,0.0,0.0,0.0,0.0,0.0,0.0,0.0,0.0,0.0,0.0,0.0,0.0,0.0,0.0,0.0,0.0,0.0,0.0,0.0,0.0,0.0,0.0,158.67919921875,152.3291473388672,2.2556705474853516,0.0,0.038393061608076096,0.010870177298784256,166.56288146972656,0.0657966285943985,48.04323959350586,0.0,3.038102865219116,19.6200008392334,0.2030029445886612,9.629956245422363,0.0,1.1785143613815308,150.3205108642578,0.0,0.0,0.0,0.0,0.0,0.0,0.0,0.5564426779747009,-0.6642435193061829,0.6408625841140747,-0.35923635959625244
47800,31530.295422315598,40000,0.05000000000000002,0.9975031223974601,0.9,1.7423053098188346,0.0,0.0457516339869281,0.12,0.0,0.0,0.019798707216978073,0.019798707216978073,0.049967447916666664,0.049967447916666664,-0.4723513722419739,0.0,0.0,0.0,0.0,0.0,0.0,0.0,0.0,0.0,0.0,0.0,0.0,0.0,0.0,0.0,0.0,0.0,0.0,0.0,0.0,0.0,0.0,0.0,0.0,145.6973876953125,153.3649139404297,2.2222447395324707,0.0,0.04172883182764053,0.011991838924586773,153.63319396972656,0.06476404517889023,54.09958267211914,0.0,3.0216503143310547,19.6200008392334,0.20179037749767303,9.932530403137207,0.0,1.1673765182495117,150.13063049316406,0.0,0.0,0.0,0.0,0.0,0.0,0.0,0.5630447864532471,-0.6454085111618042,0.601472795009613,-0.3541136384010315
48000,31671.66661977768,40000,0.05000000000000002,0.9975031223974601,0.9,1.7674305421114982,0.0,0.07947019867549669,0.12149532710280374,0.0,0.0,0.019877439364790916,0.019877439364790916,0.049967447916666664,0.049967447916666664,-0.4728343188762665,0.0,0.0,0.0,0.0,0.0,0.0,0.0,0.0,0.0,0.0,0.0,0.0,0.0,0.0,0.0,0.0,0.0,0.0,0.0,0.0,0.0,0.0,0.0,0.0,157.98593139648438,155.93670654296875,2.043191909790039,0.0,0.03705912455916405,0.010892890393733978,166.02740478515625,0.0720776617527008,42.054622650146484,0.0,3.052382469177246,19.6200008392334,0.20512697100639343,9.801583290100098,0.0,1.162972331047058,153.60342407226562,0.0,0.0,0.0,0.0,0.0,0.0,0.0,0.5838884115219116,-0.7008739709854126,0.6081762909889221,-0.35787346959114075
48200,31824.815878629684,40000,0.05000000000000002,0.9975031223974601,0.9,1.7901060642556272,0.0,0.06622516556291391,0.11764705882352941,0.0,0.0,0.019335797056555748,0.019335797056555748,0.050211588541666664,0.050211588541666664,-0.47144710024197894,0.0,0.0,0.0,0.0,0.0,0.0,0.0,0.0,0.0,0.0,0.0,0.0,0.0,0.0,0.0,0.0,0.0,0.0,0.0,0.0,0.0,0.0,0.0,0.0,145.8485107421875,152.24591064453125,2.1987252235412598,0.0,0.03713398054242134,0.014357497915625572,153.7221221923828,0.06937456130981445,48.84407424926758,0.0,3.0329809188842773,19.6200008392334,0.20258790254592896,10.16626262664795,0.0,1.2042654752731323,150.41714477539062,0.0,0.0,0.0,0.0,0.0,0.0,0.0,0.5861003994941711,-0.6983809471130371,0.6225153207778931,-0.3653317093849182
48400,31966.918557167053,40000,0.05000000000000002,0.9975031223974601,0.9,1.8105707229907035,0.0,0.07236842105263158,0.1506849315068493,0.0,0.0,0.01937137544155121,0.01937137544155121,0.049479166666666664,0.049479166666666664,-0.47021397948265076,0.0,0.0,0.0,0.0,0.0,0.0,0.0,0.0,0.0,0.0,0.0,0.0,0.0,0.0,0.0,0.0,0.0,0.0,0.0,0.0,0.0,0.0,0.0,0.0,147.57858276367188,153.30860900878906,2.002134084701538,0.0,0.036290254443883896,0.014194922521710396,155.48477172851562,0.0720956027507782,43.833465576171875,0.0,3.049813985824585,19.6200008392334,0.20209962129592896,9.981889724731445,0.0,1.178104043006897,151.33352661132812,0.0,0.0,0.0,0.0,0.0,0.0,0.0,0.5556652545928955,-0.6744765043258667,0.5655689239501953,-0.35264289379119873
48600,32108.674897670746,40000,0.05000000000000002,0.9975031223974601,0.9,1.82904007749911,0.0,0.09271523178807947,0.14096916299559473,0.0,0.0,0.020089510828256607,0.020089510828256607,0.050944010416666664,0.050944010416666664,-0.46991676092147827,0.0,0.0,0.0,0.0,0.0,0.0,0.0,0.0,0.0,0.0,0.0,0.0,0.0,0.0,0.0,0.0,0.0,0.0,0.0,0.0,0.0,0.0,0.0,0.0,159.06118774414062,154.3467254638672,1.9283769130706787,0.0,0.03713406249880791,0.01103886403143406,167.01181030273438,0.07927335053682327,55.455875396728516,0.0,3.076988935470581,19.6200008392334,0.20319825410842896,8.430241584777832,0.0,1.0745900869369507,153.34506225585938,0.0,0.0,0.0,0.0,0.0,0.0,0.0,0.4830757975578308,-0.6463500261306763,0.6382580995559692,-0.3609168827533722
48800,32250.753172636032,40000,0.05000000000000002,0.9975031223974601,0.9,1.8457086699429468,0.0,0.05228758169934641,0.18309859154929578,0.0,0.0,0.019910801202058792,0.019910801202058792,0.047688802083333336,0.047688802083333336,-0.46992738048235577,0.0,0.0,0.0,0.0,0.0,0.0,0.0,0.0,0.0,0.0,0.0,0.0,0.0,0.0,0.0,0.0,0.0,0.0,0.0,0.0,0.0,0.0,0.0,0.0,152.50457763671875,152.53787231445312,2.0262722969055176,0.0,0.031964972615242004,0.011598188430070877,160.36953735351562,0.06770334392786026,33.60367965698242,0.0,3.0521979331970215,19.6200008392334,0.20004883408546448,8.838135719299316,0.0,1.1300095319747925,151.08233642578125,0.0,0.0,0.0,0.0,0.0,0.0,0.0,0.5085504651069641,-0.673767626285553,0.57945716381073,-0.36004555225372314
49000,32393.151201963425,40000,0.05000000000000002,0.9975031223974601,0.9,1.8607520746235096,0.0,0.07894736842105263,0.16071428571428573,0.0,0.0,0.02027268521487713,0.02027268521487713,0.050862630208333336,0.050862630208333336,-0.4681366980075836,0.0,0.0,0.0,0.0,0.0,0.0,0.0,0.0,0.0,0.0,0.0,0.0,0.0,0.0,0.0,0.0,0.0,0.0,0.0,0.0,0.0,0.0,0.0,0.0,147.05918884277344,151.8526611328125,2.1913492679595947,0.0,0.037370841950178146,0.01507745124399662,154.912841796875,0.07693538069725037,65.11992645263672,0.0,3.0432095527648926,19.6200008392334,0.20611980557441711,9.58763599395752,0.0,1.163756012916565,150.91094970703125,0.0,0.0,0.0,0.0,0.0,0.0,0.0,0.5519084930419922,-0.7147340774536133,0.6225944757461548,-0.35630351305007935
49200,32535.303045988083,40000,0.05000000000000002,0.9975031223974601,0.9,1.8743287473477175,0.0,0.0728476821192053,0.12612612612612611,0.0,0.0,0.020182883366942406,0.020182883366942406,0.048990885416666664,0.048990885416666664,-0.4648800988992055,0.0,0.0,0.0,0.0,0.0,0.0,0.0,0.0,0.0,0.0,0.0,0.0,0.0,0.0,0.0,0.0,0.0,0.0,0.0,0.0,0.0,0.0,0.0,0.0,152.60931396484375,154.81260681152344,2.1359128952026367,0.0,0.0384480319917202,0.009860719554126263,160.60494995117188,0.07427369058132172,91.9354476928711,0.0,3.0670807361602783,19.6200008392334,0.21157227456569672,9.717631340026855,0.0,1.1645854711532593,152.60191345214844,0.0,0.0,0.0,0.0,0.0,0.0,0.0,0.5355803370475769,-0.6869475245475769,0.6029265522956848,-0.35762661695480347
49400,32677.632489919662,40000,0.05000000000000002,0.9975031223974601,0.9,1.8015816944813148,0.0,0.11333333333333333,0.13574660633484162,0.0,0.0,0.02004052698612213,0.02004052698612213,0.049235026041666664,0.049235026041666664,-0.4700723389784495,0.0,0.0,0.0,0.0,0.0,0.0,0.0,0.0,0.0,0.0,0.0,0.0,0.0,0.0,0.0,0.0,0.0,0.0,0.0,0.0,0.0,0.0,0.0,0.0,141.12237548828125,151.86605834960938,2.1352920532226562,0.0,0.03608885779976845,0.012154847383499146,148.9689483642578,0.0683627724647522,178.22503662109375,0.0,3.037137985229492,19.6200008392334,0.2024332731962204,9.609112739562988,0.0,1.172668218612671,150.45425415039062,0.0,0.0,0.0,0.0,0.0,0.0,0.0,0.5474578142166138,-0.724111795425415,0.6613748073577881,-0.35451239347457886
49600,32830.78923749924,40000,0.05000000000000002,0.9975031223974601,0.9,1.8209274792693866,0.0,0.08053691275167785,0.1712962962962963,0.0,0.0,0.019747456535696983,0.019747456535696983,0.05029296875,0.05029296875,-0.47063320875167847,0.0,0.0,0.0,0.0,0.0,0.0,0.0,0.0,0.0,0.0,0.0,0.0,0.0,0.0,0.0,0.0,0.0,0.0,0.0,0.0,0.0,0.0,0.0,0.0,144.85182189941406,153.17962646484375,2.2146894931793213,0.0,0.034170832484960556,0.012923911213874817,152.7703094482422,0.06683866679668427,52.98379135131836,0.0,3.0473787784576416,19.6200008392334,0.21070151031017303,9.869914054870605,0.0,1.204442024230957,151.4185791015625,0.0,0.0,0.0,0.0,0.0,0.0,0.0,0.560645580291748,-0.6902356743812561,0.6235398650169373,-0.35036057233810425
49800,32973.57137584686,40000,0.05000000000000002,0.9975031223974601,0.9,1.8383870500406214,0.0,0.061224489795918366,0.14285714285714285,0.0,0.0,0.02076670527458191,0.02076670527458191,0.0537109375,0.0537109375,-0.46673744916915894,0.0,0.0,0.0,0.0,0.0,0.0,0.0,0.0,0.0,0.0,0.0,0.0,0.0,0.0,0.0,0.0,0.0,0.0,0.0,0.0,0.0,0.0,0.0,0.0,141.63479614257812,153.40570068359375,2.341731309890747,0.0,0.042476482689380646,0.01812187395989895,149.58717346191406,0.06541011482477188,48.60969543457031,0.0,3.0670344829559326,19.6200008392334,0.22797039151191711,10.876437187194824,0.0,1.2903426885604858,151.54620361328125,0.0,0.0,0.0,0.0,0.0,0.0,0.0,0.6245094537734985,-0.6780993938446045,0.5124269723892212,-0.33789101243019104
50000,33116.10169887543,40000,0.05000000000000002,0.9975031223974601,0.9,1.8541443126616608,0.0,0.02702702702702703,0.1336405529953917,0.0,0.0,0.019266195595264435,0.019266195595264435,0.049723307291666664,0.049723307291666664,-0.4708004097143809,0.0,0.0,0.0,0.0,0.0,0.0,0.0,0.0,0.0,0.0,0.0,0.0,0.0,0.0,0.0,0.0,0.0,0.0,0.0,0.0,0.0,0.0,0.0,0.0,168.458740234375,156.05979919433594,2.5111007690429688,0.0,0.04428013414144516,0.012059925124049187,176.5607452392578,0.06558584421873093,45.49446487426758,0.0,3.1025469303131104,19.6200008392334,0.23855794966220856,11.13005256652832,0.0,1.3111227750778198,155.79173278808594,0.0,0.0,0.0,0.0,0.0,0.0,0.0,0.6197177171707153,-0.6796624660491943,0.6649093627929688,-0.3559587001800537
