mode,step,ckpt_name,episode_idx,outcome,n_steps,cps_episode,reach,collision,oob,stuck,timeout,infeasible_step_frac,empty_step_frac,singular_step_frac,saturation_step_frac,min_window_displacement,mean_proj_mag,max_h,traj_path_len,angrate_at_reach,collision_cause,band_crossings,first_crossing_step
final,159912,ppo_rev12_114505,0,goal,81,1.0,1.0,0.0,0.0,0.0,0.0,0.0,0.0,0.0,0.0,3.2429449558258057,0.0,-0.3664788007736206,7.206223487854004,0.2549200654029846,,0,-1
final,159912,ppo_rev12_114505,1,goal,140,1.0,1.0,0.0,0.0,0.0,0.0,0.0,0.0,0.0,0.0,3.9144175052642822,0.0,0.14538925886154175,13.83769416809082,0.2701927721500397,,0,-1
final,159912,ppo_rev12_114505,2,goal,83,1.0,1.0,0.0,0.0,0.0,0.0,0.0,0.0,0.0,0.0,5.588861465454102,0.0,-0.7023271322250366,8.526450157165527,0.28782299160957336,,0,-1
final,159912,ppo_rev12_114505,3,goal,160,1.0,1.0,0.0,0.0,0.0,0.0,0.0,0.0,0.0,0.0,2.4466137886047363,0.0,0.1838727593421936,11.95042610168457,0.27645185589790344,,0,-1
final,159912,ppo_rev12_114505,4,goal,104,1.0,1.0,0.0,0.0,0.0,0.0,0.0,0.0,0.0,0.0,4.171803951263428,0.0,-1.0,9.176017761230469,0.20466014742851257,,0,-1
final,159912,ppo_rev12_114505,5,goal,93,1.0,1.0,0.0,0.0,0.0,0.0,0.0,0.0,0.0,0.0,4.539597988128662,0.0,-0.22903311252593994,9.504949569702148,0.2682720422744751,,0,-1
final,159912,ppo_rev12_114505,6,goal,79,1.0,1.0,0.0,0.0,0.0,0.0,0.0,0.0,0.0,0.0,5.671416759490967,0.0,-1.0,8.437692642211914,0.10825955122709274,,0,-1
final,159912,ppo_rev12_114505,7,goal,77,1.0,1.0,0.0,0.0,0.0,0.0,0.0,0.0,0.0,0.0,3.254625082015991,0.0,-0.28561973571777344,5.490008354187012,0.2636735737323761,,0,-1
final,159912,ppo_rev12_114505,8,goal,136,1.0,1.0,0.0,0.0,0.0,0.0,0.0,0.0,0.0,0.0,0.9284029603004456,0.0,-1.0,10.024856567382812,0.26179039478302,,0,-1
final,159912,ppo_rev12_114505,9,goal,109,1.0,1.0,0.0,0.0,0.0,0.0,0.0,0.0,0.0,0.0,4.301581859588623,0.0,-1.0,10.189350128173828,0.2362358272075653,,0,-1
final,159912,ppo_rev12_114505,10,goal,51,1.0,1.0,0.0,0.0,0.0,0.0,0.0,0.0,0.0,0.0,nan,0.0,0.8592557311058044,4.18049430847168,0.24237211048603058,,0,-1
final,159912,ppo_rev12_114505,11,goal,66,1.0,1.0,0.0,0.0,0.0,0.0,0.0,0.0,0.0,0.0,3.8123650550842285,0.0,-1.0,6.1125617027282715,0.27273324131965637,,0,-1
final,159912,ppo_rev12_114505,12,goal,140,1.0,1.0,0.0,0.0,0.0,0.0,0.0,0.0,0.0,0.0,3.9039971828460693,0.0,-1.0,13.700260162353516,0.18872442841529846,,0,-1
final,159912,ppo_rev12_114505,13,goal,69,1.0,1.0,0.0,0.0,0.0,0.0,0.0,0.0,0.0,0.0,5.138140678405762,0.0,-1.0,5.973244667053223,0.2602688670158386,,0,-1
final,159912,ppo_rev12_114505,14,goal,69,1.0,1.0,0.0,0.0,0.0,0.0,0.0,0.0,0.0,0.0,4.18062162399292,0.0,-1.0,6.079952239990234,0.290431946516037,,0,-1
final,159912,ppo_rev12_114505,15,goal,75,1.0,1.0,0.0,0.0,0.0,0.0,0.0,0.0,0.0,0.0,5.33389139175415,0.0,-1.0,7.675379753112793,0.2899453341960907,,1,9
final,159912,ppo_rev12_114505,16,timeout,200,-0.5,0.0,0.0,0.0,0.0,1.0,0.0,0.0,0.0,0.015,0.4203236699104309,0.0,0.658424973487854,11.600687026977539,nan,,0,-1
final,159912,ppo_rev12_114505,17,goal,55,1.0,1.0,0.0,0.0,0.0,0.0,0.0,0.0,0.0,0.0,nan,0.0,-1.0,4.475906848907471,0.2779790163040161,,0,-1
final,159912,ppo_rev12_114505,18,goal,75,1.0,1.0,0.0,0.0,0.0,0.0,0.0,0.0,0.0,0.0,3.6150317192077637,0.0,-1.0,6.232182502746582,0.2730519473552704,,0,-1
final,159912,ppo_rev12_114505,19,goal,115,1.0,1.0,0.0,0.0,0.0,0.0,0.0,0.0,0.0,0.026086956521739132,3.476020097732544,0.0,-1.0,11.579251289367676,0.2957545518875122,,0,-1
final,159912,ppo_rev12_114505,20,goal,63,1.0,1.0,0.0,0.0,0.0,0.0,0.0,0.0,0.0,0.0,6.196584224700928,0.0,-1.0,6.627498626708984,0.29568129777908325,,0,-1
final,159912,ppo_rev12_114505,21,goal,97,1.0,1.0,0.0,0.0,0.0,0.0,0.0,0.0,0.0,0.0,4.149075031280518,0.0,-1.0,9.149198532104492,0.2653314471244812,,0,-1
final,159912,ppo_rev12_114505,22,goal,94,1.0,1.0,0.0,0.0,0.0,0.0,0.0,0.0,0.0,0.0,2.78999662399292,0.0,-0.6687992811203003,7.660979270935059,0.25209057331085205,,0,-1
final,159912,ppo_rev12_114505,23,goal,51,1.0,1.0,0.0,0.0,0.0,0.0,0.0,0.0,0.0,0.0,nan,0.0,-1.0,4.686200141906738,0.27107930183410645,,0,-1
final,159912,ppo_rev12_114505,24,goal,146,1.0,1.0,0.0,0.0,0.0,0.0,0.0,0.0,0.0,0.0,3.4317753314971924,0.0,-0.5315015316009521,12.957244873046875,0.266323059797287,,0,-1
final,159912,ppo_rev12_114505,25,goal,66,1.0,1.0,0.0,0.0,0.0,0.0,0.0,0.0,0.0,0.0,5.872325897216797,0.0,-1.0,6.476435661315918,0.2731397747993469,,0,-1
final,159912,ppo_rev12_114505,26,goal,102,1.0,1.0,0.0,0.0,0.0,0.0,0.0,0.0,0.0,0.0,3.7991232872009277,0.0,-1.0,8.667414665222168,0.28073474764823914,,0,-1
final,159912,ppo_rev12_114505,27,goal,87,1.0,1.0,0.0,0.0,0.0,0.0,0.0,0.0,0.0,0.0,3.6995906829833984,0.0,-1.0,6.836639404296875,0.26791709661483765,,0,-1
final,159912,ppo_rev12_114505,28,goal,131,1.0,1.0,0.0,0.0,0.0,0.0,0.0,0.0,0.0,0.030534351145038167,3.37614107131958,0.0,-0.434688925743103,11.844493865966797,0.2902870774269104,,0,-1
final,159912,ppo_rev12_114505,29,goal,93,1.0,1.0,0.0,0.0,0.0,0.0,0.0,0.0,0.0,0.0,4.410844802856445,0.0,-1.0,9.824766159057617,0.27961671352386475,,0,-1
final,159912,ppo_rev12_114505,30,goal,63,1.0,1.0,0.0,0.0,0.0,0.0,0.0,0.0,0.0,0.0,5.553838729858398,0.0,-1.0,6.276914596557617,0.24921590089797974,,0,-1
final,159912,ppo_rev12_114505,31,goal,94,1.0,1.0,0.0,0.0,0.0,0.0,0.0,0.0,0.0,0.0,5.493937015533447,0.0,0.36490076780319214,10.347420692443848,0.2302033007144928,,0,-1
final,159912,ppo_rev12_114505,32,goal,79,1.0,1.0,0.0,0.0,0.0,0.0,0.0,0.0,0.0,0.0,3.1179685592651367,0.0,-0.05256354808807373,7.535732746124268,0.07627933472394943,,0,-1
final,159912,ppo_rev12_114505,33,goal,108,1.0,1.0,0.0,0.0,0.0,0.0,0.0,0.0,0.0,0.0,1.707560420036316,0.0,-1.0,7.478129863739014,0.10082259774208069,,0,-1
final,159912,ppo_rev12_114505,34,goal,76,1.0,1.0,0.0,0.0,0.0,0.0,0.0,0.0,0.0,0.0,5.728714942932129,0.0,-0.9842240810394287,7.822839736938477,0.2935057282447815,,0,-1
final,159912,ppo_rev12_114505,35,goal,68,1.0,1.0,0.0,0.0,0.0,0.0,0.0,0.0,0.0,0.0,4.534080982208252,0.0,-1.0,5.797152519226074,0.2865414023399353,,0,-1
final,159912,ppo_rev12_114505,36,goal,90,1.0,1.0,0.0,0.0,0.0,0.0,0.0,0.0,0.0,0.0,3.218531608581543,0.0,-0.3116445541381836,6.294947624206543,0.28434717655181885,,0,-1
final,159912,ppo_rev12_114505,37,goal,88,1.0,1.0,0.0,0.0,0.0,0.0,0.0,0.0,0.0,0.0,5.899017333984375,0.0,-0.8864622116088867,9.122308731079102,0.27608904242515564,,0,-1
final,159912,ppo_rev12_114505,38,goal,63,1.0,1.0,0.0,0.0,0.0,0.0,0.0,0.0,0.0,0.0,4.4675164222717285,0.0,-1.0,6.316225051879883,0.28279170393943787,,0,-1
final,159912,ppo_rev12_114505,39,goal,176,1.0,1.0,0.0,0.0,0.0,0.0,0.0,0.0,0.0,0.0,3.026771068572998,0.0,0.8096789717674255,17.850723266601562,0.24254201352596283,,0,-1
final,159912,ppo_rev12_114505,40,goal,53,1.0,1.0,0.0,0.0,0.0,0.0,0.0,0.0,0.0,0.0,nan,0.0,-0.9256711006164551,4.760980606079102,0.24947674572467804,,0,-1
final,159912,ppo_rev12_114505,41,goal,136,1.0,1.0,0.0,0.0,0.0,0.0,0.0,0.0,0.0,0.0,0.7779349684715271,0.0,0.5420006513595581,8.213090896606445,0.2010280191898346,,0,-1
final,159912,ppo_rev12_114505,42,goal,63,1.0,1.0,0.0,0.0,0.0,0.0,0.0,0.0,0.0,0.0,4.790555953979492,0.0,-1.0,5.440533638000488,0.17923793196678162,,0,-1
final,159912,ppo_rev12_114505,43,goal,77,1.0,1.0,0.0,0.0,0.0,0.0,0.0,0.0,0.0,0.0,5.723165988922119,0.0,-1.0,8.114666938781738,0.2934168875217438,,0,-1
final,159912,ppo_rev12_114505,44,goal,151,1.0,1.0,0.0,0.0,0.0,0.0,0.0,0.0,0.0,0.0,2.189331293106079,0.0,-0.10689842700958252,13.069926261901855,0.2844659984111786,,0,-1
final,159912,ppo_rev12_114505,45,goal,57,1.0,1.0,0.0,0.0,0.0,0.0,0.0,0.0,0.0,0.0,nan,0.0,-0.9932478666305542,5.121021747589111,0.2879047691822052,,0,-1
final,159912,ppo_rev12_114505,46,goal,75,1.0,1.0,0.0,0.0,0.0,0.0,0.0,0.0,0.0,0.013333333333333334,4.292401313781738,0.0,-0.15266430377960205,7.4307122230529785,0.29740869998931885,,0,-1
final,159912,ppo_rev12_114505,47,goal,68,1.0,1.0,0.0,0.0,0.0,0.0,0.0,0.0,0.0,0.0,5.386127948760986,0.0,-0.8077836036682129,6.7640180587768555,0.2763747274875641,,0,-1
final,159912,ppo_rev12_114505,48,goal,126,1.0,1.0,0.0,0.0,0.0,0.0,0.0,0.0,0.0,0.0,4.7629523277282715,0.0,-1.0,13.16140365600586,0.2559225559234619,,0,-1
final,159912,ppo_rev12_114505,49,goal,106,1.0,1.0,0.0,0.0,0.0,0.0,0.0,0.0,0.0,0.0,3.704177141189575,0.0,-1.0,9.979036331176758,0.29405564069747925,,0,-1
final,159912,ppo_rev12_114505,50,goal,60,1.0,1.0,0.0,0.0,0.0,0.0,0.0,0.0,0.0,0.0,5.440825939178467,0.0,-1.0,5.704347610473633,0.23632241785526276,,0,-1
final,159912,ppo_rev12_114505,51,goal,76,1.0,1.0,0.0,0.0,0.0,0.0,0.0,0.0,0.0,0.0,4.106368541717529,0.0,-0.1085289716720581,7.803572654724121,0.2756863236427307,,0,-1
final,159912,ppo_rev12_114505,52,goal,48,1.0,1.0,0.0,0.0,0.0,0.0,0.0,0.0,0.0,0.0,nan,0.0,-1.0,3.761363983154297,0.2733277380466461,,0,-1
final,159912,ppo_rev12_114505,53,goal,128,1.0,1.0,0.0,0.0,0.0,0.0,0.0,0.0,0.0,0.0,3.017725944519043,0.0,0.23558712005615234,11.71493148803711,0.25892242789268494,,0,-1
final,159912,ppo_rev12_114505,54,goal,77,1.0,1.0,0.0,0.0,0.0,0.0,0.0,0.0,0.0,0.0,5.627345561981201,0.0,-0.46903347969055176,7.742281913757324,0.28201305866241455,,0,-1
final,159912,ppo_rev12_114505,55,goal,163,1.0,1.0,0.0,0.0,0.0,0.0,0.0,0.0,0.0,0.006134969325153374,3.3555498123168945,0.0,-0.163787841796875,15.684106826782227,0.2618473470211029,,0,-1
final,159912,ppo_rev12_114505,56,goal,54,1.0,1.0,0.0,0.0,0.0,0.0,0.0,0.0,0.0,0.0,nan,0.0,-0.726688027381897,3.499098300933838,0.1650802195072174,,0,-1
final,159912,ppo_rev12_114505,57,goal,52,1.0,1.0,0.0,0.0,0.0,0.0,0.0,0.0,0.0,0.0,nan,0.0,-1.0,4.031644821166992,0.24680447578430176,,0,-1
final,159912,ppo_rev12_114505,58,goal,80,1.0,1.0,0.0,0.0,0.0,0.0,0.0,0.0,0.0,0.0,6.201930046081543,0.0,-1.0,8.904447555541992,0.2861567735671997,,0,-1
final,159912,ppo_rev12_114505,59,goal,69,1.0,1.0,0.0,0.0,0.0,0.0,0.0,0.0,0.0,0.0,5.419893741607666,0.0,-1.0,7.052016735076904,0.2552662789821625,,0,-1
final,159912,ppo_rev12_114505,60,goal,91,1.0,1.0,0.0,0.0,0.0,0.0,0.0,0.0,0.0,0.0,3.6074697971343994,0.0,-1.0,9.386101722717285,0.25790318846702576,,0,-1
final,159912,ppo_rev12_114505,61,goal,73,1.0,1.0,0.0,0.0,0.0,0.0,0.0,0.0,0.0,0.0273972602739726,3.669210910797119,0.0,-1.0,7.273043632507324,0.2700868248939514,,0,-1
final,159912,ppo_rev12_114505,62,goal,76,1.0,1.0,0.0,0.0,0.0,0.0,0.0,0.0,0.0,0.0,4.201714992523193,0.0,-0.1454153060913086,7.0287065505981445,0.2247844934463501,,0,-1
final,159912,ppo_rev12_114505,63,goal,89,1.0,1.0,0.0,0.0,0.0,0.0,0.0,0.0,0.0,0.011235955056179775,3.226696014404297,0.0,-0.5246697664260864,9.040851593017578,0.27015718817710876,,0,-1
final,159912,ppo_rev12_114505,64,goal,66,1.0,1.0,0.0,0.0,0.0,0.0,0.0,0.0,0.0,0.0,3.3260369300842285,0.0,0.5638216733932495,5.5396504402160645,0.28692975640296936,,0,-1
final,159912,ppo_rev12_114505,65,goal,59,1.0,1.0,0.0,0.0,0.0,0.0,0.0,0.0,0.0,0.0,nan,0.0,-1.0,5.609675884246826,0.28799623250961304,,0,-1
final,159912,ppo_rev12_114505,66,goal,75,1.0,1.0,0.0,0.0,0.0,0.0,0.0,0.0,0.0,0.0,4.150178909301758,0.0,-1.0,7.058033466339111,0.2992217540740967,,0,-1
final,159912,ppo_rev12_114505,67,goal,77,1.0,1.0,0.0,0.0,0.0,0.0,0.0,0.0,0.0,0.0,5.130281448364258,0.0,-1.0,8.347094535827637,0.2645423114299774,,0,-1
final,159912,ppo_rev12_114505,68,collision,20,-2.0,0.0,1.0,0.0,0.0,0.0,0.0,0.0,0.0,0.0,nan,0.0,1.0,2.4851529598236084,nan,obstacle,0,-1
final,159912,ppo_rev12_114505,69,goal,58,1.0,1.0,0.0,0.0,0.0,0.0,0.0,0.0,0.0,0.0,nan,0.0,-1.0,5.090296268463135,0.2686083912849426,,0,-1
final,159912,ppo_rev12_114505,70,goal,126,1.0,1.0,0.0,0.0,0.0,0.0,0.0,0.0,0.0,0.0,2.6567864418029785,0.0,-0.46764111518859863,10.821808815002441,0.28865477442741394,,0,-1
final,159912,ppo_rev12_114505,71,goal,167,1.0,1.0,0.0,0.0,0.0,0.0,0.0,0.0,0.0,0.0,1.7574653625488281,0.0,0.0030785799026489258,14.370384216308594,0.2810279428958893,,0,-1
final,159912,ppo_rev12_114505,72,goal,156,1.0,1.0,0.0,0.0,0.0,0.0,0.0,0.0,0.0,0.0,1.8654108047485352,0.0,-0.11733341217041016,11.024435997009277,0.19400554895401,,0,-1
final,159912,ppo_rev12_114505,73,goal,96,1.0,1.0,0.0,0.0,0.0,0.0,0.0,0.0,0.0,0.0,5.6628899574279785,0.0,-1.0,10.621524810791016,0.22744683921337128,,0,-1
final,159912,ppo_rev12_114505,74,goal,74,1.0,1.0,0.0,0.0,0.0,0.0,0.0,0.0,0.0,0.0,4.445092678070068,0.0,-0.7695176601409912,6.351895332336426,0.290432333946228,,0,-1
final,159912,ppo_rev12_114505,75,goal,67,1.0,1.0,0.0,0.0,0.0,0.0,0.0,0.0,0.0,0.0,4.822527885437012,0.0,-1.0,5.977568626403809,0.2926090955734253,,0,-1
final,159912,ppo_rev12_114505,76,goal,85,1.0,1.0,0.0,0.0,0.0,0.0,0.0,0.0,0.0,0.0,5.580418586730957,0.0,-1.0,8.738905906677246,0.2784920930862427,,0,-1
final,159912,ppo_rev12_114505,77,goal,70,1.0,1.0,0.0,0.0,0.0,0.0,0.0,0.0,0.0,0.0,4.595268726348877,0.0,-1.0,6.764472484588623,0.2991177439689636,,0,-1
final,159912,ppo_rev12_114505,78,goal,48,1.0,1.0,0.0,0.0,0.0,0.0,0.0,0.0,0.0,0.0,nan,0.0,0.05544942617416382,3.8782687187194824,0.2926366627216339,,0,-1
final,159912,ppo_rev12_114505,79,goal,155,1.0,1.0,0.0,0.0,0.0,0.0,0.0,0.0,0.0,0.0,3.7061960697174072,0.0,0.07328653335571289,15.533012390136719,0.1830480992794037,,0,-1
final,159912,ppo_rev12_114505,80,goal,67,1.0,1.0,0.0,0.0,0.0,0.0,0.0,0.0,0.0,0.0,4.382087707519531,0.0,-1.0,6.379158020019531,0.2715490162372589,,0,-1
final,159912,ppo_rev12_114505,81,goal,48,1.0,1.0,0.0,0.0,0.0,0.0,0.0,0.0,0.0,0.0,nan,0.0,-1.0,3.9643397331237793,0.25287267565727234,,0,-1
final,159912,ppo_rev12_114505,82,stuck,188,-1.0,0.0,0.0,0.0,1.0,0.0,0.0,0.0,0.0,0.0,0.07938911765813828,0.0,-1.0,6.547740459442139,nan,,0,-1
final,159912,ppo_rev12_114505,83,timeout,200,-0.5,0.0,0.0,0.0,0.0,1.0,0.0,0.0,0.0,0.0,0.36913836002349854,0.0,0.8041428923606873,10.354944229125977,nan,,0,-1
final,159912,ppo_rev12_114505,84,goal,86,1.0,1.0,0.0,0.0,0.0,0.0,0.0,0.0,0.0,0.0,2.4150619506835938,0.0,-0.21226131916046143,4.242591857910156,0.15539126098155975,,0,-1
final,159912,ppo_rev12_114505,85,goal,70,1.0,1.0,0.0,0.0,0.0,0.0,0.0,0.0,0.0,0.0,5.3906450271606445,0.0,-1.0,6.51676082611084,0.2820863425731659,,0,-1
final,159912,ppo_rev12_114505,86,collision,8,-2.0,0.0,1.0,0.0,0.0,0.0,0.0,0.0,0.0,0.0,nan,0.0,1.0,0.9417172074317932,nan,obstacle,0,-1
final,159912,ppo_rev12_114505,87,goal,97,1.0,1.0,0.0,0.0,0.0,0.0,0.0,0.0,0.0,0.0,1.9107688665390015,0.0,0.1628677248954773,7.00164794921875,0.28556594252586365,,0,-1
final,159912,ppo_rev12_114505,88,goal,49,1.0,1.0,0.0,0.0,0.0,0.0,0.0,0.0,0.0,0.0,nan,0.0,-1.0,4.155411243438721,0.2855324149131775,,0,-1
final,159912,ppo_rev12_114505,89,goal,110,1.0,1.0,0.0,0.0,0.0,0.0,0.0,0.0,0.0,0.0,5.037988662719727,0.0,-0.5776811838150024,10.845884323120117,0.26016268134117126,,0,-1
final,159912,ppo_rev12_114505,90,goal,104,1.0,1.0,0.0,0.0,0.0,0.0,0.0,0.0,0.0,0.0,4.166654109954834,0.0,0.1942693591117859,9.955015182495117,0.276134729385376,,0,-1
final,159912,ppo_rev12_114505,91,goal,94,1.0,1.0,0.0,0.0,0.0,0.0,0.0,0.0,0.0,0.0,5.904977798461914,0.0,-0.292657732963562,10.202841758728027,0.28006282448768616,,0,-1
final,159912,ppo_rev12_114505,92,goal,41,1.0,1.0,0.0,0.0,0.0,0.0,0.0,0.0,0.0,0.0,nan,0.0,-1.0,3.228943347930908,0.22961106896400452,,0,-1
final,159912,ppo_rev12_114505,93,timeout,200,-0.5,0.0,0.0,0.0,0.0,1.0,0.0,0.0,0.0,0.0,0.397296279668808,0.0,-0.6446208953857422,9.955432891845703,nan,,0,-1
final,159912,ppo_rev12_114505,94,goal,64,1.0,1.0,0.0,0.0,0.0,0.0,0.0,0.0,0.0,0.0,4.1874098777771,0.0,-0.3829296827316284,4.688209056854248,0.2636764645576477,,0,-1
final,159912,ppo_rev12_114505,95,goal,61,1.0,1.0,0.0,0.0,0.0,0.0,0.0,0.0,0.0,0.0,5.501309871673584,0.0,-1.0,6.325455665588379,0.2969215214252472,,0,-1
final,159912,ppo_rev12_114505,96,goal,55,1.0,1.0,0.0,0.0,0.0,0.0,0.0,0.0,0.0,0.0,nan,0.0,-0.21593749523162842,5.014173984527588,0.2887091338634491,,0,-1
final,159912,ppo_rev12_114505,97,goal,90,1.0,1.0,0.0,0.0,0.0,0.0,0.0,0.0,0.0,0.0,4.466870307922363,0.0,-1.0,9.526753425598145,0.277987003326416,,0,-1
final,159912,ppo_rev12_114505,98,stuck,101,-1.0,0.0,0.0,0.0,1.0,0.0,0.0,0.0,0.0,0.0,0.0536501370370388,0.0,-1.0,3.210419178009033,nan,,0,-1
final,159912,ppo_rev12_114505,99,goal,124,1.0,1.0,0.0,0.0,0.0,0.0,0.0,0.0,0.0,0.0,3.0450170040130615,0.0,0.8582744598388672,11.73909854888916,0.27251675724983215,,0,-1
final,159912,ppo_rev12_114505,100,goal,44,1.0,1.0,0.0,0.0,0.0,0.0,0.0,0.0,0.0,0.0,nan,0.0,-1.0,2.975801944732666,0.16321758925914764,,0,-1
final,159912,ppo_rev12_114505,101,goal,83,1.0,1.0,0.0,0.0,0.0,0.0,0.0,0.0,0.0,0.0,3.560408353805542,0.0,-0.7439746856689453,7.873615741729736,0.2596316337585449,,0,-1
final,159912,ppo_rev12_114505,102,goal,94,1.0,1.0,0.0,0.0,0.0,0.0,0.0,0.0,0.0,0.0,4.073170185089111,0.0,-1.0,9.298972129821777,0.28600069880485535,,0,-1
final,159912,ppo_rev12_114505,103,goal,120,1.0,1.0,0.0,0.0,0.0,0.0,0.0,0.0,0.0,0.0,3.07684326171875,0.0,0.17125463485717773,8.526880264282227,0.28920280933380127,,0,-1
final,159912,ppo_rev12_114505,104,goal,76,1.0,1.0,0.0,0.0,0.0,0.0,0.0,0.0,0.0,0.0,5.555210113525391,0.0,-1.0,7.615271091461182,0.2924502491950989,,0,-1
final,159912,ppo_rev12_114505,105,goal,67,1.0,1.0,0.0,0.0,0.0,0.0,0.0,0.0,0.0,0.0,5.887761116027832,0.0,-1.0,6.859408378601074,0.25700899958610535,,0,-1
final,159912,ppo_rev12_114505,106,goal,71,1.0,1.0,0.0,0.0,0.0,0.0,0.0,0.0,0.0,0.0,5.29909610748291,0.0,-1.0,7.485506534576416,0.27634793519973755,,0,-1
final,159912,ppo_rev12_114505,107,goal,44,1.0,1.0,0.0,0.0,0.0,0.0,0.0,0.0,0.0,0.0,nan,0.0,-1.0,3.812110185623169,0.125693216919899,,0,-1
final,159912,ppo_rev12_114505,108,goal,109,1.0,1.0,0.0,0.0,0.0,0.0,0.0,0.0,0.0,0.0,1.470069408416748,0.0,0.4469165802001953,6.334908485412598,0.2398558259010315,,0,-1
final,159912,ppo_rev12_114505,109,goal,163,1.0,1.0,0.0,0.0,0.0,0.0,0.0,0.0,0.0,0.0,2.4220077991485596,0.0,-0.7243996858596802,16.415287017822266,0.2833770215511322,,0,-1
final,159912,ppo_rev12_114505,110,goal,179,1.0,1.0,0.0,0.0,0.0,0.0,0.0,0.0,0.0,0.0,4.924497604370117,0.0,-0.489215612411499,19.500213623046875,0.25894904136657715,,0,-1
final,159912,ppo_rev12_114505,111,goal,56,1.0,1.0,0.0,0.0,0.0,0.0,0.0,0.0,0.0,0.0,nan,0.0,-1.0,5.032154083251953,0.1727887988090515,,0,-1
final,159912,ppo_rev12_114505,112,goal,150,1.0,1.0,0.0,0.0,0.0,0.0,0.0,0.0,0.0,0.0,3.3708181381225586,0.0,-1.0,13.981090545654297,0.2677757740020752,,0,-1
final,159912,ppo_rev12_114505,113,goal,64,1.0,1.0,0.0,0.0,0.0,0.0,0.0,0.0,0.0,0.0,5.259763240814209,0.0,-1.0,5.759555816650391,0.2948124408721924,,0,-1
final,159912,ppo_rev12_114505,114,goal,61,1.0,1.0,0.0,0.0,0.0,0.0,0.0,0.0,0.0,0.0,3.4017527103424072,0.0,0.12468039989471436,5.155516624450684,0.27839139103889465,,0,-1
final,159912,ppo_rev12_114505,115,goal,63,1.0,1.0,0.0,0.0,0.0,0.0,0.0,0.0,0.0,0.0,2.494631290435791,0.0,-1.0,3.4847424030303955,0.09233967959880829,,0,-1
final,159912,ppo_rev12_114505,116,goal,123,1.0,1.0,0.0,0.0,0.0,0.0,0.0,0.0,0.0,0.0,3.035168409347534,0.0,-0.25895988941192627,9.418549537658691,0.2783733308315277,,0,-1
final,159912,ppo_rev12_114505,117,goal,98,1.0,1.0,0.0,0.0,0.0,0.0,0.0,0.0,0.0,0.0,4.554364204406738,0.0,-0.9703481197357178,9.142468452453613,0.2883698344230652,,0,-1
final,159912,ppo_rev12_114505,118,goal,72,1.0,1.0,0.0,0.0,0.0,0.0,0.0,0.0,0.0,0.0,5.731539249420166,0.0,-1.0,7.305975437164307,0.27754390239715576,,0,-1
final,159912,ppo_rev12_114505,119,timeout,200,-0.5,0.0,0.0,0.0,0.0,1.0,0.0,0.0,0.0,0.0,0.36317577958106995,0.0,0.6606312394142151,14.784290313720703,nan,,0,-1
final,159912,ppo_rev12_114505,120,goal,90,1.0,1.0,0.0,0.0,0.0,0.0,0.0,0.0,0.0,0.0,4.753386974334717,0.0,-0.10093426704406738,8.107410430908203,0.26423385739326477,,0,-1
final,159912,ppo_rev12_114505,121,collision,4,-2.0,0.0,1.0,0.0,0.0,0.0,0.0,0.0,0.0,0.0,nan,0.0,1.0,0.320357084274292,nan,obstacle,0,-1
final,159912,ppo_rev12_114505,122,goal,89,1.0,1.0,0.0,0.0,0.0,0.0,0.0,0.0,0.0,0.0,4.446296691894531,0.0,-0.47118330001831055,9.345964431762695,0.23942723870277405,,0,-1
final,159912,ppo_rev12_114505,123,goal,118,1.0,1.0,0.0,0.0,0.0,0.0,0.0,0.0,0.0,0.01694915254237288,4.532278537750244,0.0,0.6694084405899048,12.871665954589844,0.2530275285243988,,0,-1
final,159912,ppo_rev12_114505,124,goal,39,1.0,1.0,0.0,0.0,0.0,0.0,0.0,0.0,0.0,0.0,nan,0.0,-1.0,3.266226291656494,0.24619808793067932,,0,-1
final,159912,ppo_rev12_114505,125,goal,86,1.0,1.0,0.0,0.0,0.0,0.0,0.0,0.0,0.0,0.0,3.3867080211639404,0.0,-1.0,7.385056495666504,0.2893266975879669,,0,-1
final,159912,ppo_rev12_114505,126,goal,56,1.0,1.0,0.0,0.0,0.0,0.0,0.0,0.0,0.0,0.0,nan,0.0,-1.0,5.1394853591918945,0.29908880591392517,,0,-1
final,159912,ppo_rev12_114505,127,goal,84,1.0,1.0,0.0,0.0,0.0,0.0,0.0,0.0,0.0,0.0,5.494523048400879,0.0,0.05967980623245239,8.892364501953125,0.2711636424064636,,0,-1
final,159912,ppo_rev12_114505,128,timeout,200,-0.5,0.0,0.0,0.0,0.0,1.0,0.0,0.0,0.0,0.0,0.8680618405342102,0.0,0.9526732563972473,12.056074142456055,nan,,1,6
final,159912,ppo_rev12_114505,129,goal,86,1.0,1.0,0.0,0.0,0.0,0.0,0.0,0.0,0.0,0.0,4.555419921875,0.0,-1.0,8.523561477661133,0.2786494195461273,,0,-1
final,159912,ppo_rev12_114505,130,goal,116,1.0,1.0,0.0,0.0,0.0,0.0,0.0,0.0,0.0,0.0,4.46193265914917,0.0,-0.9901183843612671,12.833579063415527,0.27323681116104126,,0,-1
final,159912,ppo_rev12_114505,131,goal,85,1.0,1.0,0.0,0.0,0.0,0.0,0.0,0.0,0.0,0.0,4.788259506225586,0.0,-0.8589925765991211,8.033781051635742,0.27672141790390015,,0,-1
final,159912,ppo_rev12_114505,132,goal,56,1.0,1.0,0.0,0.0,0.0,0.0,0.0,0.0,0.0,0.0,nan,0.0,-1.0,4.777986526489258,0.263618528842926,,0,-1
final,159912,ppo_rev12_114505,133,goal,86,1.0,1.0,0.0,0.0,0.0,0.0,0.0,0.0,0.0,0.0,4.8016791343688965,0.0,0.12627249956130981,8.637840270996094,0.2834700345993042,,0,-1
final,159912,ppo_rev12_114505,134,goal,92,1.0,1.0,0.0,0.0,0.0,0.0,0.0,0.0,0.0,0.0,3.8488078117370605,0.0,-0.6740083694458008,9.423123359680176,0.2400721311569214,,0,-1
final,159912,ppo_rev12_114505,135,goal,66,1.0,1.0,0.0,0.0,0.0,0.0,0.0,0.0,0.0,0.0,5.311042308807373,0.0,-0.23559439182281494,6.364663124084473,0.287760853767395,,0,-1
final,159912,ppo_rev12_114505,136,goal,60,1.0,1.0,0.0,0.0,0.0,0.0,0.0,0.0,0.0,0.0,5.1979451179504395,0.0,-1.0,5.4117751121521,0.25549712777137756,,0,-1
final,159912,ppo_rev12_114505,137,goal,83,1.0,1.0,0.0,0.0,0.0,0.0,0.0,0.0,0.0,0.0,5.5035505294799805,0.0,-1.0,8.369476318359375,0.2929111421108246,,0,-1
final,159912,ppo_rev12_114505,138,goal,60,1.0,1.0,0.0,0.0,0.0,0.0,0.0,0.0,0.0,0.0,4.253727912902832,0.0,-0.24782860279083252,4.4712677001953125,0.2848178744316101,,0,-1
final,159912,ppo_rev12_114505,139,goal,67,1.0,1.0,0.0,0.0,0.0,0.0,0.0,0.0,0.0,0.0,4.265979766845703,0.0,-0.11071968078613281,6.347084045410156,0.21915015578269958,,0,-1
final,159912,ppo_rev12_114505,140,goal,83,1.0,1.0,0.0,0.0,0.0,0.0,0.0,0.0,0.0,0.0,5.83039665222168,0.0,-1.0,7.917526721954346,0.2718835175037384,,0,-1
final,159912,ppo_rev12_114505,141,goal,61,1.0,1.0,0.0,0.0,0.0,0.0,0.0,0.0,0.0,0.0,4.144291400909424,0.0,-0.557106614112854,5.285500526428223,0.18146347999572754,,0,-1
final,159912,ppo_rev12_114505,142,goal,94,1.0,1.0,0.0,0.0,0.0,0.0,0.0,0.0,0.0,0.010638297872340425,4.700022220611572,0.0,-0.42134296894073486,10.216678619384766,0.2949185371398926,,0,-1
final,159912,ppo_rev12_114505,143,goal,55,1.0,1.0,0.0,0.0,0.0,0.0,0.0,0.0,0.0,0.0,nan,0.0,-1.0,5.247425556182861,0.05959430709481239,,0,-1
final,159912,ppo_rev12_114505,144,goal,60,1.0,1.0,0.0,0.0,0.0,0.0,0.0,0.0,0.0,0.0,3.578331708908081,0.0,0.1838778853416443,4.457108497619629,0.2822549343109131,,0,-1
final,159912,ppo_rev12_114505,145,goal,61,1.0,1.0,0.0,0.0,0.0,0.0,0.0,0.0,0.0,0.01639344262295082,4.419968605041504,0.0,-1.0,5.864701271057129,0.2958662509918213,,0,-1
final,159912,ppo_rev12_114505,146,goal,107,1.0,1.0,0.0,0.0,0.0,0.0,0.0,0.0,0.0,0.0,3.6754932403564453,0.0,-1.0,10.856805801391602,0.2934601902961731,,0,-1
final,159912,ppo_rev12_114505,147,goal,99,1.0,1.0,0.0,0.0,0.0,0.0,0.0,0.0,0.0,0.0,4.330450534820557,0.0,-0.2529677152633667,9.605927467346191,0.22983135282993317,,0,-1
final,159912,ppo_rev12_114505,148,goal,67,1.0,1.0,0.0,0.0,0.0,0.0,0.0,0.0,0.0,0.0,5.351870059967041,0.0,-1.0,6.489623069763184,0.15860286355018616,,0,-1
final,159912,ppo_rev12_114505,149,goal,87,1.0,1.0,0.0,0.0,0.0,0.0,0.0,0.0,0.0,0.0,4.32423210144043,0.0,-0.800703763961792,8.320452690124512,0.26983025670051575,,0,-1
final,159912,ppo_rev12_114505,150,goal,101,1.0,1.0,0.0,0.0,0.0,0.0,0.0,0.0,0.0,0.0,4.1486711502075195,0.0,-1.0,9.742439270019531,0.2719373106956482,,0,-1
final,159912,ppo_rev12_114505,151,goal,122,1.0,1.0,0.0,0.0,0.0,0.0,0.0,0.0,0.0,0.0,4.8117876052856445,0.0,-1.0,13.355533599853516,0.26720768213272095,,0,-1
final,159912,ppo_rev12_114505,152,goal,55,1.0,1.0,0.0,0.0,0.0,0.0,0.0,0.0,0.0,0.0,nan,0.0,-1.0,4.915339946746826,0.2614329159259796,,0,-1
final,159912,ppo_rev12_114505,153,goal,101,1.0,1.0,0.0,0.0,0.0,0.0,0.0,0.0,0.0,0.0,2.9988112449645996,0.0,-1.0,9.696023941040039,0.27664121985435486,,0,-1
final,159912,ppo_rev12_114505,154,goal,79,1.0,1.0,0.0,0.0,0.0,0.0,0.0,0.0,0.0,0.0,6.094318389892578,0.0,-0.44019782543182373,8.292818069458008,0.17280569672584534,,0,-1
final,159912,ppo_rev12_114505,155,goal,93,1.0,1.0,0.0,0.0,0.0,0.0,0.0,0.0,0.0,0.0,2.0277671813964844,0.0,0.30646318197250366,6.674962043762207,0.24400334060192108,,0,-1
final,159912,ppo_rev12_114505,156,goal,99,1.0,1.0,0.0,0.0,0.0,0.0,0.0,0.0,0.0,0.0,5.6930155754089355,0.0,-1.0,10.716665267944336,0.2783665955066681,,0,-1
final,159912,ppo_rev12_114505,157,collision,9,-2.0,0.0,1.0,0.0,0.0,0.0,0.0,0.0,0.0,0.0,nan,0.0,1.0,1.0281368494033813,nan,obstacle,0,-1
final,159912,ppo_rev12_114505,158,goal,74,1.0,1.0,0.0,0.0,0.0,0.0,0.0,0.0,0.0,0.0,5.910546779632568,0.0,-1.0,7.149415016174316,0.2729886770248413,,0,-1
final,159912,ppo_rev12_114505,159,timeout,200,-0.5,0.0,0.0,0.0,0.0,1.0,0.0,0.0,0.0,0.0,1.015009880065918,0.0,0.39852339029312134,11.589618682861328,nan,,0,-1
final,159912,ppo_rev12_114505,160,goal,96,1.0,1.0,0.0,0.0,0.0,0.0,0.0,0.0,0.0,0.0,6.13906717300415,0.0,-1.0,10.808995246887207,0.28148162364959717,,1,6
final,159912,ppo_rev12_114505,161,goal,67,1.0,1.0,0.0,0.0,0.0,0.0,0.0,0.0,0.0,0.05970149253731343,4.62411642074585,0.0,-1.0,6.011117458343506,0.2413519322872162,,0,-1
final,159912,ppo_rev12_114505,162,goal,52,1.0,1.0,0.0,0.0,0.0,0.0,0.0,0.0,0.0,0.0,nan,0.0,-1.0,4.075577735900879,0.25214362144470215,,0,-1
final,159912,ppo_rev12_114505,163,goal,81,1.0,1.0,0.0,0.0,0.0,0.0,0.0,0.0,0.0,0.0,3.0915420055389404,0.0,-0.020170927047729492,6.86948823928833,0.26037225127220154,,0,-1
final,159912,ppo_rev12_114505,164,goal,86,1.0,1.0,0.0,0.0,0.0,0.0,0.0,0.0,0.0,0.0,5.464113235473633,0.0,-1.0,9.216041564941406,0.26638221740722656,,0,-1
final,159912,ppo_rev12_114505,165,goal,61,1.0,1.0,0.0,0.0,0.0,0.0,0.0,0.0,0.0,0.0,4.0413079261779785,0.0,-1.0,5.547114849090576,0.14403556287288666,,0,-1
final,159912,ppo_rev12_114505,166,goal,60,1.0,1.0,0.0,0.0,0.0,0.0,0.0,0.0,0.0,0.0,4.284696102142334,0.0,-1.0,5.538308143615723,0.26385703682899475,,0,-1
final,159912,ppo_rev12_114505,167,goal,87,1.0,1.0,0.0,0.0,0.0,0.0,0.0,0.0,0.0,0.0,5.591563701629639,0.0,-1.0,9.42586898803711,0.13391774892807007,,0,-1
final,159912,ppo_rev12_114505,168,timeout,200,-0.5,0.0,0.0,0.0,0.0,1.0,0.0,0.0,0.0,0.0,0.5349574685096741,0.0,0.5069221258163452,10.600736618041992,nan,,0,-1
final,159912,ppo_rev12_114505,169,goal,69,1.0,1.0,0.0,0.0,0.0,0.0,0.0,0.0,0.0,0.0,5.738146781921387,0.0,-1.0,6.451611518859863,0.2822573482990265,,0,-1
final,159912,ppo_rev12_114505,170,goal,132,1.0,1.0,0.0,0.0,0.0,0.0,0.0,0.0,0.0,0.0,2.9398655891418457,0.0,-0.4075711965560913,11.242820739746094,0.2739127576351166,,0,-1
final,159912,ppo_rev12_114505,171,goal,84,1.0,1.0,0.0,0.0,0.0,0.0,0.0,0.0,0.0,0.0,3.1238162517547607,0.0,-1.0,8.381295204162598,0.18187372386455536,,0,-1
final,159912,ppo_rev12_114505,172,goal,102,1.0,1.0,0.0,0.0,0.0,0.0,0.0,0.0,0.0,0.0,4.1146440505981445,0.0,-1.0,9.431510925292969,0.09719755500555038,,0,-1
final,159912,ppo_rev12_114505,173,goal,81,1.0,1.0,0.0,0.0,0.0,0.0,0.0,0.0,0.0,0.0,5.100769519805908,0.0,-1.0,8.071891784667969,0.23986601829528809,,0,-1
final,159912,ppo_rev12_114505,174,goal,110,1.0,1.0,0.0,0.0,0.0,0.0,0.0,0.0,0.0,0.0,4.117264747619629,0.0,0.011251211166381836,10.027227401733398,0.2646055817604065,,0,-1
final,159912,ppo_rev12_114505,175,goal,74,1.0,1.0,0.0,0.0,0.0,0.0,0.0,0.0,0.0,0.0,5.532563209533691,0.0,-1.0,8.111048698425293,0.2223108857870102,,0,-1
final,159912,ppo_rev12_114505,176,goal,58,1.0,1.0,0.0,0.0,0.0,0.0,0.0,0.0,0.0,0.0,nan,0.0,-1.0,5.625990867614746,0.28204846382141113,,0,-1
final,159912,ppo_rev12_114505,177,goal,94,1.0,1.0,0.0,0.0,0.0,0.0,0.0,0.0,0.0,0.0,4.947794437408447,0.0,-1.0,10.241790771484375,0.2931446135044098,,0,-1
final,159912,ppo_rev12_114505,178,goal,96,1.0,1.0,0.0,0.0,0.0,0.0,0.0,0.0,0.0,0.0,4.037834644317627,0.0,0.058515310287475586,7.936135292053223,0.22136986255645752,,0,-1
final,159912,ppo_rev12_114505,179,goal,91,1.0,1.0,0.0,0.0,0.0,0.0,0.0,0.0,0.0,0.0,3.8806650638580322,0.0,-1.0,7.3194580078125,0.2246963530778885,,0,-1
final,159912,ppo_rev12_114505,180,goal,169,1.0,1.0,0.0,0.0,0.0,0.0,0.0,0.0,0.0,0.0,3.4960570335388184,0.0,-0.0004107952117919922,14.77415657043457,0.2704298794269562,,0,-1
final,159912,ppo_rev12_114505,181,goal,126,1.0,1.0,0.0,0.0,0.0,0.0,0.0,0.0,0.0,0.0,2.4774460792541504,0.0,-0.720228910446167,10.779973983764648,0.2894400954246521,,0,-1
final,159912,ppo_rev12_114505,182,goal,63,1.0,1.0,0.0,0.0,0.0,0.0,0.0,0.0,0.0,0.0,4.776438236236572,0.0,-1.0,5.620175361633301,0.24737673997879028,,0,-1
final,159912,ppo_rev12_114505,183,goal,56,1.0,1.0,0.0,0.0,0.0,0.0,0.0,0.0,0.0,0.0,nan,0.0,-1.0,5.582486629486084,0.10032501816749573,,0,-1
final,159912,ppo_rev12_114505,184,goal,94,1.0,1.0,0.0,0.0,0.0,0.0,0.0,0.0,0.0,0.0,5.090075969696045,0.0,0.4116421937942505,9.56075382232666,0.2872566878795624,,0,-1
final,159912,ppo_rev12_114505,185,goal,81,1.0,1.0,0.0,0.0,0.0,0.0,0.0,0.0,0.0,0.0,4.878089427947998,0.0,-1.0,7.268501281738281,0.28067463636398315,,0,-1
final,159912,ppo_rev12_114505,186,goal,66,1.0,1.0,0.0,0.0,0.0,0.0,0.0,0.0,0.0,0.0,6.6317620277404785,0.0,-1.0,7.315553188323975,0.2927470803260803,,0,-1
final,159912,ppo_rev12_114505,187,goal,105,1.0,1.0,0.0,0.0,0.0,0.0,0.0,0.0,0.0,0.0,4.442147254943848,0.0,-0.34437263011932373,9.011434555053711,0.28139811754226685,,0,-1
final,159912,ppo_rev12_114505,188,goal,82,1.0,1.0,0.0,0.0,0.0,0.0,0.0,0.0,0.0,0.0,4.783919811248779,0.0,-0.532585620880127,8.271963119506836,0.25992754101753235,,0,-1
final,159912,ppo_rev12_114505,189,goal,60,1.0,1.0,0.0,0.0,0.0,0.0,0.0,0.0,0.0,0.0,4.207900047302246,0.0,-1.0,5.347206115722656,0.19583342969417572,,0,-1
final,159912,ppo_rev12_114505,190,goal,162,1.0,1.0,0.0,0.0,0.0,0.0,0.0,0.0,0.0,0.0,1.6982603073120117,0.0,0.061804115772247314,7.503150939941406,0.19137896597385406,,0,-1
final,159912,ppo_rev12_114505,191,goal,71,1.0,1.0,0.0,0.0,0.0,0.0,0.0,0.0,0.0,0.0,4.972992897033691,0.0,-0.24134743213653564,7.415812969207764,0.28573286533355713,,0,-1
final,159912,ppo_rev12_114505,192,goal,166,1.0,1.0,0.0,0.0,0.0,0.0,0.0,0.0,0.0,0.0,1.772231936454773,0.0,0.6468325853347778,9.437639236450195,0.23393695056438446,,0,-1
final,159912,ppo_rev12_114505,193,goal,123,1.0,1.0,0.0,0.0,0.0,0.0,0.0,0.0,0.0,0.0,3.0822057723999023,0.0,0.3633049726486206,9.406682968139648,0.27713578939437866,,0,-1
final,159912,ppo_rev12_114505,194,goal,111,1.0,1.0,0.0,0.0,0.0,0.0,0.0,0.0,0.0,0.0,2.2101175785064697,0.0,0.6353520154953003,7.753942966461182,0.282378226518631,,0,-1
final,159912,ppo_rev12_114505,195,goal,74,1.0,1.0,0.0,0.0,0.0,0.0,0.0,0.0,0.0,0.0,5.015645503997803,0.0,-1.0,7.097189903259277,0.25461721420288086,,0,-1
final,159912,ppo_rev12_114505,196,goal,85,1.0,1.0,0.0,0.0,0.0,0.0,0.0,0.0,0.0,0.0,4.810827732086182,0.0,0.1422308087348938,7.564489364624023,0.27360618114471436,,0,-1
final,159912,ppo_rev12_114505,197,goal,69,1.0,1.0,0.0,0.0,0.0,0.0,0.0,0.0,0.0,0.0,5.458885192871094,0.0,-1.0,6.9928765296936035,0.26257169246673584,,0,-1
final,159912,ppo_rev12_114505,198,goal,55,1.0,1.0,0.0,0.0,0.0,0.0,0.0,0.0,0.0,0.0,nan,0.0,-1.0,4.96961784362793,0.28143310546875,,0,-1
final,159912,ppo_rev12_114505,199,goal,76,1.0,1.0,0.0,0.0,0.0,0.0,0.0,0.0,0.0,0.0,6.131695747375488,0.0,-1.0,7.837514877319336,0.2947079837322235,,0,-1
final,159912,ppo_rev12_114505,200,goal,59,1.0,1.0,0.0,0.0,0.0,0.0,0.0,0.0,0.0,0.0,nan,0.0,-0.4055027961730957,5.400474548339844,0.28517282009124756,,0,-1
final,159912,ppo_rev12_114505,201,goal,113,1.0,1.0,0.0,0.0,0.0,0.0,0.0,0.0,0.0,0.0,2.9994356632232666,0.0,-0.7045372724533081,8.105337142944336,0.1517449915409088,,0,-1
final,159912,ppo_rev12_114505,202,goal,126,1.0,1.0,0.0,0.0,0.0,0.0,0.0,0.0,0.0,0.0,3.807668924331665,0.0,-0.07538759708404541,10.755525588989258,0.27381473779678345,,0,-1
final,159912,ppo_rev12_114505,203,goal,39,1.0,1.0,0.0,0.0,0.0,0.0,0.0,0.0,0.0,0.0,nan,0.0,-1.0,2.2400033473968506,0.2829665541648865,,0,-1
final,159912,ppo_rev12_114505,204,goal,86,1.0,1.0,0.0,0.0,0.0,0.0,0.0,0.0,0.0,0.0,5.909663200378418,0.0,-1.0,9.32062816619873,0.262371301651001,,0,-1
final,159912,ppo_rev12_114505,205,goal,99,1.0,1.0,0.0,0.0,0.0,0.0,0.0,0.0,0.0,0.0,3.3458216190338135,0.0,-1.0,10.187023162841797,0.282806396484375,,0,-1
final,159912,ppo_rev12_114505,206,goal,83,1.0,1.0,0.0,0.0,0.0,0.0,0.0,0.0,0.0,0.0,4.791611671447754,0.0,-1.0,7.6642746925354,0.22518940269947052,,0,-1
final,159912,ppo_rev12_114505,207,goal,116,1.0,1.0,0.0,0.0,0.0,0.0,0.0,0.0,0.0,0.0,4.119390487670898,0.0,-1.0,12.366113662719727,0.2692200839519501,,0,-1
final,159912,ppo_rev12_114505,208,goal,119,1.0,1.0,0.0,0.0,0.0,0.0,0.0,0.0,0.0,0.0,2.256441593170166,0.0,0.8350514769554138,10.52325439453125,0.2920183539390564,,0,-1
final,159912,ppo_rev12_114505,209,goal,77,1.0,1.0,0.0,0.0,0.0,0.0,0.0,0.0,0.0,0.0,5.381332874298096,0.0,-1.0,7.438140392303467,0.28064680099487305,,0,-1
final,159912,ppo_rev12_114505,210,goal,68,1.0,1.0,0.0,0.0,0.0,0.0,0.0,0.0,0.0,0.0,4.924533843994141,0.0,-0.3271230459213257,6.134943008422852,0.11864558607339859,,0,-1
final,159912,ppo_rev12_114505,211,goal,58,1.0,1.0,0.0,0.0,0.0,0.0,0.0,0.0,0.0,0.0,nan,0.0,0.6960866451263428,5.073763847351074,0.27460092306137085,,0,-1
final,159912,ppo_rev12_114505,212,goal,129,1.0,1.0,0.0,0.0,0.0,0.0,0.0,0.0,0.0,0.007751937984496124,1.6584352254867554,0.0,0.3194230794906616,8.685796737670898,0.27306196093559265,,0,-1
final,159912,ppo_rev12_114505,213,goal,64,1.0,1.0,0.0,0.0,0.0,0.0,0.0,0.0,0.0,0.0,5.3434157371521,0.0,-1.0,5.520240783691406,0.2648998200893402,,0,-1
final,159912,ppo_rev12_114505,214,goal,53,1.0,1.0,0.0,0.0,0.0,0.0,0.0,0.0,0.0,0.0,nan,0.0,-1.0,4.322943687438965,0.27411949634552,,0,-1
final,159912,ppo_rev12_114505,215,goal,131,1.0,1.0,0.0,0.0,0.0,0.0,0.0,0.0,0.0,0.0,4.526727676391602,0.0,-0.41934943199157715,13.549835205078125,0.26241570711135864,,0,-1
final,159912,ppo_rev12_114505,216,goal,76,1.0,1.0,0.0,0.0,0.0,0.0,0.0,0.0,0.0,0.0,3.3612499237060547,0.0,-0.0088348388671875,6.076072692871094,0.2569441795349121,,0,-1
final,159912,ppo_rev12_114505,217,goal,116,1.0,1.0,0.0,0.0,0.0,0.0,0.0,0.0,0.0,0.0,2.4311890602111816,0.0,0.23972368240356445,12.159111022949219,0.23534925282001495,,1,9
final,159912,ppo_rev12_114505,218,goal,55,1.0,1.0,0.0,0.0,0.0,0.0,0.0,0.0,0.0,0.0,nan,0.0,-0.6346448659896851,4.714526653289795,0.07064838707447052,,0,-1
final,159912,ppo_rev12_114505,219,goal,76,1.0,1.0,0.0,0.0,0.0,0.0,0.0,0.0,0.0,0.0,4.222621440887451,0.0,-1.0,7.0818281173706055,0.23216894268989563,,0,-1
final,159912,ppo_rev12_114505,220,goal,72,1.0,1.0,0.0,0.0,0.0,0.0,0.0,0.0,0.0,0.0,4.724001884460449,0.0,-1.0,6.901235103607178,0.29629504680633545,,0,-1
final,159912,ppo_rev12_114505,221,goal,187,1.0,1.0,0.0,0.0,0.0,0.0,0.0,0.0,0.0,0.0,3.6131327152252197,0.0,-0.5460888147354126,19.774085998535156,0.2966681122779846,,0,-1
final,159912,ppo_rev12_114505,222,stuck,120,-1.0,0.0,0.0,0.0,1.0,0.0,0.0,0.0,0.0,0.0,0.01864200457930565,0.0,-1.0,6.399352073669434,nan,,0,-1
final,159912,ppo_rev12_114505,223,collision,41,-2.0,0.0,1.0,0.0,0.0,0.0,0.0,0.0,0.0,0.0,nan,0.0,1.0,4.568065643310547,nan,obstacle,0,-1
final,159912,ppo_rev12_114505,224,goal,68,1.0,1.0,0.0,0.0,0.0,0.0,0.0,0.0,0.0,0.0,5.685259819030762,0.0,-1.0,6.796314716339111,0.26845040917396545,,0,-1
final,159912,ppo_rev12_114505,225,goal,41,1.0,1.0,0.0,0.0,0.0,0.0,0.0,0.0,0.0,0.0,nan,0.0,-1.0,2.9094338417053223,0.29098671674728394,,0,-1
final,159912,ppo_rev12_114505,226,goal,160,1.0,1.0,0.0,0.0,0.0,0.0,0.0,0.0,0.0,0.0,1.733906865119934,0.0,-0.7429784536361694,14.606489181518555,0.28526023030281067,,0,-1
final,159912,ppo_rev12_114505,227,goal,57,1.0,1.0,0.0,0.0,0.0,0.0,0.0,0.0,0.0,0.0,nan,0.0,-0.08832144737243652,3.727407217025757,0.28077247738838196,,0,-1
final,159912,ppo_rev12_114505,228,goal,88,1.0,1.0,0.0,0.0,0.0,0.0,0.0,0.0,0.0,0.0,5.53000545501709,0.0,-1.0,9.292766571044922,0.2693174183368683,,0,-1
final,159912,ppo_rev12_114505,229,goal,54,1.0,1.0,0.0,0.0,0.0,0.0,0.0,0.0,0.0,0.0,nan,0.0,-0.685945987701416,3.977674961090088,0.28548192977905273,,0,-1
final,159912,ppo_rev12_114505,230,goal,57,1.0,1.0,0.0,0.0,0.0,0.0,0.0,0.0,0.0,0.0,nan,0.0,-1.0,5.818825721740723,0.1699923723936081,,0,-1
final,159912,ppo_rev12_114505,231,goal,65,1.0,1.0,0.0,0.0,0.0,0.0,0.0,0.0,0.0,0.0,4.899063587188721,0.0,-1.0,5.695747375488281,0.1158665120601654,,0,-1
final,159912,ppo_rev12_114505,232,goal,80,1.0,1.0,0.0,0.0,0.0,0.0,0.0,0.0,0.0,0.0,5.22072172164917,0.0,-1.0,7.4521803855896,0.29922419786453247,,0,-1
final,159912,ppo_rev12_114505,233,goal,86,1.0,1.0,0.0,0.0,0.0,0.0,0.0,0.0,0.0,0.0,2.8073673248291016,0.0,-0.9376884698867798,7.066263198852539,0.2904162108898163,,0,-1
final,159912,ppo_rev12_114505,234,goal,179,1.0,1.0,0.0,0.0,0.0,0.0,0.0,0.0,0.0,0.0,1.2923462390899658,0.0,-0.7189732789993286,13.185336112976074,0.2983546555042267,,0,-1
final,159912,ppo_rev12_114505,235,goal,52,1.0,1.0,0.0,0.0,0.0,0.0,0.0,0.0,0.0,0.0,nan,0.0,-1.0,3.840144634246826,0.245082825422287,,0,-1
final,159912,ppo_rev12_114505,236,goal,46,1.0,1.0,0.0,0.0,0.0,0.0,0.0,0.0,0.0,0.0,nan,0.0,-1.0,3.3668136596679688,0.2726817727088928,,0,-1
final,159912,ppo_rev12_114505,237,goal,96,1.0,1.0,0.0,0.0,0.0,0.0,0.0,0.0,0.0,0.0,3.94681453704834,0.0,-0.4313136339187622,8.889280319213867,0.2595811188220978,,0,-1
final,159912,ppo_rev12_114505,238,timeout,200,-0.5,0.0,0.0,0.0,0.0,1.0,0.0,0.0,0.0,0.0,1.087654709815979,0.0,0.11334890127182007,18.394744873046875,nan,,0,-1
final,159912,ppo_rev12_114505,239,goal,62,1.0,1.0,0.0,0.0,0.0,0.0,0.0,0.0,0.0,0.0,4.090462684631348,0.0,-1.0,5.707413673400879,0.2890077829360962,,0,-1
final,159912,ppo_rev12_114505,240,timeout,200,-0.5,0.0,0.0,0.0,0.0,1.0,0.0,0.0,0.0,0.025,0.6424058675765991,0.0,-1.0,16.419204711914062,nan,,0,-1
final,159912,ppo_rev12_114505,241,goal,98,1.0,1.0,0.0,0.0,0.0,0.0,0.0,0.0,0.0,0.0,4.421462059020996,0.0,-1.0,10.594270706176758,0.27281785011291504,,0,-1
final,159912,ppo_rev12_114505,242,goal,125,1.0,1.0,0.0,0.0,0.0,0.0,0.0,0.0,0.0,0.0,3.676994562149048,0.0,-1.0,11.531423568725586,0.27865588665008545,,0,-1
final,159912,ppo_rev12_114505,243,goal,63,1.0,1.0,0.0,0.0,0.0,0.0,0.0,0.0,0.0,0.0,2.7757439613342285,0.0,0.05078411102294922,4.098993301391602,0.27824512124061584,,0,-1
final,159912,ppo_rev12_114505,244,goal,90,1.0,1.0,0.0,0.0,0.0,0.0,0.0,0.0,0.0,0.0,5.891536235809326,0.0,-1.0,9.395782470703125,0.2918930649757385,,0,-1
final,159912,ppo_rev12_114505,245,goal,90,1.0,1.0,0.0,0.0,0.0,0.0,0.0,0.0,0.0,0.0,4.579987525939941,0.0,-1.0,7.7133283615112305,0.24478471279144287,,0,-1
final,159912,ppo_rev12_114505,246,goal,97,1.0,1.0,0.0,0.0,0.0,0.0,0.0,0.0,0.0,0.0,5.592858791351318,0.0,-1.0,9.597855567932129,0.2718803882598877,,0,-1
final,159912,ppo_rev12_114505,247,goal,94,1.0,1.0,0.0,0.0,0.0,0.0,0.0,0.0,0.0,0.09574468085106383,4.39559268951416,0.0,-1.0,10.010580062866211,0.2519640624523163,,1,11
final,159912,ppo_rev12_114505,248,goal,122,1.0,1.0,0.0,0.0,0.0,0.0,0.0,0.0,0.0,0.0,1.9807137250900269,0.0,-0.17714130878448486,8.849014282226562,0.28924083709716797,,0,-1
final,159912,ppo_rev12_114505,249,goal,64,1.0,1.0,0.0,0.0,0.0,0.0,0.0,0.0,0.0,0.0,3.71090030670166,0.0,-1.0,5.995519638061523,0.2516227960586548,,0,-1
final,159912,ppo_rev12_114505,250,goal,66,1.0,1.0,0.0,0.0,0.0,0.0,0.0,0.0,0.0,0.0,2.4450864791870117,0.0,-1.0,5.336235046386719,0.25701823830604553,,0,-1
final,159912,ppo_rev12_114505,251,goal,63,1.0,1.0,0.0,0.0,0.0,0.0,0.0,0.0,0.0,0.0,5.685480117797852,0.0,-1.0,6.269261837005615,0.29723864793777466,,0,-1
final,159912,ppo_rev12_114505,252,goal,147,1.0,1.0,0.0,0.0,0.0,0.0,0.0,0.0,0.0,0.027210884353741496,2.1485629081726074,0.0,0.03998798131942749,9.323838233947754,0.26772797107696533,,0,-1
final,159912,ppo_rev12_114505,253,goal,113,1.0,1.0,0.0,0.0,0.0,0.0,0.0,0.0,0.0,0.0,3.226592540740967,0.0,-0.7982333898544312,9.838130950927734,0.2773926556110382,,0,-1
final,159912,ppo_rev12_114505,254,goal,88,1.0,1.0,0.0,0.0,0.0,0.0,0.0,0.0,0.0,0.0,4.595473766326904,0.0,-1.0,8.57377815246582,0.27672216296195984,,0,-1
final,159912,ppo_rev12_114505,255,goal,55,1.0,1.0,0.0,0.0,0.0,0.0,0.0,0.0,0.0,0.0,nan,0.0,-1.0,4.638128280639648,0.29665014147758484,,0,-1
final,159912,ppo_rev12_114505,256,goal,125,1.0,1.0,0.0,0.0,0.0,0.0,0.0,0.0,0.0,0.0,4.36685037612915,0.0,-1.0,12.816844940185547,0.2998826503753662,,0,-1
final,159912,ppo_rev12_114505,257,goal,56,1.0,1.0,0.0,0.0,0.0,0.0,0.0,0.0,0.0,0.0,nan,0.0,-1.0,4.892396926879883,0.23671972751617432,,0,-1
final,159912,ppo_rev12_114505,258,goal,83,1.0,1.0,0.0,0.0,0.0,0.0,0.0,0.0,0.0,0.0,4.268533706665039,0.0,-0.4901202917098999,8.430787086486816,0.23741576075553894,,0,-1
final,159912,ppo_rev12_114505,259,goal,76,1.0,1.0,0.0,0.0,0.0,0.0,0.0,0.0,0.0,0.0,6.065859317779541,0.0,-1.0,7.683567047119141,0.2531737983226776,,0,-1
final,159912,ppo_rev12_114505,260,goal,78,1.0,1.0,0.0,0.0,0.0,0.0,0.0,0.0,0.0,0.0,5.918417453765869,0.0,-1.0,8.200211524963379,0.2460431605577469,,0,-1
final,159912,ppo_rev12_114505,261,goal,124,1.0,1.0,0.0,0.0,0.0,0.0,0.0,0.0,0.0,0.0,3.440255880355835,0.0,-0.037106871604919434,12.192455291748047,0.2729308307170868,,0,-1
final,159912,ppo_rev12_114505,262,goal,76,1.0,1.0,0.0,0.0,0.0,0.0,0.0,0.0,0.0,0.0,3.413520574569702,0.0,-0.8439443111419678,5.620141983032227,0.27280130982398987,,0,-1
final,159912,ppo_rev12_114505,263,goal,100,1.0,1.0,0.0,0.0,0.0,0.0,0.0,0.0,0.0,0.0,5.099579811096191,0.0,-1.0,9.731176376342773,0.23839420080184937,,0,-1
final,159912,ppo_rev12_114505,264,goal,81,1.0,1.0,0.0,0.0,0.0,0.0,0.0,0.0,0.0,0.0,5.239197254180908,0.0,-1.0,8.715353012084961,0.29146116971969604,,0,-1
final,159912,ppo_rev12_114505,265,goal,61,1.0,1.0,0.0,0.0,0.0,0.0,0.0,0.0,0.0,0.0,3.648653507232666,0.0,-0.25685274600982666,5.288814544677734,0.18502002954483032,,0,-1
final,159912,ppo_rev12_114505,266,goal,73,1.0,1.0,0.0,0.0,0.0,0.0,0.0,0.0,0.0,0.0,4.332584857940674,0.0,0.624773383140564,6.092278480529785,0.2740519344806671,,0,-1
final,159912,ppo_rev12_114505,267,goal,54,1.0,1.0,0.0,0.0,0.0,0.0,0.0,0.0,0.0,0.0,nan,0.0,-1.0,4.860116958618164,0.2773703634738922,,0,-1
final,159912,ppo_rev12_114505,268,goal,58,1.0,1.0,0.0,0.0,0.0,0.0,0.0,0.0,0.0,0.0,nan,0.0,-1.0,5.5064191818237305,0.28380489349365234,,0,-1
final,159912,ppo_rev12_114505,269,goal,50,1.0,1.0,0.0,0.0,0.0,0.0,0.0,0.0,0.0,0.0,nan,0.0,-1.0,3.4067907333374023,0.2823081910610199,,0,-1
final,159912,ppo_rev12_114505,270,goal,76,1.0,1.0,0.0,0.0,0.0,0.0,0.0,0.0,0.0,0.0,5.379694938659668,0.0,-0.3716704845428467,7.050690650939941,0.2579785883426666,,0,-1
final,159912,ppo_rev12_114505,271,goal,68,1.0,1.0,0.0,0.0,0.0,0.0,0.0,0.0,0.0,0.0,5.073002338409424,0.0,-1.0,6.689870834350586,0.2945259213447571,,0,-1
final,159912,ppo_rev12_114505,272,goal,90,1.0,1.0,0.0,0.0,0.0,0.0,0.0,0.0,0.0,0.0,3.348942279815674,0.0,0.25211429595947266,6.904909610748291,0.23979370296001434,,0,-1
final,159912,ppo_rev12_114505,273,goal,61,1.0,1.0,0.0,0.0,0.0,0.0,0.0,0.0,0.0,0.0,4.318778991699219,0.0,-1.0,5.642647743225098,0.2978440225124359,,0,-1
final,159912,ppo_rev12_114505,274,goal,66,1.0,1.0,0.0,0.0,0.0,0.0,0.0,0.0,0.0,0.0,5.326724052429199,0.0,-1.0,6.273350238800049,0.26761823892593384,,0,-1
final,159912,ppo_rev12_114505,275,goal,79,1.0,1.0,0.0,0.0,0.0,0.0,0.0,0.0,0.0,0.0,5.312364101409912,0.0,-1.0,7.96344518661499,0.2455170452594757,,0,-1
final,159912,ppo_rev12_114505,276,goal,83,1.0,1.0,0.0,0.0,0.0,0.0,0.0,0.0,0.0,0.0,3.9006881713867188,0.0,-1.0,7.545088768005371,0.28154703974723816,,0,-1
final,159912,ppo_rev12_114505,277,goal,70,1.0,1.0,0.0,0.0,0.0,0.0,0.0,0.0,0.0,0.0,5.817715644836426,0.0,-1.0,6.3555989265441895,0.24410510063171387,,0,-1
final,159912,ppo_rev12_114505,278,goal,69,1.0,1.0,0.0,0.0,0.0,0.0,0.0,0.0,0.0,0.0,4.328152656555176,0.0,-0.7543357610702515,6.265895843505859,0.28007209300994873,,0,-1
final,159912,ppo_rev12_114505,279,goal,75,1.0,1.0,0.0,0.0,0.0,0.0,0.0,0.0,0.0,0.0,4.094914436340332,0.0,0.24039703607559204,6.518692970275879,0.28534263372421265,,0,-1
final,159912,ppo_rev12_114505,280,goal,164,1.0,1.0,0.0,0.0,0.0,0.0,0.0,0.0,0.0,0.0,2.0230677127838135,0.0,0.16290181875228882,12.38473892211914,0.09788203239440918,,0,-1
final,159912,ppo_rev12_114505,281,goal,58,1.0,1.0,0.0,0.0,0.0,0.0,0.0,0.0,0.0,0.0,nan,0.0,-1.0,5.558550834655762,0.2982541620731354,,0,-1
final,159912,ppo_rev12_114505,282,goal,138,1.0,1.0,0.0,0.0,0.0,0.0,0.0,0.0,0.0,0.014492753623188406,0.3137768805027008,0.0,-1.0,8.058704376220703,0.2201240360736847,,0,-1
final,159912,ppo_rev12_114505,283,goal,58,1.0,1.0,0.0,0.0,0.0,0.0,0.0,0.0,0.0,0.0,nan,0.0,-1.0,4.601500511169434,0.1145397424697876,,0,-1
final,159912,ppo_rev12_114505,284,goal,49,1.0,1.0,0.0,0.0,0.0,0.0,0.0,0.0,0.0,0.0,nan,0.0,-1.0,4.051779747009277,0.22165319323539734,,0,-1
final,159912,ppo_rev12_114505,285,goal,86,1.0,1.0,0.0,0.0,0.0,0.0,0.0,0.0,0.0,0.023255813953488372,4.32275390625,0.0,-1.0,9.295870780944824,0.2872166633605957,,0,-1
final,159912,ppo_rev12_114505,286,goal,89,1.0,1.0,0.0,0.0,0.0,0.0,0.0,0.0,0.0,0.0,4.432114124298096,0.0,-0.6479257345199585,8.852027893066406,0.27633801102638245,,0,-1
final,159912,ppo_rev12_114505,287,goal,116,1.0,1.0,0.0,0.0,0.0,0.0,0.0,0.0,0.0,0.0,3.4683477878570557,0.0,-0.46130669116973877,9.772392272949219,0.26706522703170776,,0,-1
final,159912,ppo_rev12_114505,288,goal,86,1.0,1.0,0.0,0.0,0.0,0.0,0.0,0.0,0.0,0.0,4.717022895812988,0.0,-1.0,8.273045539855957,0.2631860375404358,,0,-1
final,159912,ppo_rev12_114505,289,timeout,200,-0.5,0.0,0.0,0.0,0.0,1.0,0.0,0.0,0.0,0.015,0.6397286057472229,0.0,0.8052253127098083,10.64778995513916,nan,,0,-1
final,159912,ppo_rev12_114505,290,goal,107,1.0,1.0,0.0,0.0,0.0,0.0,0.0,0.0,0.0,0.0,3.0613598823547363,0.0,-0.3698923587799072,6.313586235046387,0.2862066626548767,,0,-1
final,159912,ppo_rev12_114505,291,goal,60,1.0,1.0,0.0,0.0,0.0,0.0,0.0,0.0,0.0,0.0,3.9406561851501465,0.0,-1.0,5.248863220214844,0.2502540946006775,,0,-1
final,159912,ppo_rev12_114505,292,goal,86,1.0,1.0,0.0,0.0,0.0,0.0,0.0,0.0,0.0,0.0,5.414632320404053,0.0,-1.0,9.410494804382324,0.29168620705604553,,0,-1
final,159912,ppo_rev12_114505,293,goal,88,1.0,1.0,0.0,0.0,0.0,0.0,0.0,0.0,0.0,0.0,5.548517227172852,0.0,-1.0,9.348329544067383,0.24201394617557526,,0,-1
final,159912,ppo_rev12_114505,294,goal,100,1.0,1.0,0.0,0.0,0.0,0.0,0.0,0.0,0.0,0.0,3.0631582736968994,0.0,-1.0,7.731060981750488,0.2841019928455353,,0,-1
final,159912,ppo_rev12_114505,295,goal,82,1.0,1.0,0.0,0.0,0.0,0.0,0.0,0.0,0.0,0.0,6.254994869232178,0.0,-1.0,8.831205368041992,0.29784440994262695,,0,-1
final,159912,ppo_rev12_114505,296,goal,68,1.0,1.0,0.0,0.0,0.0,0.0,0.0,0.0,0.0,0.0,4.5341362953186035,0.0,-0.6191840171813965,6.472026824951172,0.27111005783081055,,0,-1
final,159912,ppo_rev12_114505,297,goal,72,1.0,1.0,0.0,0.0,0.0,0.0,0.0,0.0,0.0,0.0,3.107391834259033,0.0,-1.0,6.6722564697265625,0.28533506393432617,,0,-1
final,159912,ppo_rev12_114505,298,goal,67,1.0,1.0,0.0,0.0,0.0,0.0,0.0,0.0,0.0,0.0,3.9837710857391357,0.0,-1.0,6.717065811157227,0.23942744731903076,,0,-1
final,159912,ppo_rev12_114505,299,goal,73,1.0,1.0,0.0,0.0,0.0,0.0,0.0,0.0,0.0,0.0,5.102766513824463,0.0,-1.0,6.634088516235352,0.27605894207954407,,0,-1
final,159912,ppo_rev12_114505,300,goal,121,1.0,1.0,0.0,0.0,0.0,0.0,0.0,0.0,0.0,0.0,2.7328169345855713,0.0,0.05573791265487671,9.879484176635742,0.14261861145496368,,0,-1
final,159912,ppo_rev12_114505,301,goal,100,1.0,1.0,0.0,0.0,0.0,0.0,0.0,0.0,0.0,0.02,4.611568927764893,0.0,-1.0,10.461160659790039,0.2812361717224121,,0,-1
final,159912,ppo_rev12_114505,302,goal,60,1.0,1.0,0.0,0.0,0.0,0.0,0.0,0.0,0.0,0.0,4.771464824676514,0.0,-1.0,5.7985053062438965,0.28262484073638916,,0,-1
final,159912,ppo_rev12_114505,303,timeout,200,-0.5,0.0,0.0,0.0,0.0,1.0,0.0,0.0,0.0,0.0,0.9084663391113281,0.0,-0.5621423721313477,14.448511123657227,nan,,0,-1
final,159912,ppo_rev12_114505,304,goal,64,1.0,1.0,0.0,0.0,0.0,0.0,0.0,0.0,0.0,0.0,4.541153907775879,0.0,0.12225770950317383,4.964447021484375,0.1593678891658783,,0,-1
final,159912,ppo_rev12_114505,305,goal,127,1.0,1.0,0.0,0.0,0.0,0.0,0.0,0.0,0.0,0.007874015748031496,0.9197455048561096,0.0,-0.4908217191696167,7.434836387634277,0.2980181872844696,,0,-1
final,159912,ppo_rev12_114505,306,goal,85,1.0,1.0,0.0,0.0,0.0,0.0,0.0,0.0,0.0,0.0,4.189948558807373,0.0,0.2348296046257019,7.571183204650879,0.1585209220647812,,0,-1
final,159912,ppo_rev12_114505,307,timeout,200,-0.5,0.0,0.0,0.0,0.0,1.0,0.0,0.0,0.0,0.025,3.7092642784118652,0.0,-0.5741678476333618,22.445449829101562,nan,,0,-1
final,159912,ppo_rev12_114505,308,goal,59,1.0,1.0,0.0,0.0,0.0,0.0,0.0,0.0,0.0,0.0,nan,0.0,-0.4163661003112793,4.729255676269531,0.2820490300655365,,0,-1
final,159912,ppo_rev12_114505,309,goal,82,1.0,1.0,0.0,0.0,0.0,0.0,0.0,0.0,0.0,0.0,5.8913254737854,0.0,-1.0,8.473702430725098,0.27285444736480713,,0,-1
final,159912,ppo_rev12_114505,310,goal,84,1.0,1.0,0.0,0.0,0.0,0.0,0.0,0.0,0.0,0.0,5.673030376434326,0.0,-1.0,8.213850021362305,0.25905174016952515,,0,-1
final,159912,ppo_rev12_114505,311,goal,59,1.0,1.0,0.0,0.0,0.0,0.0,0.0,0.0,0.0,0.0,nan,0.0,-1.0,5.0539140701293945,0.26160728931427,,0,-1
final,159912,ppo_rev12_114505,312,goal,51,1.0,1.0,0.0,0.0,0.0,0.0,0.0,0.0,0.0,0.0,nan,0.0,-1.0,4.781989097595215,0.29099076986312866,,0,-1
final,159912,ppo_rev12_114505,313,goal,55,1.0,1.0,0.0,0.0,0.0,0.0,0.0,0.0,0.0,0.0,nan,0.0,-0.08960771560668945,5.156337738037109,0.29622185230255127,,0,-1
final,159912,ppo_rev12_114505,314,goal,123,1.0,1.0,0.0,0.0,0.0,0.0,0.0,0.0,0.0,0.0,3.1236727237701416,0.0,-1.0,11.153812408447266,0.26710909605026245,,0,-1
final,159912,ppo_rev12_114505,315,goal,181,1.0,1.0,0.0,0.0,0.0,0.0,0.0,0.0,0.0,0.0,3.7597157955169678,0.0,-0.08640432357788086,18.852664947509766,0.29155489802360535,,0,-1
final,159912,ppo_rev12_114505,316,goal,78,1.0,1.0,0.0,0.0,0.0,0.0,0.0,0.0,0.0,0.0,5.4342145919799805,0.0,-1.0,8.056695938110352,0.2855738401412964,,0,-1
final,159912,ppo_rev12_114505,317,goal,110,1.0,1.0,0.0,0.0,0.0,0.0,0.0,0.0,0.0,0.0,2.6177494525909424,0.0,0.2527614235877991,9.81415843963623,0.29049181938171387,,0,-1
final,159912,ppo_rev12_114505,318,goal,79,1.0,1.0,0.0,0.0,0.0,0.0,0.0,0.0,0.0,0.0,4.243854522705078,0.0,-0.25184404850006104,8.007794380187988,0.280641108751297,,0,-1
final,159912,ppo_rev12_114505,319,goal,50,1.0,1.0,0.0,0.0,0.0,0.0,0.0,0.0,0.0,0.0,nan,0.0,0.7450038194656372,3.1745293140411377,0.2978174388408661,,0,-1
final,159912,ppo_rev12_114505,320,timeout,200,-0.5,0.0,0.0,0.0,0.0,1.0,0.0,0.0,0.0,0.005,1.0418933629989624,0.0,-0.6932919025421143,17.045486450195312,nan,,0,-1
final,159912,ppo_rev12_114505,321,goal,186,1.0,1.0,0.0,0.0,0.0,0.0,0.0,0.0,0.0,0.0,1.8153101205825806,0.0,-0.4542964696884155,17.791418075561523,0.24991610646247864,,0,-1
final,159912,ppo_rev12_114505,322,goal,81,1.0,1.0,0.0,0.0,0.0,0.0,0.0,0.0,0.0,0.0,5.581883907318115,0.0,-1.0,8.315481185913086,0.2532903254032135,,0,-1
final,159912,ppo_rev12_114505,323,goal,84,1.0,1.0,0.0,0.0,0.0,0.0,0.0,0.0,0.0,0.0,3.357042074203491,0.0,-1.0,7.186642169952393,0.2810581624507904,,0,-1
final,159912,ppo_rev12_114505,324,goal,74,1.0,1.0,0.0,0.0,0.0,0.0,0.0,0.0,0.0,0.0,5.062478542327881,0.0,-1.0,7.25738000869751,0.2519698739051819,,0,-1
final,159912,ppo_rev12_114505,325,goal,100,1.0,1.0,0.0,0.0,0.0,0.0,0.0,0.0,0.0,0.0,3.5607523918151855,0.0,-1.0,9.900854110717773,0.29278385639190674,,0,-1
final,159912,ppo_rev12_114505,326,goal,153,1.0,1.0,0.0,0.0,0.0,0.0,0.0,0.0,0.0,0.0,2.8314168453216553,0.0,-0.39975690841674805,12.943577766418457,0.28518661856651306,,1,6
final,159912,ppo_rev12_114505,327,timeout,200,-0.5,0.0,0.0,0.0,0.0,1.0,0.0,0.0,0.0,0.0,0.6117268800735474,0.0,-0.17321372032165527,10.864730834960938,nan,,0,-1
final,159912,ppo_rev12_114505,328,goal,76,1.0,1.0,0.0,0.0,0.0,0.0,0.0,0.0,0.0,0.013157894736842105,4.493943691253662,0.0,-1.0,7.732956886291504,0.22736309468746185,,0,-1
final,159912,ppo_rev12_114505,329,goal,55,1.0,1.0,0.0,0.0,0.0,0.0,0.0,0.0,0.0,0.0,nan,0.0,-0.5447344779968262,4.387209892272949,0.26965197920799255,,0,-1
final,159912,ppo_rev12_114505,330,goal,83,1.0,1.0,0.0,0.0,0.0,0.0,0.0,0.0,0.0,0.0,5.3641767501831055,0.0,-1.0,9.430071830749512,0.26532846689224243,,0,-1
final,159912,ppo_rev12_114505,331,goal,69,1.0,1.0,0.0,0.0,0.0,0.0,0.0,0.0,0.0,0.0,2.2994604110717773,0.0,0.687220573425293,4.8119707107543945,0.24558259546756744,,0,-1
final,159912,ppo_rev12_114505,332,goal,96,1.0,1.0,0.0,0.0,0.0,0.0,0.0,0.0,0.0,0.0,2.4092836380004883,0.0,0.048644423484802246,7.02691650390625,0.19833652675151825,,0,-1
final,159912,ppo_rev12_114505,333,goal,78,1.0,1.0,0.0,0.0,0.0,0.0,0.0,0.0,0.0,0.0,4.2921319007873535,0.0,-0.6279783248901367,6.960570335388184,0.2872692048549652,,0,-1
final,159912,ppo_rev12_114505,334,goal,87,1.0,1.0,0.0,0.0,0.0,0.0,0.0,0.0,0.0,0.0,3.328845977783203,0.0,-1.0,7.65688943862915,0.2872057557106018,,0,-1
final,159912,ppo_rev12_114505,335,goal,48,1.0,1.0,0.0,0.0,0.0,0.0,0.0,0.0,0.0,0.0,nan,0.0,-1.0,3.957819700241089,0.28462710976600647,,0,-1
final,159912,ppo_rev12_114505,336,goal,62,1.0,1.0,0.0,0.0,0.0,0.0,0.0,0.0,0.0,0.0,4.932173728942871,0.0,-0.14893865585327148,5.905376434326172,0.29326707124710083,,0,-1
final,159912,ppo_rev12_114505,337,goal,51,1.0,1.0,0.0,0.0,0.0,0.0,0.0,0.0,0.0,0.0,nan,0.0,-1.0,4.151784896850586,0.14496789872646332,,0,-1
final,159912,ppo_rev12_114505,338,goal,99,1.0,1.0,0.0,0.0,0.0,0.0,0.0,0.0,0.0,0.0,4.144973278045654,0.0,-1.0,9.457027435302734,0.26690673828125,,0,-1
final,159912,ppo_rev12_114505,339,goal,64,1.0,1.0,0.0,0.0,0.0,0.0,0.0,0.0,0.0,0.0,4.086870193481445,0.0,-1.0,5.08141565322876,0.2881450057029724,,0,-1
final,159912,ppo_rev12_114505,340,goal,113,1.0,1.0,0.0,0.0,0.0,0.0,0.0,0.0,0.0,0.0,2.6529505252838135,0.0,-1.0,11.079347610473633,0.2504098117351532,,0,-1
final,159912,ppo_rev12_114505,341,goal,96,1.0,1.0,0.0,0.0,0.0,0.0,0.0,0.0,0.0,0.0,3.916924238204956,0.0,-1.0,9.887035369873047,0.29103904962539673,,0,-1
final,159912,ppo_rev12_114505,342,goal,107,1.0,1.0,0.0,0.0,0.0,0.0,0.0,0.0,0.0,0.0,1.638877034187317,0.0,0.21182531118392944,10.369669914245605,0.21340011060237885,,0,-1
final,159912,ppo_rev12_114505,343,timeout,200,-0.5,0.0,0.0,0.0,0.0,1.0,0.0,0.0,0.0,0.0,0.5398701429367065,0.0,0.00876927375793457,12.55138111114502,nan,,0,-1
final,159912,ppo_rev12_114505,344,goal,55,1.0,1.0,0.0,0.0,0.0,0.0,0.0,0.0,0.0,0.0,nan,0.0,-1.0,5.1293230056762695,0.20298504829406738,,0,-1
final,159912,ppo_rev12_114505,345,goal,62,1.0,1.0,0.0,0.0,0.0,0.0,0.0,0.0,0.0,0.0,4.753785610198975,0.0,-1.0,5.677762508392334,0.24767211079597473,,0,-1
final,159912,ppo_rev12_114505,346,timeout,200,-0.5,0.0,0.0,0.0,0.0,1.0,0.0,0.0,0.0,0.0,1.092242956161499,0.0,-0.06817924976348877,10.412399291992188,nan,,0,-1
final,159912,ppo_rev12_114505,347,goal,129,1.0,1.0,0.0,0.0,0.0,0.0,0.0,0.0,0.0,0.0,3.6674821376800537,0.0,-0.6560864448547363,12.3443021774292,0.288138210773468,,0,-1
final,159912,ppo_rev12_114505,348,goal,67,1.0,1.0,0.0,0.0,0.0,0.0,0.0,0.0,0.0,0.0,4.504828453063965,0.0,0.9415939450263977,5.740034103393555,0.29584237933158875,,0,-1
final,159912,ppo_rev12_114505,349,goal,80,1.0,1.0,0.0,0.0,0.0,0.0,0.0,0.0,0.0,0.025,4.356628894805908,0.0,-1.0,8.369852066040039,0.26624399423599243,,0,-1
final,159912,ppo_rev12_114505,350,collision,5,-2.0,0.0,1.0,0.0,0.0,0.0,0.0,0.0,0.0,0.0,nan,0.0,1.0,0.44054463505744934,nan,obstacle,0,-1
final,159912,ppo_rev12_114505,351,goal,45,1.0,1.0,0.0,0.0,0.0,0.0,0.0,0.0,0.0,0.0,nan,0.0,-1.0,4.349474906921387,0.18925051391124725,,0,-1
final,159912,ppo_rev12_114505,352,goal,108,1.0,1.0,0.0,0.0,0.0,0.0,0.0,0.0,0.0,0.0,3.3546903133392334,0.0,-1.0,10.733799934387207,0.2964850962162018,,1,8
final,159912,ppo_rev12_114505,353,goal,57,1.0,1.0,0.0,0.0,0.0,0.0,0.0,0.0,0.0,0.0,nan,0.0,-1.0,4.979145050048828,0.28519001603126526,,0,-1
final,159912,ppo_rev12_114505,354,goal,145,1.0,1.0,0.0,0.0,0.0,0.0,0.0,0.0,0.0,0.0,2.599571943283081,0.0,-0.37880468368530273,11.170446395874023,0.24981799721717834,,0,-1
final,159912,ppo_rev12_114505,355,goal,76,1.0,1.0,0.0,0.0,0.0,0.0,0.0,0.0,0.0,0.0,5.7590484619140625,0.0,-1.0,7.59261417388916,0.27299973368644714,,0,-1
final,159912,ppo_rev12_114505,356,goal,75,1.0,1.0,0.0,0.0,0.0,0.0,0.0,0.0,0.0,0.0,4.946669578552246,0.0,0.9002633690834045,7.702138900756836,0.21985545754432678,,0,-1
final,159912,ppo_rev12_114505,357,goal,54,1.0,1.0,0.0,0.0,0.0,0.0,0.0,0.0,0.0,0.0,nan,0.0,-1.0,4.599437713623047,0.2858548164367676,,0,-1
final,159912,ppo_rev12_114505,358,goal,67,1.0,1.0,0.0,0.0,0.0,0.0,0.0,0.0,0.0,0.0,4.827502727508545,0.0,-0.4021369218826294,6.317777633666992,0.25782257318496704,,0,-1
final,159912,ppo_rev12_114505,359,goal,72,1.0,1.0,0.0,0.0,0.0,0.0,0.0,0.0,0.0,0.0,5.091766357421875,0.0,-1.0,6.065725326538086,0.25781726837158203,,0,-1
final,159912,ppo_rev12_114505,360,goal,58,1.0,1.0,0.0,0.0,0.0,0.0,0.0,0.0,0.0,0.05172413793103448,nan,0.0,-1.0,5.975168228149414,0.27035149931907654,,0,-1
final,159912,ppo_rev12_114505,361,goal,72,1.0,1.0,0.0,0.0,0.0,0.0,0.0,0.0,0.0,0.0,5.703640460968018,0.0,-1.0,7.641635894775391,0.2937611937522888,,0,-1
final,159912,ppo_rev12_114505,362,goal,74,1.0,1.0,0.0,0.0,0.0,0.0,0.0,0.0,0.0,0.0,5.484833240509033,0.0,-1.0,7.330381393432617,0.29672136902809143,,0,-1
final,159912,ppo_rev12_114505,363,goal,142,1.0,1.0,0.0,0.0,0.0,0.0,0.0,0.0,0.0,0.0,1.5832033157348633,0.0,0.9558734893798828,9.57631778717041,0.11290980875492096,,0,-1
final,159912,ppo_rev12_114505,364,goal,88,1.0,1.0,0.0,0.0,0.0,0.0,0.0,0.0,0.0,0.0,4.6028828620910645,0.0,-0.6952100992202759,8.695051193237305,0.27859821915626526,,0,-1
final,159912,ppo_rev12_114505,365,goal,91,1.0,1.0,0.0,0.0,0.0,0.0,0.0,0.0,0.0,0.0,3.672593116760254,0.0,0.3299388885498047,7.685113906860352,0.2966671586036682,,0,-1
final,159912,ppo_rev12_114505,366,goal,178,1.0,1.0,0.0,0.0,0.0,0.0,0.0,0.0,0.0,0.0,1.5350229740142822,0.0,0.27828794717788696,10.828563690185547,0.07861720770597458,,0,-1
final,159912,ppo_rev12_114505,367,goal,83,1.0,1.0,0.0,0.0,0.0,0.0,0.0,0.0,0.0,0.0,5.925726413726807,0.0,-1.0,9.157800674438477,0.20751479268074036,,0,-1
final,159912,ppo_rev12_114505,368,goal,194,1.0,1.0,0.0,0.0,0.0,0.0,0.0,0.0,0.0,0.0,2.3426754474639893,0.0,-1.0,19.06808853149414,0.26508036255836487,,0,-1
final,159912,ppo_rev12_114505,369,goal,58,1.0,1.0,0.0,0.0,0.0,0.0,0.0,0.0,0.0,0.0,nan,0.0,-1.0,4.700944900512695,0.2855604588985443,,0,-1
final,159912,ppo_rev12_114505,370,goal,82,1.0,1.0,0.0,0.0,0.0,0.0,0.0,0.0,0.0,0.0,6.277230739593506,0.0,-1.0,8.40103530883789,0.27680978178977966,,0,-1
final,159912,ppo_rev12_114505,371,goal,154,1.0,1.0,0.0,0.0,0.0,0.0,0.0,0.0,0.0,0.0,1.3937519788742065,0.0,0.6599963903427124,8.026061058044434,0.24404041469097137,,0,-1
final,159912,ppo_rev12_114505,372,goal,99,1.0,1.0,0.0,0.0,0.0,0.0,0.0,0.0,0.0,0.0,4.800870418548584,0.0,-1.0,11.02376937866211,0.11863882839679718,,0,-1
final,159912,ppo_rev12_114505,373,goal,153,1.0,1.0,0.0,0.0,0.0,0.0,0.0,0.0,0.0,0.0,5.015775203704834,0.0,-1.0,17.068836212158203,0.27472060918807983,,0,-1
final,159912,ppo_rev12_114505,374,goal,88,1.0,1.0,0.0,0.0,0.0,0.0,0.0,0.0,0.0,0.0,5.382972240447998,0.0,-1.0,8.963458061218262,0.2542698085308075,,0,-1
final,159912,ppo_rev12_114505,375,goal,80,1.0,1.0,0.0,0.0,0.0,0.0,0.0,0.0,0.0,0.0,4.375819206237793,0.0,-0.25616180896759033,6.567511558532715,0.23468494415283203,,0,-1
final,159912,ppo_rev12_114505,376,goal,87,1.0,1.0,0.0,0.0,0.0,0.0,0.0,0.0,0.0,0.0,3.9940316677093506,0.0,-0.0003352165222167969,8.403682708740234,0.27677613496780396,,0,-1
final,159912,ppo_rev12_114505,377,goal,83,1.0,1.0,0.0,0.0,0.0,0.0,0.0,0.0,0.0,0.0,5.996643543243408,0.0,-1.0,8.656454086303711,0.2657306492328644,,0,-1
final,159912,ppo_rev12_114505,378,goal,64,1.0,1.0,0.0,0.0,0.0,0.0,0.0,0.0,0.0,0.0,2.2906394004821777,0.0,-1.0,5.519539833068848,0.16292130947113037,,0,-1
final,159912,ppo_rev12_114505,379,goal,64,1.0,1.0,0.0,0.0,0.0,0.0,0.0,0.0,0.0,0.0,3.9967477321624756,0.0,0.19375896453857422,4.860968589782715,0.1811501383781433,,0,-1
final,159912,ppo_rev12_114505,380,goal,76,1.0,1.0,0.0,0.0,0.0,0.0,0.0,0.0,0.0,0.0,5.943178176879883,0.0,-1.0,8.195159912109375,0.2610505223274231,,0,-1
final,159912,ppo_rev12_114505,381,goal,94,1.0,1.0,0.0,0.0,0.0,0.0,0.0,0.0,0.0,0.0,4.589055061340332,0.0,-1.0,9.382673263549805,0.08127308636903763,,0,-1
final,159912,ppo_rev12_114505,382,goal,107,1.0,1.0,0.0,0.0,0.0,0.0,0.0,0.0,0.0,0.0,6.016357898712158,0.0,-1.0,11.322599411010742,0.28745391964912415,,0,-1
final,159912,ppo_rev12_114505,383,goal,130,1.0,1.0,0.0,0.0,0.0,0.0,0.0,0.0,0.0,0.0,2.78922176361084,0.0,0.39722567796707153,10.70112133026123,0.2970989942550659,,0,-1
final,159912,ppo_rev12_114505,384,goal,96,1.0,1.0,0.0,0.0,0.0,0.0,0.0,0.0,0.0,0.0,5.218000888824463,0.0,-1.0,11.019487380981445,0.18036770820617676,,0,-1
final,159912,ppo_rev12_114505,385,goal,74,1.0,1.0,0.0,0.0,0.0,0.0,0.0,0.0,0.0,0.0,3.468682289123535,0.0,-0.33081042766571045,5.262947082519531,0.28435567021369934,,0,-1
final,159912,ppo_rev12_114505,386,goal,53,1.0,1.0,0.0,0.0,0.0,0.0,0.0,0.0,0.0,0.0,nan,0.0,-1.0,4.774126052856445,0.2773200571537018,,0,-1
final,159912,ppo_rev12_114505,387,goal,96,1.0,1.0,0.0,0.0,0.0,0.0,0.0,0.0,0.0,0.0,4.819882392883301,0.0,-0.945349931716919,9.96884536743164,0.2994856536388397,,1,6
final,159912,ppo_rev12_114505,388,goal,78,1.0,1.0,0.0,0.0,0.0,0.0,0.0,0.0,0.0,0.0,5.313352584838867,0.0,-1.0,7.249885559082031,0.24751409888267517,,0,-1
final,159912,ppo_rev12_114505,389,goal,162,1.0,1.0,0.0,0.0,0.0,0.0,0.0,0.0,0.0,0.0,3.078660488128662,0.0,-0.23809814453125,15.808115005493164,0.25213631987571716,,0,-1
final,159912,ppo_rev12_114505,390,goal,76,1.0,1.0,0.0,0.0,0.0,0.0,0.0,0.0,0.0,0.0,4.525550842285156,0.0,-1.0,7.833174228668213,0.28560709953308105,,0,-1
final,159912,ppo_rev12_114505,391,goal,67,1.0,1.0,0.0,0.0,0.0,0.0,0.0,0.0,0.0,0.0,5.930363655090332,0.0,-1.0,6.696959972381592,0.29553845524787903,,0,-1
final,159912,ppo_rev12_114505,392,goal,102,1.0,1.0,0.0,0.0,0.0,0.0,0.0,0.0,0.0,0.0,5.184503078460693,0.0,-0.9587452411651611,10.70907974243164,0.24828924238681793,,0,-1
final,159912,ppo_rev12_114505,393,goal,76,1.0,1.0,0.0,0.0,0.0,0.0,0.0,0.0,0.0,0.0,4.255577564239502,0.0,-1.0,6.543320178985596,0.26062849164009094,,0,-1
final,159912,ppo_rev12_114505,394,goal,156,1.0,1.0,0.0,0.0,0.0,0.0,0.0,0.0,0.0,0.0,3.051576614379883,0.0,-0.9181030988693237,15.268500328063965,0.272915780544281,,0,-1
final,159912,ppo_rev12_114505,395,goal,60,1.0,1.0,0.0,0.0,0.0,0.0,0.0,0.0,0.0,0.0,5.1112284660339355,0.0,-1.0,5.804332256317139,0.27230679988861084,,0,-1
final,159912,ppo_rev12_114505,396,goal,119,1.0,1.0,0.0,0.0,0.0,0.0,0.0,0.0,0.0,0.0,2.4674787521362305,0.0,-0.9088680744171143,10.031238555908203,0.2718032896518707,,0,-1
final,159912,ppo_rev12_114505,397,goal,89,1.0,1.0,0.0,0.0,0.0,0.0,0.0,0.0,0.0,0.0,5.372014999389648,0.0,-1.0,8.887313842773438,0.2622801661491394,,0,-1
final,159912,ppo_rev12_114505,398,goal,138,1.0,1.0,0.0,0.0,0.0,0.0,0.0,0.0,0.0,0.0,2.400761842727661,0.0,-1.0,11.641234397888184,0.2927360534667969,,0,-1
final,159912,ppo_rev12_114505,399,goal,54,1.0,1.0,0.0,0.0,0.0,0.0,0.0,0.0,0.0,0.0,nan,0.0,-1.0,4.391409873962402,0.2927814722061157,,0,-1
final,159912,ppo_rev12_114505,400,timeout,200,-0.5,0.0,0.0,0.0,0.0,1.0,0.0,0.0,0.0,0.0,2.214679479598999,0.0,-0.7010542154312134,20.098047256469727,nan,,0,-1
final,159912,ppo_rev12_114505,401,goal,64,1.0,1.0,0.0,0.0,0.0,0.0,0.0,0.0,0.0,0.0,4.119441032409668,0.0,-1.0,5.768889427185059,0.28293073177337646,,0,-1
final,159912,ppo_rev12_114505,402,timeout,200,-0.5,0.0,0.0,0.0,0.0,1.0,0.0,0.0,0.0,0.0,1.747510552406311,0.0,0.7204017639160156,17.828723907470703,nan,,0,-1
final,159912,ppo_rev12_114505,403,goal,114,1.0,1.0,0.0,0.0,0.0,0.0,0.0,0.0,0.0,0.0,4.77470588684082,0.0,-0.6332980394363403,10.75939655303955,0.24283044040203094,,0,-1
final,159912,ppo_rev12_114505,404,goal,147,1.0,1.0,0.0,0.0,0.0,0.0,0.0,0.0,0.0,0.0,4.405735969543457,0.0,-1.0,15.501198768615723,0.2848762571811676,,0,-1
final,159912,ppo_rev12_114505,405,goal,69,1.0,1.0,0.0,0.0,0.0,0.0,0.0,0.0,0.0,0.0,4.286427974700928,0.0,-1.0,7.020258903503418,0.2957095205783844,,0,-1
final,159912,ppo_rev12_114505,406,goal,60,1.0,1.0,0.0,0.0,0.0,0.0,0.0,0.0,0.0,0.0,4.846980094909668,0.0,-1.0,5.789053916931152,0.26751792430877686,,0,-1
final,159912,ppo_rev12_114505,407,goal,45,1.0,1.0,0.0,0.0,0.0,0.0,0.0,0.0,0.0,0.0,nan,0.0,-1.0,3.760525703430176,0.23701664805412292,,0,-1
final,159912,ppo_rev12_114505,408,goal,112,1.0,1.0,0.0,0.0,0.0,0.0,0.0,0.0,0.0,0.04464285714285714,2.7793238162994385,0.0,-1.0,11.604721069335938,0.22215168178081512,,1,11
final,159912,ppo_rev12_114505,409,goal,67,1.0,1.0,0.0,0.0,0.0,0.0,0.0,0.0,0.0,0.0,4.115879535675049,0.0,-0.5034483671188354,6.388202667236328,0.2820335626602173,,0,-1
final,159912,ppo_rev12_114505,410,goal,105,1.0,1.0,0.0,0.0,0.0,0.0,0.0,0.0,0.0,0.009523809523809525,3.1967356204986572,0.0,-1.0,10.158740997314453,0.28680068254470825,,0,-1
final,159912,ppo_rev12_114505,411,goal,64,1.0,1.0,0.0,0.0,0.0,0.0,0.0,0.0,0.0,0.0,4.650689601898193,0.0,-1.0,6.051942348480225,0.255818247795105,,0,-1
final,159912,ppo_rev12_114505,412,goal,74,1.0,1.0,0.0,0.0,0.0,0.0,0.0,0.0,0.0,0.0,5.974842071533203,0.0,0.17911219596862793,7.776273727416992,0.2679744064807892,,0,-1
final,159912,ppo_rev12_114505,413,goal,112,1.0,1.0,0.0,0.0,0.0,0.0,0.0,0.0,0.0,0.0,2.6272857189178467,0.0,-1.0,8.205194473266602,0.2956032156944275,,0,-1
final,159912,ppo_rev12_114505,414,goal,70,1.0,1.0,0.0,0.0,0.0,0.0,0.0,0.0,0.0,0.0,4.25922966003418,0.0,-0.6322497129440308,6.6713409423828125,0.22639554738998413,,0,-1
final,159912,ppo_rev12_114505,415,goal,129,1.0,1.0,0.0,0.0,0.0,0.0,0.0,0.0,0.0,0.0,4.191126823425293,0.0,-1.0,13.909525871276855,0.27052050828933716,,0,-1
final,159912,ppo_rev12_114505,416,goal,96,1.0,1.0,0.0,0.0,0.0,0.0,0.0,0.0,0.0,0.0,5.17305850982666,0.0,-1.0,10.142606735229492,0.27439138293266296,,0,-1
final,159912,ppo_rev12_114505,417,timeout,200,-0.5,0.0,0.0,0.0,0.0,1.0,0.0,0.0,0.0,0.0,0.38879096508026123,0.0,0.5233414769172668,6.842484474182129,nan,,0,-1
final,159912,ppo_rev12_114505,418,goal,89,1.0,1.0,0.0,0.0,0.0,0.0,0.0,0.0,0.0,0.0,3.062019109725952,0.0,0.6702699661254883,5.9339494705200195,0.28987523913383484,,0,-1
final,159912,ppo_rev12_114505,419,goal,88,1.0,1.0,0.0,0.0,0.0,0.0,0.0,0.0,0.0,0.0,6.108251094818115,0.0,-1.0,9.990249633789062,0.29805660247802734,,1,5
final,159912,ppo_rev12_114505,420,goal,51,1.0,1.0,0.0,0.0,0.0,0.0,0.0,0.0,0.0,0.0,nan,0.0,-1.0,3.2864773273468018,0.1791602522134781,,1,11
final,159912,ppo_rev12_114505,421,goal,64,1.0,1.0,0.0,0.0,0.0,0.0,0.0,0.0,0.0,0.0,5.150026798248291,0.0,-1.0,5.531130790710449,0.29024016857147217,,0,-1
final,159912,ppo_rev12_114505,422,goal,110,1.0,1.0,0.0,0.0,0.0,0.0,0.0,0.0,0.0,0.0,2.1698973178863525,0.0,-1.0,9.511224746704102,0.25535133481025696,,0,-1
final,159912,ppo_rev12_114505,423,goal,85,1.0,1.0,0.0,0.0,0.0,0.0,0.0,0.0,0.0,0.0,4.401149749755859,0.0,-0.5166443586349487,8.302358627319336,0.2978160083293915,,0,-1
final,159912,ppo_rev12_114505,424,goal,69,1.0,1.0,0.0,0.0,0.0,0.0,0.0,0.0,0.0,0.0,5.106439590454102,0.0,0.3357314467430115,6.270360946655273,0.25942686200141907,,0,-1
final,159912,ppo_rev12_114505,425,goal,59,1.0,1.0,0.0,0.0,0.0,0.0,0.0,0.0,0.0,0.0,nan,0.0,-1.0,6.300821304321289,0.155313178896904,,0,-1
final,159912,ppo_rev12_114505,426,goal,72,1.0,1.0,0.0,0.0,0.0,0.0,0.0,0.0,0.0,0.0,3.038694143295288,0.0,-1.0,6.411403656005859,0.25585001707077026,,0,-1
final,159912,ppo_rev12_114505,427,goal,73,1.0,1.0,0.0,0.0,0.0,0.0,0.0,0.0,0.0,0.0,4.094081401824951,0.0,-1.0,6.803159713745117,0.28948333859443665,,0,-1
final,159912,ppo_rev12_114505,428,goal,88,1.0,1.0,0.0,0.0,0.0,0.0,0.0,0.0,0.0,0.0,4.563045024871826,0.0,-0.6693844795227051,9.170165061950684,0.2628215551376343,,0,-1
final,159912,ppo_rev12_114505,429,goal,105,1.0,1.0,0.0,0.0,0.0,0.0,0.0,0.0,0.0,0.0,4.7785325050354,0.0,-1.0,10.155424118041992,0.28474298119544983,,0,-1
final,159912,ppo_rev12_114505,430,goal,57,1.0,1.0,0.0,0.0,0.0,0.0,0.0,0.0,0.0,0.0,nan,0.0,-1.0,5.438032150268555,0.2798282206058502,,0,-1
final,159912,ppo_rev12_114505,431,goal,116,1.0,1.0,0.0,0.0,0.0,0.0,0.0,0.0,0.0,0.0,4.037453651428223,0.0,-1.0,11.227126121520996,0.2930561602115631,,0,-1
final,159912,ppo_rev12_114505,432,goal,104,1.0,1.0,0.0,0.0,0.0,0.0,0.0,0.0,0.0,0.0,4.127335548400879,0.0,-0.1991187334060669,8.899288177490234,0.29826706647872925,,0,-1
final,159912,ppo_rev12_114505,433,timeout,200,-0.5,0.0,0.0,0.0,0.0,1.0,0.0,0.0,0.0,0.0,0.623985767364502,0.0,-0.2844879627227783,14.883234024047852,nan,,0,-1
final,159912,ppo_rev12_114505,434,goal,83,1.0,1.0,0.0,0.0,0.0,0.0,0.0,0.0,0.0,0.0,5.12157678604126,0.0,-1.0,8.160698890686035,0.29828837513923645,,0,-1
final,159912,ppo_rev12_114505,435,goal,134,1.0,1.0,0.0,0.0,0.0,0.0,0.0,0.0,0.0,0.0,1.9098156690597534,0.0,-1.0,13.666226387023926,0.2847576141357422,,0,-1
final,159912,ppo_rev12_114505,436,goal,161,1.0,1.0,0.0,0.0,0.0,0.0,0.0,0.0,0.0,0.0,0.9558586478233337,0.0,0.4715176224708557,11.86541748046875,0.2887883484363556,,0,-1
final,159912,ppo_rev12_114505,437,collision,5,-2.0,0.0,1.0,0.0,0.0,0.0,0.0,0.0,0.0,0.0,nan,0.0,1.0,0.3810660243034363,nan,obstacle,0,-1
final,159912,ppo_rev12_114505,438,goal,191,1.0,1.0,0.0,0.0,0.0,0.0,0.0,0.0,0.0,0.0,4.151910305023193,0.0,0.1638280749320984,20.877195358276367,0.27625027298927307,,0,-1
final,159912,ppo_rev12_114505,439,goal,168,1.0,1.0,0.0,0.0,0.0,0.0,0.0,0.0,0.0,0.0,3.418489694595337,0.0,-1.0,18.420059204101562,0.27172520756721497,,0,-1
final,159912,ppo_rev12_114505,440,goal,82,1.0,1.0,0.0,0.0,0.0,0.0,0.0,0.0,0.0,0.0,4.982978343963623,0.0,-0.4955078363418579,7.424551010131836,0.27457195520401,,0,-1
final,159912,ppo_rev12_114505,441,goal,58,1.0,1.0,0.0,0.0,0.0,0.0,0.0,0.0,0.0,0.0,nan,0.0,-1.0,5.190789222717285,0.29984259605407715,,0,-1
final,159912,ppo_rev12_114505,442,collision,12,-2.0,0.0,1.0,0.0,0.0,0.0,0.0,0.0,0.0,0.0,nan,0.0,1.0,1.135811448097229,nan,obstacle,0,-1
final,159912,ppo_rev12_114505,443,goal,98,1.0,1.0,0.0,0.0,0.0,0.0,0.0,0.0,0.0,0.0,4.836585521697998,0.0,-1.0,10.480043411254883,0.23383896052837372,,0,-1
final,159912,ppo_rev12_114505,444,collision,6,-2.0,0.0,1.0,0.0,0.0,0.0,0.0,0.0,0.0,0.0,nan,0.0,1.0,0.4152846932411194,nan,obstacle,0,-1
final,159912,ppo_rev12_114505,445,goal,60,1.0,1.0,0.0,0.0,0.0,0.0,0.0,0.0,0.0,0.0,5.741533279418945,0.0,-1.0,6.185482025146484,0.26391416788101196,,0,-1
final,159912,ppo_rev12_114505,446,goal,87,1.0,1.0,0.0,0.0,0.0,0.0,0.0,0.0,0.0,0.0,4.877435684204102,0.0,-0.9796794652938843,8.654912948608398,0.2960260808467865,,0,-1
final,159912,ppo_rev12_114505,447,goal,75,1.0,1.0,0.0,0.0,0.0,0.0,0.0,0.0,0.0,0.0,4.803577423095703,0.0,-1.0,6.53435754776001,0.24580655992031097,,0,-1
final,159912,ppo_rev12_114505,448,goal,109,1.0,1.0,0.0,0.0,0.0,0.0,0.0,0.0,0.0,0.0,4.665364742279053,0.0,-0.9806804656982422,11.068251609802246,0.1735687106847763,,2,7
final,159912,ppo_rev12_114505,449,goal,65,1.0,1.0,0.0,0.0,0.0,0.0,0.0,0.0,0.0,0.0,3.5679714679718018,0.0,-0.8985095024108887,5.2353057861328125,0.26957470178604126,,0,-1
final,159912,ppo_rev12_114505,450,goal,84,1.0,1.0,0.0,0.0,0.0,0.0,0.0,0.0,0.0,0.0,4.162320137023926,0.0,-1.0,7.3597211837768555,0.28704822063446045,,0,-1
final,159912,ppo_rev12_114505,451,goal,91,1.0,1.0,0.0,0.0,0.0,0.0,0.0,0.0,0.0,0.0,2.4662201404571533,0.0,0.07400673627853394,5.190855979919434,0.2935141324996948,,0,-1
final,159912,ppo_rev12_114505,452,goal,55,1.0,1.0,0.0,0.0,0.0,0.0,0.0,0.0,0.0,0.0,nan,0.0,-1.0,4.9123029708862305,0.29724934697151184,,0,-1
final,159912,ppo_rev12_114505,453,goal,137,1.0,1.0,0.0,0.0,0.0,0.0,0.0,0.0,0.0,0.0,2.674046516418457,0.0,-1.0,10.570112228393555,0.28545546531677246,,0,-1
final,159912,ppo_rev12_114505,454,goal,73,1.0,1.0,0.0,0.0,0.0,0.0,0.0,0.0,0.0,0.0,4.110089302062988,0.0,-1.0,7.013360023498535,0.28901076316833496,,0,-1
final,159912,ppo_rev12_114505,455,goal,77,1.0,1.0,0.0,0.0,0.0,0.0,0.0,0.0,0.0,0.0,5.724355697631836,0.0,-1.0,7.115950107574463,0.2546180188655853,,0,-1
final,159912,ppo_rev12_114505,456,goal,105,1.0,1.0,0.0,0.0,0.0,0.0,0.0,0.0,0.0,0.0,5.629562854766846,0.0,-1.0,10.91491413116455,0.2297692745923996,,0,-1
final,159912,ppo_rev12_114505,457,goal,57,1.0,1.0,0.0,0.0,0.0,0.0,0.0,0.0,0.0,0.0,nan,0.0,-0.2684955596923828,4.734536170959473,0.28611329197883606,,0,-1
final,159912,ppo_rev12_114505,458,goal,81,1.0,1.0,0.0,0.0,0.0,0.0,0.0,0.0,0.0,0.0,4.939631938934326,0.0,-1.0,7.565199851989746,0.20098286867141724,,0,-1
final,159912,ppo_rev12_114505,459,goal,53,1.0,1.0,0.0,0.0,0.0,0.0,0.0,0.0,0.0,0.0,nan,0.0,-1.0,4.438921928405762,0.2956021726131439,,0,-1
final,159912,ppo_rev12_114505,460,goal,51,1.0,1.0,0.0,0.0,0.0,0.0,0.0,0.0,0.0,0.0,nan,0.0,-1.0,4.463085174560547,0.04320552200078964,,0,-1
final,159912,ppo_rev12_114505,461,collision,10,-2.0,0.0,1.0,0.0,0.0,0.0,0.0,0.0,0.0,0.0,nan,0.0,1.0,0.6083609461784363,nan,obstacle,0,-1
final,159912,ppo_rev12_114505,462,goal,92,1.0,1.0,0.0,0.0,0.0,0.0,0.0,0.0,0.0,0.010869565217391304,5.0508317947387695,0.0,-0.973376989364624,9.294206619262695,0.2775834798812866,,0,-1
final,159912,ppo_rev12_114505,463,goal,57,1.0,1.0,0.0,0.0,0.0,0.0,0.0,0.0,0.0,0.0,nan,0.0,-0.01420605182647705,3.722114086151123,0.28797656297683716,,0,-1
final,159912,ppo_rev12_114505,464,goal,139,1.0,1.0,0.0,0.0,0.0,0.0,0.0,0.0,0.0,0.0,1.980370044708252,0.0,-1.0,9.808661460876465,0.21727636456489563,,0,-1
final,159912,ppo_rev12_114505,465,goal,75,1.0,1.0,0.0,0.0,0.0,0.0,0.0,0.0,0.0,0.0,5.64318323135376,0.0,-1.0,7.59044885635376,0.28652065992355347,,0,-1
final,159912,ppo_rev12_114505,466,goal,111,1.0,1.0,0.0,0.0,0.0,0.0,0.0,0.0,0.0,0.0,4.491599082946777,0.0,-0.8674755096435547,11.910669326782227,0.29745328426361084,,0,-1
final,159912,ppo_rev12_114505,467,goal,60,1.0,1.0,0.0,0.0,0.0,0.0,0.0,0.0,0.0,0.0,3.1817994117736816,0.0,-0.6832406520843506,3.9866037368774414,0.29989707469940186,,0,-1
final,159912,ppo_rev12_114505,468,goal,48,1.0,1.0,0.0,0.0,0.0,0.0,0.0,0.0,0.0,0.0,nan,0.0,-1.0,3.5574941635131836,0.28999006748199463,,0,-1
final,159912,ppo_rev12_114505,469,goal,65,1.0,1.0,0.0,0.0,0.0,0.0,0.0,0.0,0.0,0.0,5.292670249938965,0.0,0.6476765871047974,5.613411903381348,0.20092956721782684,,0,-1
final,159912,ppo_rev12_114505,470,collision,12,-2.0,0.0,1.0,0.0,0.0,0.0,0.0,0.0,0.0,0.0,nan,0.0,1.0,0.7715809345245361,nan,obstacle,0,-1
final,159912,ppo_rev12_114505,471,goal,64,1.0,1.0,0.0,0.0,0.0,0.0,0.0,0.0,0.0,0.0,5.833919525146484,0.0,-1.0,6.77427864074707,0.11948408931493759,,0,-1
final,159912,ppo_rev12_114505,472,goal,125,1.0,1.0,0.0,0.0,0.0,0.0,0.0,0.0,0.0,0.0,5.1401591300964355,0.0,-1.0,13.364511489868164,0.2708422839641571,,0,-1
final,159912,ppo_rev12_114505,473,collision,6,-2.0,0.0,1.0,0.0,0.0,0.0,0.0,0.0,0.0,0.3333333333333333,nan,0.0,1.0,0.7070984840393066,nan,obstacle,0,-1
final,159912,ppo_rev12_114505,474,goal,105,1.0,1.0,0.0,0.0,0.0,0.0,0.0,0.0,0.0,0.0,4.583551406860352,0.0,-1.0,10.835693359375,0.2906820774078369,,0,-1
final,159912,ppo_rev12_114505,475,goal,61,1.0,1.0,0.0,0.0,0.0,0.0,0.0,0.0,0.0,0.0,5.666300296783447,0.0,-0.7572965621948242,6.206944942474365,0.28611990809440613,,0,-1
final,159912,ppo_rev12_114505,476,goal,162,1.0,1.0,0.0,0.0,0.0,0.0,0.0,0.0,0.0,0.0,0.7229244112968445,0.0,-0.1702817678451538,9.506858825683594,0.2978094220161438,,0,-1
final,159912,ppo_rev12_114505,477,goal,60,1.0,1.0,0.0,0.0,0.0,0.0,0.0,0.0,0.0,0.0,5.901422500610352,0.0,-0.7375370264053345,6.320183753967285,0.2847757637500763,,0,-1
final,159912,ppo_rev12_114505,478,goal,92,1.0,1.0,0.0,0.0,0.0,0.0,0.0,0.0,0.0,0.0,3.800703525543213,0.0,-1.0,8.710958480834961,0.2582145929336548,,0,-1
final,159912,ppo_rev12_114505,479,goal,61,1.0,1.0,0.0,0.0,0.0,0.0,0.0,0.0,0.0,0.0,4.6468706130981445,0.0,-1.0,5.370677471160889,0.26295551657676697,,0,-1
final,159912,ppo_rev12_114505,480,goal,69,1.0,1.0,0.0,0.0,0.0,0.0,0.0,0.0,0.0,0.0,4.117492198944092,0.0,-0.9685136079788208,6.543881416320801,0.23501455783843994,,0,-1
final,159912,ppo_rev12_114505,481,goal,130,1.0,1.0,0.0,0.0,0.0,0.0,0.0,0.0,0.0,0.0,3.4035935401916504,0.0,-1.0,13.060853958129883,0.25140005350112915,,0,-1
final,159912,ppo_rev12_114505,482,goal,108,1.0,1.0,0.0,0.0,0.0,0.0,0.0,0.0,0.0,0.0,3.078422784805298,0.0,0.5364953279495239,8.718687057495117,0.2704014480113983,,0,-1
final,159912,ppo_rev12_114505,483,goal,85,1.0,1.0,0.0,0.0,0.0,0.0,0.0,0.0,0.0,0.011764705882352941,3.972940683364868,0.0,0.8438518047332764,6.622981071472168,0.26184970140457153,,0,-1
final,159912,ppo_rev12_114505,484,goal,103,1.0,1.0,0.0,0.0,0.0,0.0,0.0,0.0,0.0,0.0,4.836387634277344,0.0,-1.0,10.584814071655273,0.2906620502471924,,0,-1
final,159912,ppo_rev12_114505,485,goal,167,1.0,1.0,0.0,0.0,0.0,0.0,0.0,0.0,0.0,0.0,3.9113645553588867,0.0,-1.0,17.339387893676758,0.26279130578041077,,0,-1
final,159912,ppo_rev12_114505,486,goal,121,1.0,1.0,0.0,0.0,0.0,0.0,0.0,0.0,0.0,0.008264462809917356,5.029106140136719,0.0,-1.0,12.721921920776367,0.29931604862213135,,0,-1
final,159912,ppo_rev12_114505,487,goal,68,1.0,1.0,0.0,0.0,0.0,0.0,0.0,0.0,0.0,0.0,4.155554294586182,0.0,-1.0,5.9383392333984375,0.2598209083080292,,0,-1
final,159912,ppo_rev12_114505,488,goal,78,1.0,1.0,0.0,0.0,0.0,0.0,0.0,0.0,0.0,0.0,4.1027445793151855,0.0,-0.48149192333221436,6.7685651779174805,0.20641300082206726,,0,-1
final,159912,ppo_rev12_114505,489,goal,47,1.0,1.0,0.0,0.0,0.0,0.0,0.0,0.0,0.0,0.0,nan,0.0,-1.0,4.2596611976623535,0.1279977560043335,,0,-1
final,159912,ppo_rev12_114505,490,goal,90,1.0,1.0,0.0,0.0,0.0,0.0,0.0,0.0,0.0,0.0,3.2692253589630127,0.0,-1.0,6.458164215087891,0.06012315675616264,,0,-1
final,159912,ppo_rev12_114505,491,goal,83,1.0,1.0,0.0,0.0,0.0,0.0,0.0,0.0,0.0,0.0,4.1620917320251465,0.0,-0.2640500068664551,7.260577201843262,0.2998020350933075,,0,-1
final,159912,ppo_rev12_114505,492,goal,80,1.0,1.0,0.0,0.0,0.0,0.0,0.0,0.0,0.0,0.0,5.153842449188232,0.0,-1.0,7.840991020202637,0.24155713617801666,,0,-1
final,159912,ppo_rev12_114505,493,goal,73,1.0,1.0,0.0,0.0,0.0,0.0,0.0,0.0,0.0,0.0,5.236771106719971,0.0,-1.0,7.563878059387207,0.29713940620422363,,0,-1
final,159912,ppo_rev12_114505,494,goal,48,1.0,1.0,0.0,0.0,0.0,0.0,0.0,0.0,0.0,0.0,nan,0.0,-0.2648787498474121,3.745988368988037,0.2914305031299591,,0,-1
final,159912,ppo_rev12_114505,495,goal,98,1.0,1.0,0.0,0.0,0.0,0.0,0.0,0.0,0.0,0.0,3.3657071590423584,0.0,-1.0,8.177190780639648,0.27910104393959045,,0,-1
final,159912,ppo_rev12_114505,496,goal,119,1.0,1.0,0.0,0.0,0.0,0.0,0.0,0.0,0.0,0.0,1.9763718843460083,0.0,-1.0,8.77844524383545,0.28130391240119934,,0,-1
final,159912,ppo_rev12_114505,497,goal,79,1.0,1.0,0.0,0.0,0.0,0.0,0.0,0.0,0.0,0.012658227848101266,5.329592227935791,0.0,-1.0,7.336817741394043,0.24540375173091888,,0,-1
final,159912,ppo_rev12_114505,498,goal,72,1.0,1.0,0.0,0.0,0.0,0.0,0.0,0.0,0.0,0.0,3.0918023586273193,0.0,0.3441595435142517,5.015623569488525,0.29563137888908386,,0,-1
final,159912,ppo_rev12_114505,499,goal,71,1.0,1.0,0.0,0.0,0.0,0.0,0.0,0.0,0.0,0.0,4.6592936515808105,0.0,-1.0,6.668694496154785,0.2212851494550705,,0,-1
final,159912,ppo_rev12_114505,500,goal,100,1.0,1.0,0.0,0.0,0.0,0.0,0.0,0.0,0.0,0.07,4.499773979187012,0.0,0.8525586128234863,10.417449951171875,0.28994423151016235,,0,-1
final,159912,ppo_rev12_114505,501,goal,151,1.0,1.0,0.0,0.0,0.0,0.0,0.0,0.0,0.0,0.0,3.030761241912842,0.0,-1.0,14.204856872558594,0.287882000207901,,0,-1
final,159912,ppo_rev12_114505,502,goal,76,1.0,1.0,0.0,0.0,0.0,0.0,0.0,0.0,0.0,0.0,4.667051315307617,0.0,-1.0,7.062615394592285,0.04860270395874977,,0,-1
final,159912,ppo_rev12_114505,503,goal,68,1.0,1.0,0.0,0.0,0.0,0.0,0.0,0.0,0.0,0.0,3.821340799331665,0.0,-1.0,6.699644088745117,0.2936907112598419,,0,-1
final,159912,ppo_rev12_114505,504,goal,55,1.0,1.0,0.0,0.0,0.0,0.0,0.0,0.0,0.0,0.0,nan,0.0,-1.0,4.3790411949157715,0.28834736347198486,,0,-1
final,159912,ppo_rev12_114505,505,goal,73,1.0,1.0,0.0,0.0,0.0,0.0,0.0,0.0,0.0,0.0,4.0650153160095215,0.0,-1.0,5.640874862670898,0.2776009738445282,,0,-1
final,159912,ppo_rev12_114505,506,timeout,200,-0.5,0.0,0.0,0.0,0.0,1.0,0.0,0.0,0.0,0.0,0.9491968154907227,0.0,0.005348503589630127,9.85720443725586,nan,,0,-1
final,159912,ppo_rev12_114505,507,goal,63,1.0,1.0,0.0,0.0,0.0,0.0,0.0,0.0,0.0,0.0,5.031855583190918,0.0,-1.0,6.329689025878906,0.1592290997505188,,0,-1
final,159912,ppo_rev12_114505,508,goal,77,1.0,1.0,0.0,0.0,0.0,0.0,0.0,0.0,0.0,0.0,3.658601760864258,0.0,-1.0,7.833702087402344,0.2689421474933624,,0,-1
final,159912,ppo_rev12_114505,509,collision,6,-2.0,0.0,1.0,0.0,0.0,0.0,0.0,0.0,0.0,0.0,nan,0.0,1.0,0.4872972369194031,nan,obstacle,0,-1
final,159912,ppo_rev12_114505,510,goal,74,1.0,1.0,0.0,0.0,0.0,0.0,0.0,0.0,0.0,0.0,3.538933753967285,0.0,-0.4141511917114258,5.6892266273498535,0.2717600166797638,,0,-1
final,159912,ppo_rev12_114505,511,collision,29,-2.0,0.0,1.0,0.0,0.0,0.0,0.0,0.0,0.0,0.0,nan,0.0,1.0,1.7681128978729248,nan,obstacle,0,-1
final,159912,ppo_rev12_114505,512,goal,77,1.0,1.0,0.0,0.0,0.0,0.0,0.0,0.0,0.0,0.0,4.696406364440918,0.0,-1.0,7.13184118270874,0.2443406581878662,,0,-1
final,159912,ppo_rev12_114505,513,goal,132,1.0,1.0,0.0,0.0,0.0,0.0,0.0,0.0,0.0,0.0,3.9309842586517334,0.0,-0.12438404560089111,12.318327903747559,0.27909281849861145,,0,-1
final,159912,ppo_rev12_114505,514,goal,114,1.0,1.0,0.0,0.0,0.0,0.0,0.0,0.0,0.0,0.0,5.752264976501465,0.0,-1.0,13.022890090942383,0.2979777753353119,,0,-1
final,159912,ppo_rev12_114505,515,goal,94,1.0,1.0,0.0,0.0,0.0,0.0,0.0,0.0,0.0,0.0,3.4999966621398926,0.0,-1.0,9.827017784118652,0.22044068574905396,,0,-1
final,159912,ppo_rev12_114505,516,goal,67,1.0,1.0,0.0,0.0,0.0,0.0,0.0,0.0,0.0,0.0,5.329651355743408,0.0,-1.0,6.626753807067871,0.2751963138580322,,0,-1
final,159912,ppo_rev12_114505,517,goal,92,1.0,1.0,0.0,0.0,0.0,0.0,0.0,0.0,0.0,0.0,3.9413094520568848,0.0,-1.0,7.957483768463135,0.27761736512184143,,0,-1
final,159912,ppo_rev12_114505,518,goal,140,1.0,1.0,0.0,0.0,0.0,0.0,0.0,0.0,0.0,0.0,4.210024833679199,0.0,-1.0,15.264012336730957,0.25109046697616577,,0,-1
final,159912,ppo_rev12_114505,519,timeout,200,-0.5,0.0,0.0,0.0,0.0,1.0,0.0,0.0,0.0,0.0,1.7674400806427002,0.0,-0.4980435371398926,19.77206039428711,nan,,0,-1
final,159912,ppo_rev12_114505,520,goal,110,1.0,1.0,0.0,0.0,0.0,0.0,0.0,0.0,0.0,0.0,3.453474283218384,0.0,-1.0,10.964585304260254,0.26830464601516724,,1,9
final,159912,ppo_rev12_114505,521,goal,90,1.0,1.0,0.0,0.0,0.0,0.0,0.0,0.0,0.0,0.011111111111111112,3.0839998722076416,0.0,0.126631498336792,6.583514213562012,0.08004086464643478,,0,-1
final,159912,ppo_rev12_114505,522,goal,78,1.0,1.0,0.0,0.0,0.0,0.0,0.0,0.0,0.0,0.0,3.1091651916503906,0.0,0.7738296389579773,7.440342426300049,0.2935843765735626,,0,-1
final,159912,ppo_rev12_114505,523,goal,135,1.0,1.0,0.0,0.0,0.0,0.0,0.0,0.0,0.0,0.0,3.2535059452056885,0.0,-0.19505715370178223,11.904075622558594,0.21232293546199799,,0,-1
final,159912,ppo_rev12_114505,524,goal,80,1.0,1.0,0.0,0.0,0.0,0.0,0.0,0.0,0.0,0.07500000000000001,5.117581844329834,0.0,-1.0,8.188385009765625,0.29232338070869446,,0,-1
final,159912,ppo_rev12_114505,525,goal,100,1.0,1.0,0.0,0.0,0.0,0.0,0.0,0.0,0.0,0.0,0.42950600385665894,0.0,-1.0,4.40434455871582,0.10244382172822952,,0,-1
final,159912,ppo_rev12_114505,526,goal,133,1.0,1.0,0.0,0.0,0.0,0.0,0.0,0.0,0.0,0.0,3.8400931358337402,0.0,-0.7634943723678589,12.982500076293945,0.2570019066333771,,0,-1
final,159912,ppo_rev12_114505,527,goal,72,1.0,1.0,0.0,0.0,0.0,0.0,0.0,0.0,0.0,0.0,2.913231134414673,0.0,0.016626179218292236,4.534824848175049,0.23275761306285858,,0,-1
final,159912,ppo_rev12_114505,528,goal,66,1.0,1.0,0.0,0.0,0.0,0.0,0.0,0.0,0.0,0.0,4.513463973999023,0.0,-0.3882465362548828,5.665264129638672,0.2859945595264435,,0,-1
final,159912,ppo_rev12_114505,529,goal,115,1.0,1.0,0.0,0.0,0.0,0.0,0.0,0.0,0.0,0.0,4.485779285430908,0.0,-1.0,11.838947296142578,0.26930639147758484,,0,-1
final,159912,ppo_rev12_114505,530,goal,188,1.0,1.0,0.0,0.0,0.0,0.0,0.0,0.0,0.0,0.0,0.9754045605659485,0.0,-0.1398860216140747,13.379566192626953,0.2601586580276489,,0,-1
final,159912,ppo_rev12_114505,531,goal,87,1.0,1.0,0.0,0.0,0.0,0.0,0.0,0.0,0.0,0.0,4.17901611328125,0.0,-1.0,8.021612167358398,0.25748777389526367,,0,-1
final,159912,ppo_rev12_114505,532,goal,87,1.0,1.0,0.0,0.0,0.0,0.0,0.0,0.0,0.0,0.0,3.7125651836395264,0.0,0.34407877922058105,8.357876777648926,0.2962730824947357,,0,-1
final,159912,ppo_rev12_114505,533,goal,169,1.0,1.0,0.0,0.0,0.0,0.0,0.0,0.0,0.0,0.023668639053254437,2.0920283794403076,0.0,-0.6533290147781372,14.063215255737305,0.278755784034729,,1,5
final,159912,ppo_rev12_114505,534,goal,106,1.0,1.0,0.0,0.0,0.0,0.0,0.0,0.0,0.0,0.0,2.2748072147369385,0.0,-1.0,9.474767684936523,0.2955673635005951,,0,-1
final,159912,ppo_rev12_114505,535,goal,68,1.0,1.0,0.0,0.0,0.0,0.0,0.0,0.0,0.0,0.0,3.530233144760132,0.0,0.43810051679611206,4.865349769592285,0.18569765985012054,,0,-1
final,159912,ppo_rev12_114505,536,goal,86,1.0,1.0,0.0,0.0,0.0,0.0,0.0,0.0,0.0,0.0,3.9016175270080566,0.0,-1.0,7.5435991287231445,0.2835093140602112,,0,-1
final,159912,ppo_rev12_114505,537,goal,93,1.0,1.0,0.0,0.0,0.0,0.0,0.0,0.0,0.0,0.010752688172043012,5.201560020446777,0.0,-1.0,10.003824234008789,0.27599820494651794,,0,-1
final,159912,ppo_rev12_114505,538,goal,80,1.0,1.0,0.0,0.0,0.0,0.0,0.0,0.0,0.0,0.0,4.4704813957214355,0.0,0.2874465584754944,7.578155517578125,0.20557299256324768,,0,-1
final,159912,ppo_rev12_114505,539,goal,82,1.0,1.0,0.0,0.0,0.0,0.0,0.0,0.0,0.0,0.0,6.320241451263428,0.0,0.09630566835403442,8.753122329711914,0.28439047932624817,,1,4
final,159912,ppo_rev12_114505,540,goal,56,1.0,1.0,0.0,0.0,0.0,0.0,0.0,0.0,0.0,0.0,nan,0.0,-1.0,4.657227039337158,0.26736244559288025,,0,-1
final,159912,ppo_rev12_114505,541,goal,82,1.0,1.0,0.0,0.0,0.0,0.0,0.0,0.0,0.0,0.0,4.246415138244629,0.0,-1.0,7.808090686798096,0.2789461016654968,,0,-1
final,159912,ppo_rev12_114505,542,goal,152,1.0,1.0,0.0,0.0,0.0,0.0,0.0,0.0,0.0,0.0,3.419638156890869,0.0,-0.28109610080718994,14.347448348999023,0.29980534315109253,,0,-1
final,159912,ppo_rev12_114505,543,goal,83,1.0,1.0,0.0,0.0,0.0,0.0,0.0,0.0,0.0,0.0,2.287367343902588,0.0,-0.10865187644958496,6.222540855407715,0.2826376259326935,,0,-1
final,159912,ppo_rev12_114505,544,collision,4,-2.0,0.0,1.0,0.0,0.0,0.0,0.0,0.0,0.0,0.5,nan,0.0,1.0,0.3351367712020874,nan,obstacle,0,-1
final,159912,ppo_rev12_114505,545,goal,57,1.0,1.0,0.0,0.0,0.0,0.0,0.0,0.0,0.0,0.017543859649122806,nan,0.0,-1.0,5.470937728881836,0.27431198954582214,,0,-1
final,159912,ppo_rev12_114505,546,goal,67,1.0,1.0,0.0,0.0,0.0,0.0,0.0,0.0,0.0,0.0,3.8228859901428223,0.0,0.1550193428993225,5.47270393371582,0.23713599145412445,,0,-1
final,159912,ppo_rev12_114505,547,goal,55,1.0,1.0,0.0,0.0,0.0,0.0,0.0,0.0,0.0,0.0,nan,0.0,-1.0,4.66864538192749,0.29877158999443054,,0,-1
final,159912,ppo_rev12_114505,548,timeout,200,-0.5,0.0,0.0,0.0,0.0,1.0,0.0,0.0,0.0,0.0,1.1102758646011353,0.0,0.015003561973571777,18.041173934936523,nan,,0,-1
final,159912,ppo_rev12_114505,549,goal,80,1.0,1.0,0.0,0.0,0.0,0.0,0.0,0.0,0.0,0.0,5.3478593826293945,0.0,-1.0,7.736665725708008,0.26770302653312683,,0,-1
final,159912,ppo_rev12_114505,550,stuck,152,-1.0,0.0,0.0,0.0,1.0,0.0,0.0,0.0,0.0,0.0,0.05656761676073074,0.0,-1.0,8.895484924316406,nan,,0,-1
final,159912,ppo_rev12_114505,551,goal,105,1.0,1.0,0.0,0.0,0.0,0.0,0.0,0.0,0.0,0.0,3.9386589527130127,0.0,-0.8255469799041748,8.834941864013672,0.28934288024902344,,1,4
final,159912,ppo_rev12_114505,552,goal,95,1.0,1.0,0.0,0.0,0.0,0.0,0.0,0.0,0.0,0.0,4.500861167907715,0.0,-0.9780241250991821,10.201169967651367,0.2871779799461365,,0,-1
final,159912,ppo_rev12_114505,553,goal,107,1.0,1.0,0.0,0.0,0.0,0.0,0.0,0.0,0.0,0.0,3.099306583404541,0.0,0.23466920852661133,8.857621192932129,0.22405873239040375,,0,-1
final,159912,ppo_rev12_114505,554,goal,106,1.0,1.0,0.0,0.0,0.0,0.0,0.0,0.0,0.0,0.0,3.8789212703704834,0.0,-1.0,11.003204345703125,0.2460860162973404,,0,-1
final,159912,ppo_rev12_114505,555,goal,56,1.0,1.0,0.0,0.0,0.0,0.0,0.0,0.0,0.0,0.0,nan,0.0,-0.7054146528244019,5.342778205871582,0.16335994005203247,,0,-1
final,159912,ppo_rev12_114505,556,goal,80,1.0,1.0,0.0,0.0,0.0,0.0,0.0,0.0,0.0,0.0,5.179880142211914,0.0,-1.0,7.372934818267822,0.25870847702026367,,0,-1
final,159912,ppo_rev12_114505,557,goal,56,1.0,1.0,0.0,0.0,0.0,0.0,0.0,0.0,0.0,0.0,nan,0.0,-1.0,5.396191596984863,0.25207337737083435,,1,7
final,159912,ppo_rev12_114505,558,goal,145,1.0,1.0,0.0,0.0,0.0,0.0,0.0,0.0,0.0,0.0,4.301042556762695,0.0,0.2772068381309509,15.163701057434082,0.29408806562423706,,0,-1
final,159912,ppo_rev12_114505,559,goal,98,1.0,1.0,0.0,0.0,0.0,0.0,0.0,0.0,0.0,0.0,2.685763120651245,0.0,-0.026823759078979492,7.7645134925842285,0.286653608083725,,0,-1
final,159912,ppo_rev12_114505,560,goal,66,1.0,1.0,0.0,0.0,0.0,0.0,0.0,0.0,0.0,0.0,4.782675743103027,0.0,-1.0,5.286917209625244,0.266205757856369,,0,-1
final,159912,ppo_rev12_114505,561,collision,10,-2.0,0.0,1.0,0.0,0.0,0.0,0.0,0.0,0.0,0.0,nan,0.0,1.0,0.5829252600669861,nan,obstacle,0,-1
final,159912,ppo_rev12_114505,562,goal,92,1.0,1.0,0.0,0.0,0.0,0.0,0.0,0.0,0.0,0.0,3.0208187103271484,0.0,-1.0,7.404889106750488,0.2836061716079712,,0,-1
final,159912,ppo_rev12_114505,563,goal,73,1.0,1.0,0.0,0.0,0.0,0.0,0.0,0.0,0.0,0.0,3.171727418899536,0.0,0.9801749587059021,6.1290388107299805,0.27944180369377136,,0,-1
final,159912,ppo_rev12_114505,564,goal,105,1.0,1.0,0.0,0.0,0.0,0.0,0.0,0.0,0.0,0.0,5.111870765686035,0.0,-0.11538958549499512,11.72652816772461,0.2975632846355438,,0,-1
final,159912,ppo_rev12_114505,565,goal,76,1.0,1.0,0.0,0.0,0.0,0.0,0.0,0.0,0.0,0.0,4.8395586013793945,0.0,0.12440329790115356,7.6195759773254395,0.28716468811035156,,0,-1
final,159912,ppo_rev12_114505,566,goal,133,1.0,1.0,0.0,0.0,0.0,0.0,0.0,0.0,0.0,0.0,4.585853576660156,0.0,0.9188097715377808,14.24380111694336,0.27555912733078003,,0,-1
final,159912,ppo_rev12_114505,567,goal,57,1.0,1.0,0.0,0.0,0.0,0.0,0.0,0.0,0.0,0.0,nan,0.0,-1.0,4.807959079742432,0.2671923339366913,,0,-1
final,159912,ppo_rev12_114505,568,goal,135,1.0,1.0,0.0,0.0,0.0,0.0,0.0,0.0,0.0,0.0,4.037006855010986,0.0,0.06435078382492065,14.145893096923828,0.18145793676376343,,1,111
final,159912,ppo_rev12_114505,569,goal,86,1.0,1.0,0.0,0.0,0.0,0.0,0.0,0.0,0.0,0.011627906976744186,5.6600213050842285,0.0,-1.0,8.584863662719727,0.29533150792121887,,0,-1
final,159912,ppo_rev12_114505,570,goal,58,1.0,1.0,0.0,0.0,0.0,0.0,0.0,0.0,0.0,0.0,nan,0.0,-1.0,5.15436315536499,0.2733800709247589,,0,-1
final,159912,ppo_rev12_114505,571,goal,86,1.0,1.0,0.0,0.0,0.0,0.0,0.0,0.0,0.0,0.03488372093023256,4.4277472496032715,0.0,-1.0,8.643653869628906,0.2624392807483673,,0,-1
final,159912,ppo_rev12_114505,572,goal,129,1.0,1.0,0.0,0.0,0.0,0.0,0.0,0.0,0.0,0.03875968992248062,4.6112494468688965,0.0,-0.6295477151870728,14.317150115966797,0.28778889775276184,,0,-1
final,159912,ppo_rev12_114505,573,goal,48,1.0,1.0,0.0,0.0,0.0,0.0,0.0,0.0,0.0,0.0,nan,0.0,-1.0,4.098247528076172,0.2613852918148041,,0,-1
final,159912,ppo_rev12_114505,574,goal,54,1.0,1.0,0.0,0.0,0.0,0.0,0.0,0.0,0.0,0.0,nan,0.0,-1.0,4.981435775756836,0.2664167284965515,,0,-1
final,159912,ppo_rev12_114505,575,goal,61,1.0,1.0,0.0,0.0,0.0,0.0,0.0,0.0,0.0,0.0,5.012677192687988,0.0,-1.0,5.677740097045898,0.24832910299301147,,0,-1
final,159912,ppo_rev12_114505,576,goal,121,1.0,1.0,0.0,0.0,0.0,0.0,0.0,0.0,0.0,0.024793388429752067,3.7127323150634766,0.0,0.047183990478515625,11.203256607055664,0.2731301486492157,,0,-1
final,159912,ppo_rev12_114505,577,goal,79,1.0,1.0,0.0,0.0,0.0,0.0,0.0,0.0,0.0,0.0,4.824992656707764,0.0,-0.9518283605575562,7.82105827331543,0.24832788109779358,,0,-1
final,159912,ppo_rev12_114505,578,goal,80,1.0,1.0,0.0,0.0,0.0,0.0,0.0,0.0,0.0,0.0,5.5151872634887695,0.0,-0.08780384063720703,7.268520355224609,0.2709113359451294,,0,-1
final,159912,ppo_rev12_114505,579,goal,85,1.0,1.0,0.0,0.0,0.0,0.0,0.0,0.0,0.0,0.0,5.04933500289917,0.0,-1.0,8.23007583618164,0.28395241498947144,,0,-1
final,159912,ppo_rev12_114505,580,goal,120,1.0,1.0,0.0,0.0,0.0,0.0,0.0,0.0,0.0,0.008333333333333333,3.099513292312622,0.0,-1.0,12.946611404418945,0.2756895422935486,,0,-1
final,159912,ppo_rev12_114505,581,goal,54,1.0,1.0,0.0,0.0,0.0,0.0,0.0,0.0,0.0,0.0,nan,0.0,-1.0,4.333197593688965,0.27017828822135925,,0,-1
final,159912,ppo_rev12_114505,582,goal,68,1.0,1.0,0.0,0.0,0.0,0.0,0.0,0.0,0.0,0.0,4.205017566680908,0.0,-0.2682492733001709,4.749248027801514,0.27596989274024963,,0,-1
final,159912,ppo_rev12_114505,583,goal,155,1.0,1.0,0.0,0.0,0.0,0.0,0.0,0.0,0.0,0.0,3.2851436138153076,0.0,-1.0,16.493066787719727,0.2830077111721039,,0,-1
final,159912,ppo_rev12_114505,584,goal,77,1.0,1.0,0.0,0.0,0.0,0.0,0.0,0.0,0.0,0.0,4.527987480163574,0.0,-1.0,6.7729716300964355,0.2483663558959961,,0,-1
final,159912,ppo_rev12_114505,585,goal,80,1.0,1.0,0.0,0.0,0.0,0.0,0.0,0.0,0.0,0.0,4.696881294250488,0.0,-0.9130836725234985,7.83925199508667,0.2624965012073517,,0,-1
final,159912,ppo_rev12_114505,586,goal,72,1.0,1.0,0.0,0.0,0.0,0.0,0.0,0.0,0.0,0.027777777777777776,5.333082675933838,0.0,-1.0,6.58787727355957,0.21123109757900238,,0,-1
final,159912,ppo_rev12_114505,587,goal,139,1.0,1.0,0.0,0.0,0.0,0.0,0.0,0.0,0.0,0.0,3.9880313873291016,0.0,-0.11409497261047363,13.35954761505127,0.24262142181396484,,0,-1
final,159912,ppo_rev12_114505,588,goal,87,1.0,1.0,0.0,0.0,0.0,0.0,0.0,0.0,0.0,0.0,3.342463731765747,0.0,-0.2688850164413452,6.807564735412598,0.2751123011112213,,0,-1
final,159912,ppo_rev12_114505,589,goal,122,1.0,1.0,0.0,0.0,0.0,0.0,0.0,0.0,0.0,0.0,2.7162938117980957,0.0,0.32259607315063477,8.648458480834961,0.279036283493042,,0,-1
final,159912,ppo_rev12_114505,590,goal,125,1.0,1.0,0.0,0.0,0.0,0.0,0.0,0.0,0.0,0.0,3.6329703330993652,0.0,-1.0,13.307357788085938,0.21884606778621674,,0,-1
final,159912,ppo_rev12_114505,591,goal,124,1.0,1.0,0.0,0.0,0.0,0.0,0.0,0.0,0.0,0.0,4.643460750579834,0.0,-1.0,14.071844100952148,0.28695687651634216,,0,-1
final,159912,ppo_rev12_114505,592,goal,78,1.0,1.0,0.0,0.0,0.0,0.0,0.0,0.0,0.0,0.0,4.395471572875977,0.0,-1.0,7.379717826843262,0.2858421802520752,,0,-1
final,159912,ppo_rev12_114505,593,collision,9,-2.0,0.0,1.0,0.0,0.0,0.0,0.0,0.0,0.0,0.0,nan,0.0,1.0,1.0269875526428223,nan,obstacle,0,-1
final,159912,ppo_rev12_114505,594,goal,98,1.0,1.0,0.0,0.0,0.0,0.0,0.0,0.0,0.0,0.0,5.480515003204346,0.0,-0.5440239906311035,10.602863311767578,0.08967625349760056,,0,-1
final,159912,ppo_rev12_114505,595,goal,101,1.0,1.0,0.0,0.0,0.0,0.0,0.0,0.0,0.0,0.0,3.5629751682281494,0.0,-1.0,9.32558822631836,0.2589204013347626,,0,-1
final,159912,ppo_rev12_114505,596,goal,67,1.0,1.0,0.0,0.0,0.0,0.0,0.0,0.0,0.0,0.04477611940298507,4.505220413208008,0.0,-1.0,7.196258544921875,0.20976915955543518,,0,-1
final,159912,ppo_rev12_114505,597,goal,79,1.0,1.0,0.0,0.0,0.0,0.0,0.0,0.0,0.0,0.0,5.907061576843262,0.0,-1.0,8.31667709350586,0.2687455713748932,,0,-1
final,159912,ppo_rev12_114505,598,goal,55,1.0,1.0,0.0,0.0,0.0,0.0,0.0,0.0,0.0,0.0,nan,0.0,-1.0,4.664941787719727,0.19807839393615723,,0,-1
final,159912,ppo_rev12_114505,599,goal,45,1.0,1.0,0.0,0.0,0.0,0.0,0.0,0.0,0.0,0.0,nan,0.0,-0.9669051170349121,3.4279603958129883,0.242242231965065,,0,-1
final,159912,ppo_rev12_114505,600,goal,98,1.0,1.0,0.0,0.0,0.0,0.0,0.0,0.0,0.0,0.0,3.027719497680664,0.0,-0.3494100570678711,8.464797973632812,0.2887333631515503,,0,-1
final,159912,ppo_rev12_114505,601,goal,50,1.0,1.0,0.0,0.0,0.0,0.0,0.0,0.0,0.0,0.0,nan,0.0,-1.0,4.049968719482422,0.260028213262558,,0,-1
final,159912,ppo_rev12_114505,602,goal,72,1.0,1.0,0.0,0.0,0.0,0.0,0.0,0.0,0.0,0.0,5.56094217300415,0.0,-1.0,6.403244495391846,0.25376713275909424,,0,-1
final,159912,ppo_rev12_114505,603,goal,62,1.0,1.0,0.0,0.0,0.0,0.0,0.0,0.0,0.0,0.0,6.019134998321533,0.0,-1.0,6.355666160583496,0.2488381564617157,,0,-1
final,159912,ppo_rev12_114505,604,goal,82,1.0,1.0,0.0,0.0,0.0,0.0,0.0,0.0,0.0,0.0,3.583479166030884,0.0,-0.09253919124603271,7.2098846435546875,0.293556272983551,,0,-1
final,159912,ppo_rev12_114505,605,goal,137,1.0,1.0,0.0,0.0,0.0,0.0,0.0,0.0,0.0,0.0364963503649635,3.017953395843506,0.0,-1.0,13.568463325500488,0.25904443860054016,,0,-1
final,159912,ppo_rev12_114505,606,goal,182,1.0,1.0,0.0,0.0,0.0,0.0,0.0,0.0,0.0,0.0,1.7779127359390259,0.0,0.35779571533203125,13.776673316955566,0.22832085192203522,,1,5
final,159912,ppo_rev12_114505,607,goal,84,1.0,1.0,0.0,0.0,0.0,0.0,0.0,0.0,0.0,0.023809523809523808,4.767643928527832,0.0,-1.0,8.451278686523438,0.27866700291633606,,0,-1
final,159912,ppo_rev12_114505,608,goal,86,1.0,1.0,0.0,0.0,0.0,0.0,0.0,0.0,0.0,0.0,3.4479892253875732,0.0,-0.46531569957733154,7.639984130859375,0.26483792066574097,,0,-1
final,159912,ppo_rev12_114505,609,goal,53,1.0,1.0,0.0,0.0,0.0,0.0,0.0,0.0,0.0,0.0,nan,0.0,-1.0,3.758007526397705,0.2582944929599762,,0,-1
final,159912,ppo_rev12_114505,610,goal,103,1.0,1.0,0.0,0.0,0.0,0.0,0.0,0.0,0.0,0.019417475728155338,4.64178991317749,0.0,0.2940039038658142,9.457830429077148,0.26350656151771545,,0,-1
final,159912,ppo_rev12_114505,611,timeout,200,-0.5,0.0,0.0,0.0,0.0,1.0,0.0,0.0,0.0,0.0,0.8259462714195251,0.0,-0.7683247327804565,19.53186798095703,nan,,0,-1
final,159912,ppo_rev12_114505,612,goal,63,1.0,1.0,0.0,0.0,0.0,0.0,0.0,0.0,0.0,0.0,4.244331359863281,0.0,-1.0,5.421084403991699,0.2895087003707886,,0,-1
final,159912,ppo_rev12_114505,613,goal,51,1.0,1.0,0.0,0.0,0.0,0.0,0.0,0.0,0.0,0.0,nan,0.0,-1.0,4.504610061645508,0.27651309967041016,,0,-1
final,159912,ppo_rev12_114505,614,goal,55,1.0,1.0,0.0,0.0,0.0,0.0,0.0,0.0,0.0,0.0,nan,0.0,-1.0,4.785449028015137,0.20679545402526855,,0,-1
final,159912,ppo_rev12_114505,615,goal,81,1.0,1.0,0.0,0.0,0.0,0.0,0.0,0.0,0.0,0.0,5.034636497497559,0.0,-1.0,8.892366409301758,0.29145413637161255,,0,-1
final,159912,ppo_rev12_114505,616,collision,15,-2.0,0.0,1.0,0.0,0.0,0.0,0.0,0.0,0.0,0.0,nan,0.0,1.0,1.6829253435134888,nan,obstacle,0,-1
final,159912,ppo_rev12_114505,617,goal,59,1.0,1.0,0.0,0.0,0.0,0.0,0.0,0.0,0.0,0.0,nan,0.0,-0.16941404342651367,5.022170066833496,0.26146000623703003,,0,-1
final,159912,ppo_rev12_114505,618,goal,62,1.0,1.0,0.0,0.0,0.0,0.0,0.0,0.0,0.0,0.0,5.760006904602051,0.0,-1.0,6.462474822998047,0.26334765553474426,,0,-1
final,159912,ppo_rev12_114505,619,goal,71,1.0,1.0,0.0,0.0,0.0,0.0,0.0,0.0,0.0,0.0,6.634435176849365,0.0,-1.0,8.26392650604248,0.2617014944553375,,0,-1
final,159912,ppo_rev12_114505,620,goal,94,1.0,1.0,0.0,0.0,0.0,0.0,0.0,0.0,0.0,0.0,5.733715057373047,0.0,-1.0,10.436830520629883,0.2814813256263733,,0,-1
final,159912,ppo_rev12_114505,621,goal,106,1.0,1.0,0.0,0.0,0.0,0.0,0.0,0.0,0.0,0.0,3.0449419021606445,0.0,-1.0,9.733031272888184,0.2882493734359741,,0,-1
final,159912,ppo_rev12_114505,622,goal,60,1.0,1.0,0.0,0.0,0.0,0.0,0.0,0.0,0.0,0.0,2.3637888431549072,0.0,-1.0,4.895646095275879,0.26526495814323425,,0,-1
final,159912,ppo_rev12_114505,623,goal,60,1.0,1.0,0.0,0.0,0.0,0.0,0.0,0.0,0.0,0.0,3.784282684326172,0.0,0.058027565479278564,5.598406791687012,0.27114591002464294,,0,-1
final,159912,ppo_rev12_114505,624,goal,52,1.0,1.0,0.0,0.0,0.0,0.0,0.0,0.0,0.0,0.0,nan,0.0,-1.0,4.363361358642578,0.29591935873031616,,0,-1
final,159912,ppo_rev12_114505,625,goal,104,1.0,1.0,0.0,0.0,0.0,0.0,0.0,0.0,0.0,0.0,4.6865153312683105,0.0,-1.0,10.176338195800781,0.29351961612701416,,0,-1
final,159912,ppo_rev12_114505,626,goal,57,1.0,1.0,0.0,0.0,0.0,0.0,0.0,0.0,0.0,0.0,nan,0.0,-0.3357102870941162,4.699573516845703,0.2884950041770935,,0,-1
final,159912,ppo_rev12_114505,627,timeout,200,-0.5,0.0,0.0,0.0,0.0,1.0,0.0,0.0,0.0,0.0,0.37178805470466614,0.0,0.5306515693664551,6.880758285522461,nan,,0,-1
final,159912,ppo_rev12_114505,628,goal,85,1.0,1.0,0.0,0.0,0.0,0.0,0.0,0.0,0.0,0.0,4.964202404022217,0.0,-0.21799910068511963,8.50484561920166,0.22200804948806763,,0,-1
final,159912,ppo_rev12_114505,629,goal,81,1.0,1.0,0.0,0.0,0.0,0.0,0.0,0.0,0.0,0.0,3.8824310302734375,0.0,-0.8676952123641968,6.383213520050049,0.016817621886730194,,0,-1
final,159912,ppo_rev12_114505,630,goal,130,1.0,1.0,0.0,0.0,0.0,0.0,0.0,0.0,0.0,0.015384615384615385,4.132491111755371,0.0,-1.0,13.297895431518555,0.19474419951438904,,0,-1
final,159912,ppo_rev12_114505,631,goal,58,1.0,1.0,0.0,0.0,0.0,0.0,0.0,0.0,0.0,0.0,nan,0.0,-1.0,5.42402458190918,0.28691935539245605,,0,-1
final,159912,ppo_rev12_114505,632,goal,67,1.0,1.0,0.0,0.0,0.0,0.0,0.0,0.0,0.0,0.0,2.9360997676849365,0.0,-1.0,6.016190528869629,0.274770051240921,,0,-1
final,159912,ppo_rev12_114505,633,goal,83,1.0,1.0,0.0,0.0,0.0,0.0,0.0,0.0,0.0,0.0,3.0998735427856445,0.0,-0.4782419204711914,7.114428520202637,0.28413403034210205,,0,-1
final,159912,ppo_rev12_114505,634,goal,87,1.0,1.0,0.0,0.0,0.0,0.0,0.0,0.0,0.0,0.022988505747126436,5.299215316772461,0.0,-1.0,8.84400749206543,0.27495551109313965,,0,-1
final,159912,ppo_rev12_114505,635,timeout,200,-0.5,0.0,0.0,0.0,0.0,1.0,0.0,0.0,0.0,0.0,0.5106479525566101,0.0,-0.3896104097366333,15.782170295715332,nan,,0,-1
final,159912,ppo_rev12_114505,636,goal,138,1.0,1.0,0.0,0.0,0.0,0.0,0.0,0.0,0.0,0.0,3.245959520339966,0.0,0.5397512912750244,12.139010429382324,0.29399800300598145,,0,-1
final,159912,ppo_rev12_114505,637,goal,65,1.0,1.0,0.0,0.0,0.0,0.0,0.0,0.0,0.0,0.0,5.351137161254883,0.0,-1.0,6.1586456298828125,0.2848583459854126,,0,-1
final,159912,ppo_rev12_114505,638,goal,54,1.0,1.0,0.0,0.0,0.0,0.0,0.0,0.0,0.0,0.0,nan,0.0,-1.0,4.4995527267456055,0.2878669798374176,,0,-1
final,159912,ppo_rev12_114505,639,goal,81,1.0,1.0,0.0,0.0,0.0,0.0,0.0,0.0,0.0,0.0,6.0678300857543945,0.0,-1.0,8.770956039428711,0.018084997311234474,,0,-1
final,159912,ppo_rev12_114505,640,goal,61,1.0,1.0,0.0,0.0,0.0,0.0,0.0,0.0,0.0,0.0,5.504170894622803,0.0,-1.0,6.55255126953125,0.22301968932151794,,0,-1
final,159912,ppo_rev12_114505,641,goal,82,1.0,1.0,0.0,0.0,0.0,0.0,0.0,0.0,0.0,0.0,6.000697612762451,0.0,-1.0,8.818992614746094,0.27709656953811646,,0,-1
final,159912,ppo_rev12_114505,642,goal,45,1.0,1.0,0.0,0.0,0.0,0.0,0.0,0.0,0.0,0.0,nan,0.0,-1.0,3.238670587539673,0.2874385714530945,,0,-1
final,159912,ppo_rev12_114505,643,goal,65,1.0,1.0,0.0,0.0,0.0,0.0,0.0,0.0,0.0,0.0,5.938300609588623,0.0,-0.9502594470977783,6.629791736602783,0.13647222518920898,,0,-1
final,159912,ppo_rev12_114505,644,goal,99,1.0,1.0,0.0,0.0,0.0,0.0,0.0,0.0,0.0,0.0,4.147927284240723,0.0,-1.0,9.986724853515625,0.27356719970703125,,0,-1
final,159912,ppo_rev12_114505,645,goal,58,1.0,1.0,0.0,0.0,0.0,0.0,0.0,0.0,0.0,0.0,nan,0.0,-1.0,5.125213146209717,0.24618616700172424,,0,-1
final,159912,ppo_rev12_114505,646,goal,61,1.0,1.0,0.0,0.0,0.0,0.0,0.0,0.0,0.0,0.0,2.271223306655884,0.0,-0.40625715255737305,3.8918638229370117,0.2656122148036957,,0,-1
final,159912,ppo_rev12_114505,647,timeout,200,-0.5,0.0,0.0,0.0,0.0,1.0,0.0,0.0,0.0,0.0,0.6999919414520264,0.0,0.1636061668395996,12.535499572753906,nan,,0,-1
final,159912,ppo_rev12_114505,648,goal,82,1.0,1.0,0.0,0.0,0.0,0.0,0.0,0.0,0.0,0.0,4.580190658569336,0.0,-1.0,8.331963539123535,0.2235649824142456,,0,-1
final,159912,ppo_rev12_114505,649,timeout,200,-0.5,0.0,0.0,0.0,0.0,1.0,0.0,0.0,0.0,0.0,0.6089488863945007,0.0,0.34274572134017944,10.286606788635254,nan,,0,-1
final,159912,ppo_rev12_114505,650,goal,63,1.0,1.0,0.0,0.0,0.0,0.0,0.0,0.0,0.0,0.0,4.967074871063232,0.0,-1.0,6.322638988494873,0.2669588625431061,,0,-1
final,159912,ppo_rev12_114505,651,goal,71,1.0,1.0,0.0,0.0,0.0,0.0,0.0,0.0,0.0,0.0,5.28605842590332,0.0,-1.0,6.621824264526367,0.24005459249019623,,0,-1
final,159912,ppo_rev12_114505,652,stuck,154,-1.0,0.0,0.0,0.0,1.0,0.0,0.0,0.0,0.0,0.0,0.03825245425105095,0.0,-1.0,10.068534851074219,nan,,0,-1
final,159912,ppo_rev12_114505,653,goal,125,1.0,1.0,0.0,0.0,0.0,0.0,0.0,0.0,0.0,0.0,4.3037919998168945,0.0,-1.0,11.985259056091309,0.29716527462005615,,0,-1
final,159912,ppo_rev12_114505,654,goal,119,1.0,1.0,0.0,0.0,0.0,0.0,0.0,0.0,0.0,0.01680672268907563,5.960738658905029,0.0,-1.0,13.920515060424805,0.2988812327384949,,0,-1
final,159912,ppo_rev12_114505,655,timeout,200,-0.5,0.0,0.0,0.0,0.0,1.0,0.0,0.0,0.0,0.0,0.6007477045059204,0.0,-0.12600290775299072,12.014448165893555,nan,,0,-1
final,159912,ppo_rev12_114505,656,goal,83,1.0,1.0,0.0,0.0,0.0,0.0,0.0,0.0,0.0,0.0,5.779069423675537,0.0,0.09263026714324951,8.582319259643555,0.2848546504974365,,0,-1
final,159912,ppo_rev12_114505,657,goal,159,1.0,1.0,0.0,0.0,0.0,0.0,0.0,0.0,0.0,0.0,4.061059474945068,0.0,-1.0,16.155982971191406,0.25256669521331787,,0,-1
final,159912,ppo_rev12_114505,658,goal,57,1.0,1.0,0.0,0.0,0.0,0.0,0.0,0.0,0.0,0.0,nan,0.0,-1.0,5.365142822265625,0.2754792273044586,,0,-1
final,159912,ppo_rev12_114505,659,goal,139,1.0,1.0,0.0,0.0,0.0,0.0,0.0,0.0,0.0,0.0,0.9752175807952881,0.0,-0.37531352043151855,5.9743828773498535,0.2823767066001892,,0,-1
final,159912,ppo_rev12_114505,660,goal,126,1.0,1.0,0.0,0.0,0.0,0.0,0.0,0.0,0.0,0.023809523809523808,4.13140344619751,0.0,-0.13905394077301025,13.475425720214844,0.2736488878726959,,1,5
final,159912,ppo_rev12_114505,661,goal,79,1.0,1.0,0.0,0.0,0.0,0.0,0.0,0.0,0.0,0.0,3.209167242050171,0.0,0.8465616106987,6.7299957275390625,0.26957714557647705,,0,-1
final,159912,ppo_rev12_114505,662,goal,40,1.0,1.0,0.0,0.0,0.0,0.0,0.0,0.0,0.0,0.0,nan,0.0,-1.0,2.777625322341919,0.28341028094291687,,0,-1
final,159912,ppo_rev12_114505,663,collision,22,-2.0,0.0,1.0,0.0,0.0,0.0,0.0,0.0,0.0,0.0,nan,0.0,1.0,2.4691343307495117,nan,obstacle,0,-1
final,159912,ppo_rev12_114505,664,goal,73,1.0,1.0,0.0,0.0,0.0,0.0,0.0,0.0,0.0,0.0,5.724630832672119,0.0,-1.0,7.532081604003906,0.28446829319000244,,0,-1
final,159912,ppo_rev12_114505,665,goal,88,1.0,1.0,0.0,0.0,0.0,0.0,0.0,0.0,0.0,0.0,2.8916900157928467,0.0,-1.0,7.4091997146606445,0.29772844910621643,,1,5
final,159912,ppo_rev12_114505,666,goal,93,1.0,1.0,0.0,0.0,0.0,0.0,0.0,0.0,0.0,0.0,4.474227428436279,0.0,-1.0,9.230025291442871,0.2941559851169586,,0,-1
final,159912,ppo_rev12_114505,667,timeout,200,-0.5,0.0,0.0,0.0,0.0,1.0,0.0,0.0,0.0,0.0,0.6500222086906433,0.0,0.9089803099632263,11.9165620803833,nan,,0,-1
final,159912,ppo_rev12_114505,668,timeout,200,-0.5,0.0,0.0,0.0,0.0,1.0,0.0,0.0,0.0,0.0,0.5216262936592102,0.0,0.5106858611106873,10.155754089355469,nan,,0,-1
final,159912,ppo_rev12_114505,669,goal,84,1.0,1.0,0.0,0.0,0.0,0.0,0.0,0.0,0.0,0.0,5.427124977111816,0.0,-1.0,8.702849388122559,0.2875666618347168,,0,-1
final,159912,ppo_rev12_114505,670,goal,102,1.0,1.0,0.0,0.0,0.0,0.0,0.0,0.0,0.0,0.0,4.204346656799316,0.0,-0.0981055498123169,9.431257247924805,0.2798160910606384,,0,-1
final,159912,ppo_rev12_114505,671,goal,138,1.0,1.0,0.0,0.0,0.0,0.0,0.0,0.0,0.0,0.0,3.030723810195923,0.0,0.7037465572357178,9.836947441101074,0.24444667994976044,,0,-1
final,159912,ppo_rev12_114505,672,goal,93,1.0,1.0,0.0,0.0,0.0,0.0,0.0,0.0,0.0,0.0,2.695756673812866,0.0,0.16040724515914917,7.8599090576171875,0.2889431416988373,,0,-1
final,159912,ppo_rev12_114505,673,goal,81,1.0,1.0,0.0,0.0,0.0,0.0,0.0,0.0,0.0,0.0,5.189479827880859,0.0,-1.0,8.483155250549316,0.2760812044143677,,0,-1
final,159912,ppo_rev12_114505,674,goal,125,1.0,1.0,0.0,0.0,0.0,0.0,0.0,0.0,0.0,0.0,2.8237807750701904,0.0,-0.03245842456817627,10.613546371459961,0.19913144409656525,,0,-1
final,159912,ppo_rev12_114505,675,goal,129,1.0,1.0,0.0,0.0,0.0,0.0,0.0,0.0,0.0,0.0,4.094419479370117,0.0,-1.0,14.654953956604004,0.2928580641746521,,0,-1
final,159912,ppo_rev12_114505,676,goal,123,1.0,1.0,0.0,0.0,0.0,0.0,0.0,0.0,0.0,0.0,3.7682857513427734,0.0,-0.8004512786865234,12.079217910766602,0.29337581992149353,,0,-1
final,159912,ppo_rev12_114505,677,goal,88,1.0,1.0,0.0,0.0,0.0,0.0,0.0,0.0,0.0,0.0,5.612544536590576,0.0,-1.0,9.439565658569336,0.25793159008026123,,0,-1
final,159912,ppo_rev12_114505,678,goal,64,1.0,1.0,0.0,0.0,0.0,0.0,0.0,0.0,0.0,0.0,4.074300765991211,0.0,-0.5330877304077148,5.849002361297607,0.28976309299468994,,0,-1
final,159912,ppo_rev12_114505,679,goal,68,1.0,1.0,0.0,0.0,0.0,0.0,0.0,0.0,0.0,0.0,4.534753322601318,0.0,-1.0,5.974547386169434,0.143840491771698,,0,-1
final,159912,ppo_rev12_114505,680,goal,78,1.0,1.0,0.0,0.0,0.0,0.0,0.0,0.0,0.0,0.0,4.135488986968994,0.0,0.46937239170074463,5.992635726928711,0.28789347410202026,,0,-1
final,159912,ppo_rev12_114505,681,goal,93,1.0,1.0,0.0,0.0,0.0,0.0,0.0,0.0,0.0,0.0,3.914804458618164,0.0,-0.1630089282989502,7.792547702789307,0.2747493386268616,,0,-1
final,159912,ppo_rev12_114505,682,goal,105,1.0,1.0,0.0,0.0,0.0,0.0,0.0,0.0,0.0,0.009523809523809525,4.649546146392822,0.0,0.08621019124984741,10.869543075561523,0.20844094455242157,,0,-1
final,159912,ppo_rev12_114505,683,goal,97,1.0,1.0,0.0,0.0,0.0,0.0,0.0,0.0,0.0,0.0,4.588313102722168,0.0,-1.0,10.238191604614258,0.24670207500457764,,0,-1
final,159912,ppo_rev12_114505,684,goal,125,1.0,1.0,0.0,0.0,0.0,0.0,0.0,0.0,0.0,0.0,3.4210851192474365,0.0,-1.0,11.204890251159668,0.26830345392227173,,0,-1
final,159912,ppo_rev12_114505,685,goal,69,1.0,1.0,0.0,0.0,0.0,0.0,0.0,0.0,0.0,0.0,4.861892223358154,0.0,-1.0,5.412257194519043,0.06502849608659744,,0,-1
final,159912,ppo_rev12_114505,686,collision,8,-2.0,0.0,1.0,0.0,0.0,0.0,0.0,0.0,0.0,0.0,nan,0.0,1.0,0.8602243661880493,nan,obstacle,0,-1
final,159912,ppo_rev12_114505,687,goal,71,1.0,1.0,0.0,0.0,0.0,0.0,0.0,0.0,0.0,0.0,4.601833820343018,0.0,-1.0,6.379042625427246,0.294842004776001,,0,-1
final,159912,ppo_rev12_114505,688,goal,79,1.0,1.0,0.0,0.0,0.0,0.0,0.0,0.0,0.0,0.0,5.992327690124512,0.0,-1.0,8.143251419067383,0.28045782446861267,,0,-1
final,159912,ppo_rev12_114505,689,goal,101,1.0,1.0,0.0,0.0,0.0,0.0,0.0,0.0,0.0,0.0,1.3191182613372803,0.0,-1.0,5.455440521240234,0.2530020773410797,,0,-1
final,159912,ppo_rev12_114505,690,collision,168,-2.0,0.0,1.0,0.0,0.0,0.0,0.0,0.0,0.0,0.0,4.6201019287109375,0.0,1.0,18.361412048339844,nan,obstacle,0,-1
final,159912,ppo_rev12_114505,691,goal,105,1.0,1.0,0.0,0.0,0.0,0.0,0.0,0.0,0.0,0.0,5.0494561195373535,0.0,-1.0,10.286552429199219,0.28226062655448914,,0,-1
final,159912,ppo_rev12_114505,692,goal,118,1.0,1.0,0.0,0.0,0.0,0.0,0.0,0.0,0.0,0.0,2.4228594303131104,0.0,-0.6016077995300293,8.060591697692871,0.29049891233444214,,0,-1
final,159912,ppo_rev12_114505,693,goal,89,1.0,1.0,0.0,0.0,0.0,0.0,0.0,0.0,0.0,0.0,3.222594738006592,0.0,-0.1548062562942505,7.339689254760742,0.28406235575675964,,0,-1
final,159912,ppo_rev12_114505,694,goal,88,1.0,1.0,0.0,0.0,0.0,0.0,0.0,0.0,0.0,0.022727272727272728,3.782614231109619,0.0,-1.0,8.712594985961914,0.27560678124427795,,2,8
final,159912,ppo_rev12_114505,695,goal,115,1.0,1.0,0.0,0.0,0.0,0.0,0.0,0.0,0.0,0.0,4.634279727935791,0.0,-0.4725610017776489,11.490863800048828,0.2794148325920105,,0,-1
final,159912,ppo_rev12_114505,696,goal,116,1.0,1.0,0.0,0.0,0.0,0.0,0.0,0.0,0.0,0.0,5.22735595703125,0.0,-1.0,12.812908172607422,0.2906150221824646,,0,-1
final,159912,ppo_rev12_114505,697,goal,74,1.0,1.0,0.0,0.0,0.0,0.0,0.0,0.0,0.0,0.0,3.6978507041931152,0.0,-1.0,6.577938079833984,0.1699277013540268,,0,-1
final,159912,ppo_rev12_114505,698,collision,13,-2.0,0.0,1.0,0.0,0.0,0.0,0.0,0.0,0.0,0.0,nan,0.0,1.0,1.373329758644104,nan,obstacle,0,-1
final,159912,ppo_rev12_114505,699,goal,52,1.0,1.0,0.0,0.0,0.0,0.0,0.0,0.0,0.0,0.0,nan,0.0,-1.0,4.850189208984375,0.22430506348609924,,0,-1
final,159912,ppo_rev12_114505,700,goal,104,1.0,1.0,0.0,0.0,0.0,0.0,0.0,0.0,0.0,0.0,4.007036209106445,0.0,-0.6384673118591309,9.524496078491211,0.2697446048259735,,0,-1
final,159912,ppo_rev12_114505,701,goal,71,1.0,1.0,0.0,0.0,0.0,0.0,0.0,0.0,0.0,0.0,2.027555465698242,0.0,-0.310588002204895,3.10137677192688,0.025755304843187332,,0,-1
final,159912,ppo_rev12_114505,702,goal,76,1.0,1.0,0.0,0.0,0.0,0.0,0.0,0.0,0.0,0.0,4.2964277267456055,0.0,0.5359222888946533,6.77655029296875,0.2863372564315796,,0,-1
final,159912,ppo_rev12_114505,703,goal,116,1.0,1.0,0.0,0.0,0.0,0.0,0.0,0.0,0.0,0.008620689655172414,3.8984129428863525,0.0,-0.9540145397186279,11.078512191772461,0.09787046164274216,,0,-1
final,159912,ppo_rev12_114505,704,goal,62,1.0,1.0,0.0,0.0,0.0,0.0,0.0,0.0,0.0,0.0,5.358287811279297,0.0,-1.0,6.006405830383301,0.29422929883003235,,0,-1
final,159912,ppo_rev12_114505,705,goal,54,1.0,1.0,0.0,0.0,0.0,0.0,0.0,0.0,0.0,0.0,nan,0.0,-1.0,4.601306915283203,0.2771371603012085,,0,-1
final,159912,ppo_rev12_114505,706,goal,72,1.0,1.0,0.0,0.0,0.0,0.0,0.0,0.0,0.0,0.0,6.237630844116211,0.0,-1.0,7.78798770904541,0.2895258069038391,,0,-1
final,159912,ppo_rev12_114505,707,goal,76,1.0,1.0,0.0,0.0,0.0,0.0,0.0,0.0,0.0,0.0,4.8616838455200195,0.0,-1.0,7.902791976928711,0.10240942984819412,,0,-1
final,159912,ppo_rev12_114505,708,goal,143,1.0,1.0,0.0,0.0,0.0,0.0,0.0,0.0,0.0,0.027972027972027972,2.5990166664123535,0.0,-0.7206512689590454,11.812389373779297,0.25057554244995117,,0,-1
final,159912,ppo_rev12_114505,709,goal,133,1.0,1.0,0.0,0.0,0.0,0.0,0.0,0.0,0.0,0.0,5.640256404876709,0.0,-1.0,14.727880477905273,0.20070447027683258,,0,-1
final,159912,ppo_rev12_114505,710,goal,94,1.0,1.0,0.0,0.0,0.0,0.0,0.0,0.0,0.0,0.0,3.9771413803100586,0.0,-0.39500653743743896,9.306131362915039,0.25998833775520325,,0,-1
final,159912,ppo_rev12_114505,711,goal,89,1.0,1.0,0.0,0.0,0.0,0.0,0.0,0.0,0.0,0.0,4.963881492614746,0.0,-0.6278978586196899,9.172765731811523,0.27353426814079285,,0,-1
final,159912,ppo_rev12_114505,712,goal,49,1.0,1.0,0.0,0.0,0.0,0.0,0.0,0.0,0.0,0.0,nan,0.0,-0.3224449157714844,3.434230327606201,0.29748597741127014,,0,-1
final,159912,ppo_rev12_114505,713,goal,159,1.0,1.0,0.0,0.0,0.0,0.0,0.0,0.0,0.0,0.0,0.9732317924499512,0.0,0.15109890699386597,10.57615852355957,0.29331645369529724,,0,-1
final,159912,ppo_rev12_114505,714,goal,65,1.0,1.0,0.0,0.0,0.0,0.0,0.0,0.0,0.0,0.0,4.6576738357543945,0.0,-1.0,5.586318016052246,0.23145633935928345,,0,-1
final,159912,ppo_rev12_114505,715,goal,89,1.0,1.0,0.0,0.0,0.0,0.0,0.0,0.0,0.0,0.056179775280898875,4.238186836242676,0.0,0.07144910097122192,7.711599826812744,0.2977971136569977,,0,-1
final,159912,ppo_rev12_114505,716,goal,49,1.0,1.0,0.0,0.0,0.0,0.0,0.0,0.0,0.0,0.0,nan,0.0,-1.0,4.287389755249023,0.15960560739040375,,0,-1
final,159912,ppo_rev12_114505,717,goal,138,1.0,1.0,0.0,0.0,0.0,0.0,0.0,0.0,0.0,0.0,3.0425326824188232,0.0,-0.5222784280776978,12.395434379577637,0.28810998797416687,,0,-1
final,159912,ppo_rev12_114505,718,goal,62,1.0,1.0,0.0,0.0,0.0,0.0,0.0,0.0,0.0,0.04838709677419355,3.779301404953003,0.0,-1.0,5.706279754638672,0.2731116712093353,,1,6
final,159912,ppo_rev12_114505,719,stuck,145,-1.0,0.0,0.0,0.0,1.0,0.0,0.0,0.0,0.0,0.0,0.04967239871621132,0.0,-1.0,9.425817489624023,nan,,0,-1
final,159912,ppo_rev12_114505,720,goal,63,1.0,1.0,0.0,0.0,0.0,0.0,0.0,0.0,0.0,0.0,3.9457337856292725,0.0,-1.0,6.037616729736328,0.29513412714004517,,0,-1
final,159912,ppo_rev12_114505,721,goal,55,1.0,1.0,0.0,0.0,0.0,0.0,0.0,0.0,0.0,0.0,nan,0.0,-0.07800042629241943,4.205184459686279,0.2814899682998657,,0,-1
final,159912,ppo_rev12_114505,722,goal,50,1.0,1.0,0.0,0.0,0.0,0.0,0.0,0.0,0.0,0.0,nan,0.0,-1.0,3.5992162227630615,0.29477354884147644,,0,-1
final,159912,ppo_rev12_114505,723,collision,55,-2.0,0.0,1.0,0.0,0.0,0.0,0.0,0.0,0.0,0.0,nan,0.0,1.0,4.2834601402282715,nan,obstacle,0,-1
final,159912,ppo_rev12_114505,724,collision,56,-2.0,0.0,1.0,0.0,0.0,0.0,0.0,0.0,0.0,0.0,nan,0.0,1.0,3.286062717437744,nan,obstacle,0,-1
final,159912,ppo_rev12_114505,725,goal,104,1.0,1.0,0.0,0.0,0.0,0.0,0.0,0.0,0.0,0.0,4.034111499786377,0.0,-1.0,10.331642150878906,0.1336350291967392,,0,-1
final,159912,ppo_rev12_114505,726,goal,75,1.0,1.0,0.0,0.0,0.0,0.0,0.0,0.0,0.0,0.0,5.8383402824401855,0.0,-1.0,7.898674011230469,0.08721292018890381,,0,-1
final,159912,ppo_rev12_114505,727,goal,110,1.0,1.0,0.0,0.0,0.0,0.0,0.0,0.0,0.0,0.0,2.47235107421875,0.0,-1.0,10.005277633666992,0.292281836271286,,0,-1
final,159912,ppo_rev12_114505,728,collision,15,-2.0,0.0,1.0,0.0,0.0,0.0,0.0,0.0,0.0,0.0,nan,0.0,1.0,1.6668508052825928,nan,obstacle,0,-1
final,159912,ppo_rev12_114505,729,goal,63,1.0,1.0,0.0,0.0,0.0,0.0,0.0,0.0,0.0,0.0,4.102950572967529,0.0,-0.5600501298904419,5.237248420715332,0.23376083374023438,,0,-1
final,159912,ppo_rev12_114505,730,collision,9,-2.0,0.0,1.0,0.0,0.0,0.0,0.0,0.0,0.0,0.0,nan,0.0,1.0,0.7262629270553589,nan,obstacle,0,-1
final,159912,ppo_rev12_114505,731,goal,83,1.0,1.0,0.0,0.0,0.0,0.0,0.0,0.0,0.0,0.0,5.3566179275512695,0.0,-1.0,8.514335632324219,0.2574128210544586,,0,-1
final,159912,ppo_rev12_114505,732,goal,85,1.0,1.0,0.0,0.0,0.0,0.0,0.0,0.0,0.0,0.0,3.985605239868164,0.0,-1.0,8.445259094238281,0.26549163460731506,,0,-1
final,159912,ppo_rev12_114505,733,goal,111,1.0,1.0,0.0,0.0,0.0,0.0,0.0,0.0,0.0,0.0,2.4109694957733154,0.0,-1.0,10.469856262207031,0.29423514008522034,,0,-1
final,159912,ppo_rev12_114505,734,goal,92,1.0,1.0,0.0,0.0,0.0,0.0,0.0,0.0,0.0,0.0,3.086784601211548,0.0,-0.9655156135559082,7.099153995513916,0.2961824834346771,,0,-1
final,159912,ppo_rev12_114505,735,goal,83,1.0,1.0,0.0,0.0,0.0,0.0,0.0,0.0,0.0,0.0,5.598799705505371,0.0,-0.9091000556945801,8.494245529174805,0.21599535644054413,,0,-1
final,159912,ppo_rev12_114505,736,goal,49,1.0,1.0,0.0,0.0,0.0,0.0,0.0,0.0,0.0,0.0,nan,0.0,-1.0,4.399064064025879,0.25790905952453613,,0,-1
final,159912,ppo_rev12_114505,737,goal,68,1.0,1.0,0.0,0.0,0.0,0.0,0.0,0.0,0.0,0.0,3.7427027225494385,0.0,-1.0,6.109123229980469,0.2658234238624573,,0,-1
final,159912,ppo_rev12_114505,738,goal,121,1.0,1.0,0.0,0.0,0.0,0.0,0.0,0.0,0.0,0.0,4.548452377319336,0.0,-0.18900740146636963,13.524770736694336,0.27827176451683044,,0,-1
final,159912,ppo_rev12_114505,739,goal,61,1.0,1.0,0.0,0.0,0.0,0.0,0.0,0.0,0.0,0.0,4.785468101501465,0.0,-0.815393328666687,5.781213760375977,0.23389436304569244,,0,-1
final,159912,ppo_rev12_114505,740,goal,126,1.0,1.0,0.0,0.0,0.0,0.0,0.0,0.0,0.0,0.0,4.200937271118164,0.0,-1.0,13.617681503295898,0.28482386469841003,,0,-1
final,159912,ppo_rev12_114505,741,timeout,200,-0.5,0.0,0.0,0.0,0.0,1.0,0.0,0.0,0.0,0.0,0.5485336184501648,0.0,0.9140006899833679,16.738082885742188,nan,,0,-1
final,159912,ppo_rev12_114505,742,goal,120,1.0,1.0,0.0,0.0,0.0,0.0,0.0,0.0,0.0,0.016666666666666666,3.848775625228882,0.0,0.6509541273117065,11.977123260498047,0.06031936779618263,,0,-1
final,159912,ppo_rev12_114505,743,goal,58,1.0,1.0,0.0,0.0,0.0,0.0,0.0,0.0,0.0,0.0,nan,0.0,-0.6740339994430542,5.228541374206543,0.25868549942970276,,0,-1
final,159912,ppo_rev12_114505,744,goal,82,1.0,1.0,0.0,0.0,0.0,0.0,0.0,0.0,0.0,0.0,6.062567234039307,0.0,-1.0,8.702910423278809,0.23409776389598846,,0,-1
final,159912,ppo_rev12_114505,745,goal,69,1.0,1.0,0.0,0.0,0.0,0.0,0.0,0.0,0.0,0.0,5.332276821136475,0.0,-0.673791766166687,6.141228675842285,0.29705655574798584,,0,-1
final,159912,ppo_rev12_114505,746,goal,102,1.0,1.0,0.0,0.0,0.0,0.0,0.0,0.0,0.0,0.0,4.211850166320801,0.0,-1.0,9.397140502929688,0.294549822807312,,0,-1
final,159912,ppo_rev12_114505,747,goal,110,1.0,1.0,0.0,0.0,0.0,0.0,0.0,0.0,0.0,0.0,2.0893120765686035,0.0,-0.32044506072998047,8.60417366027832,0.2903488576412201,,0,-1
final,159912,ppo_rev12_114505,748,goal,121,1.0,1.0,0.0,0.0,0.0,0.0,0.0,0.0,0.0,0.01652892561983471,4.801847457885742,0.0,-1.0,12.736615180969238,0.2664283514022827,,0,-1
final,159912,ppo_rev12_114505,749,goal,67,1.0,1.0,0.0,0.0,0.0,0.0,0.0,0.0,0.0,0.0,3.497291088104248,0.0,-0.22689306735992432,4.978645324707031,0.29976946115493774,,0,-1
final,159912,ppo_rev12_114505,750,goal,94,1.0,1.0,0.0,0.0,0.0,0.0,0.0,0.0,0.0,0.0,4.131436347961426,0.0,-0.22799813747406006,9.231460571289062,0.23288288712501526,,0,-1
final,159912,ppo_rev12_114505,751,goal,94,1.0,1.0,0.0,0.0,0.0,0.0,0.0,0.0,0.0,0.0,3.10542631149292,0.0,-0.7599562406539917,7.724532127380371,0.24162587523460388,,0,-1
final,159912,ppo_rev12_114505,752,goal,66,1.0,1.0,0.0,0.0,0.0,0.0,0.0,0.0,0.0,0.0,4.551756858825684,0.0,-1.0,6.625260353088379,0.27821704745292664,,0,-1
final,159912,ppo_rev12_114505,753,goal,144,1.0,1.0,0.0,0.0,0.0,0.0,0.0,0.0,0.0,0.0,0.9404811263084412,0.0,0.7963418364524841,7.368526458740234,0.27107927203178406,,0,-1
final,159912,ppo_rev12_114505,754,collision,9,-2.0,0.0,1.0,0.0,0.0,0.0,0.0,0.0,0.0,0.4444444444444444,nan,0.0,1.0,1.0074050426483154,nan,obstacle,0,-1
final,159912,ppo_rev12_114505,755,goal,81,1.0,1.0,0.0,0.0,0.0,0.0,0.0,0.0,0.0,0.0,4.555822849273682,0.0,0.5668632984161377,7.4814958572387695,0.2865399122238159,,0,-1
final,159912,ppo_rev12_114505,756,goal,119,1.0,1.0,0.0,0.0,0.0,0.0,0.0,0.0,0.0,0.0,4.433712482452393,0.0,-1.0,13.236135482788086,0.2913261950016022,,0,-1
final,159912,ppo_rev12_114505,757,goal,108,1.0,1.0,0.0,0.0,0.0,0.0,0.0,0.0,0.0,0.0,3.463003158569336,0.0,0.05209231376647949,9.54041862487793,0.2673056721687317,,0,-1
final,159912,ppo_rev12_114505,758,goal,75,1.0,1.0,0.0,0.0,0.0,0.0,0.0,0.0,0.0,0.0,4.911139965057373,0.0,-0.26757144927978516,7.341901779174805,0.29300352931022644,,0,-1
final,159912,ppo_rev12_114505,759,goal,80,1.0,1.0,0.0,0.0,0.0,0.0,0.0,0.0,0.0,0.1,4.486611843109131,0.0,-1.0,7.756529808044434,0.2908569276332855,,0,-1
final,159912,ppo_rev12_114505,760,goal,73,1.0,1.0,0.0,0.0,0.0,0.0,0.0,0.0,0.0,0.0,5.991981506347656,0.0,-1.0,7.914127826690674,0.18195466697216034,,0,-1
final,159912,ppo_rev12_114505,761,goal,115,1.0,1.0,0.0,0.0,0.0,0.0,0.0,0.0,0.0,0.0,0.10517881065607071,0.0,-1.0,4.645864486694336,0.1669604778289795,,0,-1
final,159912,ppo_rev12_114505,762,collision,8,-2.0,0.0,1.0,0.0,0.0,0.0,0.0,0.0,0.0,0.0,nan,0.0,1.0,0.9786326885223389,nan,obstacle,0,-1
final,159912,ppo_rev12_114505,763,goal,93,1.0,1.0,0.0,0.0,0.0,0.0,0.0,0.0,0.0,0.0,3.1711254119873047,0.0,0.3857653737068176,6.184730529785156,0.2456226795911789,,0,-1
final,159912,ppo_rev12_114505,764,timeout,200,-0.5,0.0,0.0,0.0,0.0,1.0,0.0,0.0,0.0,0.0,0.15390603244304657,0.0,-0.41525328159332275,6.333278656005859,nan,,0,-1
final,159912,ppo_rev12_114505,765,timeout,200,-0.5,0.0,0.0,0.0,0.0,1.0,0.0,0.0,0.0,0.0,0.5858870148658752,0.0,0.0953264832496643,11.460091590881348,nan,,0,-1
final,159912,ppo_rev12_114505,766,goal,51,1.0,1.0,0.0,0.0,0.0,0.0,0.0,0.0,0.0,0.0,nan,0.0,-1.0,4.132209777832031,0.27433741092681885,,0,-1
final,159912,ppo_rev12_114505,767,goal,70,1.0,1.0,0.0,0.0,0.0,0.0,0.0,0.0,0.0,0.0,2.8666481971740723,0.0,-0.5449830293655396,5.061239242553711,0.2961699366569519,,0,-1
final,159912,ppo_rev12_114505,768,goal,66,1.0,1.0,0.0,0.0,0.0,0.0,0.0,0.0,0.0,0.0,5.266942977905273,0.0,-1.0,6.079314231872559,0.12238035351037979,,0,-1
final,159912,ppo_rev12_114505,769,goal,159,1.0,1.0,0.0,0.0,0.0,0.0,0.0,0.0,0.0,0.0,3.5752992630004883,0.0,-0.20980775356292725,15.328203201293945,0.27473193407058716,,0,-1
final,159912,ppo_rev12_114505,770,goal,84,1.0,1.0,0.0,0.0,0.0,0.0,0.0,0.0,0.0,0.0,3.6742608547210693,0.0,0.30878978967666626,6.99736213684082,0.19524282217025757,,0,-1
final,159912,ppo_rev12_114505,771,goal,88,1.0,1.0,0.0,0.0,0.0,0.0,0.0,0.0,0.0,0.0,4.077497959136963,0.0,-0.9815975427627563,8.647294044494629,0.269212931394577,,0,-1
final,159912,ppo_rev12_114505,772,goal,91,1.0,1.0,0.0,0.0,0.0,0.0,0.0,0.0,0.0,0.0,5.212523460388184,0.0,-0.6394029855728149,8.758662223815918,0.29913318157196045,,0,-1
final,159912,ppo_rev12_114505,773,goal,104,1.0,1.0,0.0,0.0,0.0,0.0,0.0,0.0,0.0,0.009615384615384616,3.3728480339050293,0.0,-0.5487929582595825,8.883065223693848,0.1418101042509079,,0,-1
final,159912,ppo_rev12_114505,774,timeout,200,-0.5,0.0,0.0,0.0,0.0,1.0,0.0,0.0,0.0,0.03,0.32675203680992126,0.0,-0.1901930570602417,9.887336730957031,nan,,0,-1
final,159912,ppo_rev12_114505,775,goal,79,1.0,1.0,0.0,0.0,0.0,0.0,0.0,0.0,0.0,0.0,4.687300682067871,0.0,-1.0,8.176461219787598,0.27982625365257263,,0,-1
final,159912,ppo_rev12_114505,776,goal,65,1.0,1.0,0.0,0.0,0.0,0.0,0.0,0.0,0.0,0.0,3.8299055099487305,0.0,-1.0,6.521501541137695,0.2976481020450592,,0,-1
final,159912,ppo_rev12_114505,777,goal,66,1.0,1.0,0.0,0.0,0.0,0.0,0.0,0.0,0.0,0.06060606060606061,5.553823471069336,0.0,-1.0,6.735970973968506,0.15987016260623932,,0,-1
final,159912,ppo_rev12_114505,778,goal,72,1.0,1.0,0.0,0.0,0.0,0.0,0.0,0.0,0.0,0.0,5.354167461395264,0.0,-1.0,7.445431709289551,0.2885291874408722,,0,-1
final,159912,ppo_rev12_114505,779,goal,138,1.0,1.0,0.0,0.0,0.0,0.0,0.0,0.0,0.0,0.0,2.5273075103759766,0.0,-0.1740037202835083,12.597173690795898,0.289663165807724,,0,-1
final,159912,ppo_rev12_114505,780,goal,168,1.0,1.0,0.0,0.0,0.0,0.0,0.0,0.0,0.0,0.005952380952380952,1.9102139472961426,0.0,0.5576914548873901,12.236642837524414,0.18424971401691437,,1,4
final,159912,ppo_rev12_114505,781,goal,45,1.0,1.0,0.0,0.0,0.0,0.0,0.0,0.0,0.0,0.0,nan,0.0,-0.6461836099624634,3.7624473571777344,0.23614205420017242,,1,5
final,159912,ppo_rev12_114505,782,goal,98,1.0,1.0,0.0,0.0,0.0,0.0,0.0,0.0,0.0,0.0,5.381165027618408,0.0,-1.0,10.32630443572998,0.28670766949653625,,0,-1
final,159912,ppo_rev12_114505,783,goal,74,1.0,1.0,0.0,0.0,0.0,0.0,0.0,0.0,0.0,0.0,4.674678325653076,0.0,-1.0,8.089357376098633,0.29953452944755554,,0,-1
final,159912,ppo_rev12_114505,784,goal,146,1.0,1.0,0.0,0.0,0.0,0.0,0.0,0.0,0.0,0.0,4.545682907104492,0.0,-1.0,15.051976203918457,0.26894429326057434,,0,-1
final,159912,ppo_rev12_114505,785,goal,60,1.0,1.0,0.0,0.0,0.0,0.0,0.0,0.0,0.0,0.0,4.523035526275635,0.0,-0.47679293155670166,5.768267631530762,0.2685958445072174,,0,-1
final,159912,ppo_rev12_114505,786,goal,60,1.0,1.0,0.0,0.0,0.0,0.0,0.0,0.0,0.0,0.0,2.7829184532165527,0.0,-1.0,5.1237993240356445,0.27151215076446533,,0,-1
final,159912,ppo_rev12_114505,787,goal,73,1.0,1.0,0.0,0.0,0.0,0.0,0.0,0.0,0.0,0.0,4.862011909484863,0.0,-1.0,6.6462297439575195,0.18342335522174835,,0,-1
final,159912,ppo_rev12_114505,788,goal,43,1.0,1.0,0.0,0.0,0.0,0.0,0.0,0.0,0.0,0.0,nan,0.0,-1.0,2.6703901290893555,0.29562443494796753,,0,-1
final,159912,ppo_rev12_114505,789,goal,84,1.0,1.0,0.0,0.0,0.0,0.0,0.0,0.0,0.0,0.0,6.057160377502441,0.0,-0.5540220737457275,9.178592681884766,0.180233895778656,,0,-1
final,159912,ppo_rev12_114505,790,goal,64,1.0,1.0,0.0,0.0,0.0,0.0,0.0,0.0,0.0,0.0,5.728518962860107,0.0,-1.0,6.132408142089844,0.2887772023677826,,0,-1
final,159912,ppo_rev12_114505,791,goal,88,1.0,1.0,0.0,0.0,0.0,0.0,0.0,0.0,0.0,0.0,3.121185541152954,0.0,-0.3040812015533447,6.20394229888916,0.28142017126083374,,0,-1
final,159912,ppo_rev12_114505,792,goal,76,1.0,1.0,0.0,0.0,0.0,0.0,0.0,0.0,0.0,0.0,6.528219699859619,0.0,-0.593185544013977,8.466424942016602,0.2683699131011963,,0,-1
final,159912,ppo_rev12_114505,793,goal,64,1.0,1.0,0.0,0.0,0.0,0.0,0.0,0.0,0.0,0.0,5.676133155822754,0.0,-1.0,6.122560501098633,0.2940511405467987,,0,-1
final,159912,ppo_rev12_114505,794,goal,47,1.0,1.0,0.0,0.0,0.0,0.0,0.0,0.0,0.0,0.0,nan,0.0,-1.0,3.228254795074463,0.2817765772342682,,0,-1
final,159912,ppo_rev12_114505,795,goal,56,1.0,1.0,0.0,0.0,0.0,0.0,0.0,0.0,0.0,0.0,nan,0.0,-0.5179747343063354,4.77356481552124,0.2936980426311493,,0,-1
final,159912,ppo_rev12_114505,796,goal,114,1.0,1.0,0.0,0.0,0.0,0.0,0.0,0.0,0.0,0.0,4.040335178375244,0.0,0.7352228760719299,11.823358535766602,0.2890114188194275,,0,-1
final,159912,ppo_rev12_114505,797,goal,50,1.0,1.0,0.0,0.0,0.0,0.0,0.0,0.0,0.0,0.0,nan,0.0,-0.8992751836776733,3.9377076625823975,0.2732553780078888,,0,-1
final,159912,ppo_rev12_114505,798,goal,77,1.0,1.0,0.0,0.0,0.0,0.0,0.0,0.0,0.0,0.0,4.424244403839111,0.0,-0.2244863510131836,7.920334815979004,0.2969827353954315,,0,-1
final,159912,ppo_rev12_114505,799,goal,109,1.0,1.0,0.0,0.0,0.0,0.0,0.0,0.0,0.0,0.0,5.271495342254639,0.0,-1.0,12.291475296020508,0.2349116951227188,,0,-1
final,159912,ppo_rev12_114505,800,goal,106,1.0,1.0,0.0,0.0,0.0,0.0,0.0,0.0,0.0,0.0,2.1237785816192627,0.0,0.7636978626251221,6.551530838012695,0.28996148705482483,,0,-1
final,159912,ppo_rev12_114505,801,goal,80,1.0,1.0,0.0,0.0,0.0,0.0,0.0,0.0,0.0,0.0,4.338806629180908,0.0,-1.0,7.688426971435547,0.27069324254989624,,0,-1
final,159912,ppo_rev12_114505,802,goal,46,1.0,1.0,0.0,0.0,0.0,0.0,0.0,0.0,0.0,0.0,nan,0.0,-1.0,4.0860090255737305,0.28471916913986206,,0,-1
final,159912,ppo_rev12_114505,803,goal,84,1.0,1.0,0.0,0.0,0.0,0.0,0.0,0.0,0.0,0.0,5.124976634979248,0.0,-1.0,8.153605461120605,0.13182806968688965,,0,-1
final,159912,ppo_rev12_114505,804,goal,90,1.0,1.0,0.0,0.0,0.0,0.0,0.0,0.0,0.0,0.0,4.29249382019043,0.0,-0.48278307914733887,8.74337100982666,0.2843805253505707,,0,-1
final,159912,ppo_rev12_114505,805,goal,43,1.0,1.0,0.0,0.0,0.0,0.0,0.0,0.0,0.0,0.0,nan,0.0,-0.8838021755218506,2.878800392150879,0.28522253036499023,,0,-1
final,159912,ppo_rev12_114505,806,goal,126,1.0,1.0,0.0,0.0,0.0,0.0,0.0,0.0,0.0,0.0,2.5915281772613525,0.0,-0.7086933851242065,10.748201370239258,0.25415268540382385,,0,-1
final,159912,ppo_rev12_114505,807,goal,109,1.0,1.0,0.0,0.0,0.0,0.0,0.0,0.0,0.0,0.0,4.284858226776123,0.0,-1.0,11.307475090026855,0.257242888212204,,0,-1
final,159912,ppo_rev12_114505,808,goal,104,1.0,1.0,0.0,0.0,0.0,0.0,0.0,0.0,0.0,0.028846153846153848,5.138574600219727,0.0,-1.0,11.019577980041504,0.28080910444259644,,0,-1
final,159912,ppo_rev12_114505,809,goal,96,1.0,1.0,0.0,0.0,0.0,0.0,0.0,0.0,0.0,0.041666666666666664,3.766601324081421,0.0,-0.9810867309570312,9.58684253692627,0.2555725574493408,,0,-1
final,159912,ppo_rev12_114505,810,goal,81,1.0,1.0,0.0,0.0,0.0,0.0,0.0,0.0,0.0,0.0,2.72595477104187,0.0,0.07432448863983154,5.691220760345459,0.2995602488517761,,0,-1
final,159912,ppo_rev12_114505,811,goal,82,1.0,1.0,0.0,0.0,0.0,0.0,0.0,0.0,0.0,0.0,5.687355041503906,0.0,-1.0,8.814752578735352,0.2607390880584717,,0,-1
final,159912,ppo_rev12_114505,812,goal,105,1.0,1.0,0.0,0.0,0.0,0.0,0.0,0.0,0.0,0.0,4.361257553100586,0.0,-0.9087715148925781,10.551738739013672,0.1853947937488556,,0,-1
final,159912,ppo_rev12_114505,813,goal,71,1.0,1.0,0.0,0.0,0.0,0.0,0.0,0.0,0.0,0.0,3.7763826847076416,0.0,-0.2325739860534668,6.343991279602051,0.29895269870758057,,0,-1
final,159912,ppo_rev12_114505,814,goal,78,1.0,1.0,0.0,0.0,0.0,0.0,0.0,0.0,0.0,0.0,4.229857444763184,0.0,-1.0,6.938812732696533,0.10671793669462204,,0,-1
final,159912,ppo_rev12_114505,815,goal,57,1.0,1.0,0.0,0.0,0.0,0.0,0.0,0.0,0.0,0.0,nan,0.0,-1.0,4.7545061111450195,0.27164965867996216,,0,-1
final,159912,ppo_rev12_114505,816,goal,95,1.0,1.0,0.0,0.0,0.0,0.0,0.0,0.0,0.0,0.0,4.866000175476074,0.0,-1.0,9.98404598236084,0.28468912839889526,,0,-1
final,159912,ppo_rev12_114505,817,goal,79,1.0,1.0,0.0,0.0,0.0,0.0,0.0,0.0,0.0,0.0,4.0543718338012695,0.0,0.43855494260787964,6.204566478729248,0.23077021539211273,,0,-1
final,159912,ppo_rev12_114505,818,goal,82,1.0,1.0,0.0,0.0,0.0,0.0,0.0,0.0,0.0,0.0,4.041860103607178,0.0,-1.0,6.930102825164795,0.28835996985435486,,0,-1
final,159912,ppo_rev12_114505,819,goal,73,1.0,1.0,0.0,0.0,0.0,0.0,0.0,0.0,0.0,0.0,5.705440044403076,0.0,-1.0,7.154515266418457,0.28120747208595276,,0,-1
final,159912,ppo_rev12_114505,820,collision,7,-2.0,0.0,1.0,0.0,0.0,0.0,0.0,0.0,0.0,0.5714285714285714,nan,0.0,1.0,0.6619008779525757,nan,obstacle,0,-1
final,159912,ppo_rev12_114505,821,goal,79,1.0,1.0,0.0,0.0,0.0,0.0,0.0,0.0,0.0,0.0,5.823557376861572,0.0,-1.0,8.483599662780762,0.2830630838871002,,0,-1
final,159912,ppo_rev12_114505,822,goal,85,1.0,1.0,0.0,0.0,0.0,0.0,0.0,0.0,0.0,0.011764705882352941,4.049110412597656,0.0,-1.0,8.202320098876953,0.2431345134973526,,0,-1
final,159912,ppo_rev12_114505,823,goal,51,1.0,1.0,0.0,0.0,0.0,0.0,0.0,0.0,0.0,0.0,nan,0.0,-1.0,3.5719656944274902,0.29886579513549805,,0,-1
final,159912,ppo_rev12_114505,824,goal,81,1.0,1.0,0.0,0.0,0.0,0.0,0.0,0.0,0.0,0.0,4.627902030944824,0.0,-0.8099281787872314,7.070106506347656,0.1122753769159317,,0,-1
final,159912,ppo_rev12_114505,825,goal,80,1.0,1.0,0.0,0.0,0.0,0.0,0.0,0.0,0.0,0.0,3.2104690074920654,0.0,-1.0,7.1008124351501465,0.291797399520874,,0,-1
final,159912,ppo_rev12_114505,826,goal,79,1.0,1.0,0.0,0.0,0.0,0.0,0.0,0.0,0.0,0.02531645569620253,5.266191482543945,0.0,-1.0,8.396552085876465,0.29886144399642944,,1,5
final,159912,ppo_rev12_114505,827,goal,115,1.0,1.0,0.0,0.0,0.0,0.0,0.0,0.0,0.0,0.0,1.3940935134887695,0.0,-1.0,7.760654926300049,0.29672306776046753,,0,-1
final,159912,ppo_rev12_114505,828,goal,115,1.0,1.0,0.0,0.0,0.0,0.0,0.0,0.0,0.0,0.0,4.524277210235596,0.0,-1.0,12.01992416381836,0.2893845736980438,,0,-1
final,159912,ppo_rev12_114505,829,goal,56,1.0,1.0,0.0,0.0,0.0,0.0,0.0,0.0,0.0,0.0,nan,0.0,-1.0,4.391239643096924,0.25711923837661743,,0,-1
final,159912,ppo_rev12_114505,830,goal,69,1.0,1.0,0.0,0.0,0.0,0.0,0.0,0.0,0.0,0.0,3.0829954147338867,0.0,-0.10484230518341064,5.582213401794434,0.2653123438358307,,0,-1
final,159912,ppo_rev12_114505,831,timeout,200,-0.5,0.0,0.0,0.0,0.0,1.0,0.0,0.0,0.0,0.02,2.809175968170166,0.0,-0.5034297704696655,19.53837776184082,nan,,0,-1
final,159912,ppo_rev12_114505,832,timeout,200,-0.5,0.0,0.0,0.0,0.0,1.0,0.0,0.0,0.0,0.0,0.9938279390335083,0.0,-1.0,15.923742294311523,nan,,0,-1
final,159912,ppo_rev12_114505,833,goal,83,1.0,1.0,0.0,0.0,0.0,0.0,0.0,0.0,0.0,0.0,3.9795165061950684,0.0,-1.0,6.978333473205566,0.22767449915409088,,0,-1
final,159912,ppo_rev12_114505,834,goal,103,1.0,1.0,0.0,0.0,0.0,0.0,0.0,0.0,0.0,0.0,2.456378698348999,0.0,-0.5738347768783569,6.544291019439697,0.27585068345069885,,0,-1
final,159912,ppo_rev12_114505,835,goal,136,1.0,1.0,0.0,0.0,0.0,0.0,0.0,0.0,0.0,0.0,1.9868358373641968,0.0,0.4267122745513916,12.052345275878906,0.2921905815601349,,0,-1
final,159912,ppo_rev12_114505,836,collision,4,-2.0,0.0,1.0,0.0,0.0,0.0,0.0,0.0,0.0,0.0,nan,0.0,1.0,0.3240893483161926,nan,obstacle,0,-1
final,159912,ppo_rev12_114505,837,goal,76,1.0,1.0,0.0,0.0,0.0,0.0,0.0,0.0,0.0,0.0,6.241301536560059,0.0,-1.0,7.92432975769043,0.19910383224487305,,0,-1
final,159912,ppo_rev12_114505,838,goal,78,1.0,1.0,0.0,0.0,0.0,0.0,0.0,0.0,0.0,0.0,4.326830863952637,0.0,-1.0,7.140098571777344,0.2903321087360382,,0,-1
final,159912,ppo_rev12_114505,839,goal,156,1.0,1.0,0.0,0.0,0.0,0.0,0.0,0.0,0.0,0.00641025641025641,0.6445743441581726,0.0,-0.45327866077423096,9.870489120483398,0.27825066447257996,,1,14
final,159912,ppo_rev12_114505,840,timeout,200,-0.5,0.0,0.0,0.0,0.0,1.0,0.0,0.0,0.0,0.005,1.0250924825668335,0.0,0.35089176893234253,17.260665893554688,nan,,0,-1
final,159912,ppo_rev12_114505,841,goal,59,1.0,1.0,0.0,0.0,0.0,0.0,0.0,0.0,0.0,0.0,nan,0.0,-1.0,5.162847995758057,0.2833923101425171,,0,-1
final,159912,ppo_rev12_114505,842,goal,75,1.0,1.0,0.0,0.0,0.0,0.0,0.0,0.0,0.0,0.0,4.760532379150391,0.0,-0.5017553567886353,6.2976393699646,0.1830720156431198,,0,-1
final,159912,ppo_rev12_114505,843,goal,51,1.0,1.0,0.0,0.0,0.0,0.0,0.0,0.0,0.0,0.0,nan,0.0,-1.0,5.187453269958496,0.2908322811126709,,0,-1
final,159912,ppo_rev12_114505,844,goal,70,1.0,1.0,0.0,0.0,0.0,0.0,0.0,0.0,0.0,0.0,5.782646179199219,0.0,-1.0,6.987818717956543,0.25188523530960083,,0,-1
final,159912,ppo_rev12_114505,845,goal,52,1.0,1.0,0.0,0.0,0.0,0.0,0.0,0.0,0.0,0.0,nan,0.0,-1.0,3.4109137058258057,0.28357139229774475,,0,-1
final,159912,ppo_rev12_114505,846,goal,51,1.0,1.0,0.0,0.0,0.0,0.0,0.0,0.0,0.0,0.0,nan,0.0,-1.0,3.802856206893921,0.17430409789085388,,0,-1
final,159912,ppo_rev12_114505,847,goal,128,1.0,1.0,0.0,0.0,0.0,0.0,0.0,0.0,0.0,0.078125,2.1110048294067383,0.0,-1.0,14.27035140991211,0.2723754644393921,,0,-1
final,159912,ppo_rev12_114505,848,goal,56,1.0,1.0,0.0,0.0,0.0,0.0,0.0,0.0,0.0,0.0,nan,0.0,-1.0,5.3737406730651855,0.18622846901416779,,0,-1
final,159912,ppo_rev12_114505,849,goal,78,1.0,1.0,0.0,0.0,0.0,0.0,0.0,0.0,0.0,0.0,5.289431571960449,0.0,-1.0,6.641645908355713,0.27915915846824646,,0,-1
final,159912,ppo_rev12_114505,850,goal,64,1.0,1.0,0.0,0.0,0.0,0.0,0.0,0.0,0.0,0.0,4.829865455627441,0.0,-0.4132661819458008,5.387895584106445,0.21221397817134857,,0,-1
final,159912,ppo_rev12_114505,851,goal,70,1.0,1.0,0.0,0.0,0.0,0.0,0.0,0.0,0.0,0.0,5.739885330200195,0.0,-1.0,7.095101356506348,0.2599884867668152,,0,-1
final,159912,ppo_rev12_114505,852,goal,106,1.0,1.0,0.0,0.0,0.0,0.0,0.0,0.0,0.0,0.0,1.6520048379898071,0.0,-0.5931218862533569,7.875491142272949,0.289573609828949,,0,-1
final,159912,ppo_rev12_114505,853,goal,68,1.0,1.0,0.0,0.0,0.0,0.0,0.0,0.0,0.0,0.0,5.455167293548584,0.0,-1.0,6.982407569885254,0.26106977462768555,,0,-1
final,159912,ppo_rev12_114505,854,goal,152,1.0,1.0,0.0,0.0,0.0,0.0,0.0,0.0,0.0,0.0,3.5807182788848877,0.0,-1.0,15.022061347961426,0.25093021988868713,,0,-1
final,159912,ppo_rev12_114505,855,goal,74,1.0,1.0,0.0,0.0,0.0,0.0,0.0,0.0,0.0,0.0,5.528051853179932,0.0,-1.0,7.455341339111328,0.2600097060203552,,0,-1
final,159912,ppo_rev12_114505,856,goal,54,1.0,1.0,0.0,0.0,0.0,0.0,0.0,0.0,0.0,0.0,nan,0.0,-1.0,4.741096019744873,0.29045918583869934,,0,-1
final,159912,ppo_rev12_114505,857,goal,77,1.0,1.0,0.0,0.0,0.0,0.0,0.0,0.0,0.0,0.0,4.588541030883789,0.0,-1.0,7.240780830383301,0.17157608270645142,,0,-1
final,159912,ppo_rev12_114505,858,goal,59,1.0,1.0,0.0,0.0,0.0,0.0,0.0,0.0,0.0,0.0,nan,0.0,-1.0,4.7575788497924805,0.28366565704345703,,0,-1
final,159912,ppo_rev12_114505,859,goal,108,1.0,1.0,0.0,0.0,0.0,0.0,0.0,0.0,0.0,0.0,4.027614116668701,0.0,-1.0,11.322081565856934,0.28107982873916626,,0,-1
final,159912,ppo_rev12_114505,860,collision,62,-2.0,0.0,1.0,0.0,0.0,0.0,0.0,0.0,0.0,0.0,3.482024669647217,0.0,1.0,6.298617839813232,nan,obstacle,0,-1
final,159912,ppo_rev12_114505,861,goal,59,1.0,1.0,0.0,0.0,0.0,0.0,0.0,0.0,0.0,0.0,nan,0.0,0.14099115133285522,5.013643264770508,0.02502422407269478,,0,-1
final,159912,ppo_rev12_114505,862,goal,113,1.0,1.0,0.0,0.0,0.0,0.0,0.0,0.0,0.0,0.0,3.2397878170013428,0.0,0.8806144595146179,9.24232006072998,0.09745962172746658,,0,-1
final,159912,ppo_rev12_114505,863,goal,72,1.0,1.0,0.0,0.0,0.0,0.0,0.0,0.0,0.0,0.0,4.148736000061035,0.0,-1.0,6.806077003479004,0.24967674911022186,,0,-1
final,159912,ppo_rev12_114505,864,collision,6,-2.0,0.0,1.0,0.0,0.0,0.0,0.0,0.0,0.0,0.0,nan,0.0,1.0,0.46766677498817444,nan,obstacle,0,-1
final,159912,ppo_rev12_114505,865,goal,66,1.0,1.0,0.0,0.0,0.0,0.0,0.0,0.0,0.0,0.015151515151515152,5.205462455749512,0.0,-1.0,6.590747833251953,0.2328939288854599,,0,-1
final,159912,ppo_rev12_114505,866,goal,85,1.0,1.0,0.0,0.0,0.0,0.0,0.0,0.0,0.0,0.0,4.365422248840332,0.0,-0.695304274559021,6.795544147491455,0.2821725010871887,,0,-1
final,159912,ppo_rev12_114505,867,goal,95,1.0,1.0,0.0,0.0,0.0,0.0,0.0,0.0,0.0,0.010526315789473684,2.6128201484680176,0.0,-0.514195442199707,8.256160736083984,0.2906826138496399,,0,-1
final,159912,ppo_rev12_114505,868,goal,62,1.0,1.0,0.0,0.0,0.0,0.0,0.0,0.0,0.0,0.0,5.1661810874938965,0.0,-1.0,5.668845176696777,0.2679087221622467,,0,-1
final,159912,ppo_rev12_114505,869,goal,59,1.0,1.0,0.0,0.0,0.0,0.0,0.0,0.0,0.0,0.0,nan,0.0,-1.0,4.506137847900391,0.26532918214797974,,0,-1
final,159912,ppo_rev12_114505,870,collision,3,-2.0,0.0,1.0,0.0,0.0,0.0,0.0,0.0,0.0,0.0,nan,0.0,1.0,0.18013954162597656,nan,obstacle,0,-1
final,159912,ppo_rev12_114505,871,goal,57,1.0,1.0,0.0,0.0,0.0,0.0,0.0,0.0,0.0,0.0,nan,0.0,-1.0,5.3244242668151855,0.25280341506004333,,0,-1
final,159912,ppo_rev12_114505,872,goal,112,1.0,1.0,0.0,0.0,0.0,0.0,0.0,0.0,0.0,0.0,1.970462441444397,0.0,-1.0,8.370294570922852,0.2536103427410126,,0,-1
final,159912,ppo_rev12_114505,873,goal,79,1.0,1.0,0.0,0.0,0.0,0.0,0.0,0.0,0.0,0.0,6.241610527038574,0.0,-1.0,8.02767276763916,0.2624055743217468,,0,-1
final,159912,ppo_rev12_114505,874,goal,99,1.0,1.0,0.0,0.0,0.0,0.0,0.0,0.0,0.0,0.0,3.3703224658966064,0.0,-1.0,8.406044006347656,0.2718507945537567,,0,-1
final,159912,ppo_rev12_114505,875,goal,44,1.0,1.0,0.0,0.0,0.0,0.0,0.0,0.0,0.0,0.0,nan,0.0,-1.0,3.872361898422241,0.27403223514556885,,0,-1
final,159912,ppo_rev12_114505,876,goal,50,1.0,1.0,0.0,0.0,0.0,0.0,0.0,0.0,0.0,0.0,nan,0.0,-1.0,4.737022876739502,0.20123784244060516,,0,-1
final,159912,ppo_rev12_114505,877,goal,72,1.0,1.0,0.0,0.0,0.0,0.0,0.0,0.0,0.0,0.0,6.010064125061035,0.0,-1.0,7.719235897064209,0.28261321783065796,,0,-1
final,159912,ppo_rev12_114505,878,goal,65,1.0,1.0,0.0,0.0,0.0,0.0,0.0,0.0,0.0,0.0,4.629951477050781,0.0,0.6891419887542725,6.547146320343018,0.2914371192455292,,0,-1
final,159912,ppo_rev12_114505,879,collision,129,-2.0,0.0,1.0,0.0,0.0,0.0,0.0,0.0,0.0,0.0,0.7748382091522217,0.0,1.0,7.119566440582275,nan,obstacle,0,-1
final,159912,ppo_rev12_114505,880,goal,79,1.0,1.0,0.0,0.0,0.0,0.0,0.0,0.0,0.0,0.0,4.922801494598389,0.0,-1.0,8.450884819030762,0.2516273558139801,,0,-1
final,159912,ppo_rev12_114505,881,goal,149,1.0,1.0,0.0,0.0,0.0,0.0,0.0,0.0,0.0,0.0,1.8747611045837402,0.0,-0.7978260517120361,12.769994735717773,0.29899561405181885,,0,-1
final,159912,ppo_rev12_114505,882,goal,139,1.0,1.0,0.0,0.0,0.0,0.0,0.0,0.0,0.0,0.0,1.5275928974151611,0.0,-1.0,12.39846420288086,0.28491657972335815,,0,-1
final,159912,ppo_rev12_114505,883,goal,127,1.0,1.0,0.0,0.0,0.0,0.0,0.0,0.0,0.0,0.0,2.665943145751953,0.0,0.4784356951713562,11.800958633422852,0.29915863275527954,,0,-1
final,159912,ppo_rev12_114505,884,goal,107,1.0,1.0,0.0,0.0,0.0,0.0,0.0,0.0,0.0,0.0,4.778103828430176,0.0,-0.6638544797897339,10.338457107543945,0.13540491461753845,,0,-1
final,159912,ppo_rev12_114505,885,collision,9,-2.0,0.0,1.0,0.0,0.0,0.0,0.0,0.0,0.0,0.0,nan,0.0,1.0,0.9375131130218506,nan,obstacle,0,-1
final,159912,ppo_rev12_114505,886,collision,77,-2.0,0.0,1.0,0.0,0.0,0.0,0.0,0.0,0.0,0.012987012987012988,4.305393695831299,0.0,1.0,8.035091400146484,nan,obstacle,0,-1
final,159912,ppo_rev12_114505,887,goal,172,1.0,1.0,0.0,0.0,0.0,0.0,0.0,0.0,0.0,0.0,3.6837828159332275,0.0,-0.30911529064178467,16.978759765625,0.25888296961784363,,0,-1
final,159912,ppo_rev12_114505,888,goal,89,1.0,1.0,0.0,0.0,0.0,0.0,0.0,0.0,0.0,0.0,3.139359474182129,0.0,-0.8948099613189697,7.021485328674316,0.28276655077934265,,0,-1
final,159912,ppo_rev12_114505,889,goal,74,1.0,1.0,0.0,0.0,0.0,0.0,0.0,0.0,0.0,0.0,5.077287197113037,0.0,-1.0,7.506802082061768,0.258094847202301,,0,-1
final,159912,ppo_rev12_114505,890,goal,75,1.0,1.0,0.0,0.0,0.0,0.0,0.0,0.0,0.0,0.0,4.646000385284424,0.0,-1.0,7.693188667297363,0.28410616517066956,,0,-1
final,159912,ppo_rev12_114505,891,goal,57,1.0,1.0,0.0,0.0,0.0,0.0,0.0,0.0,0.0,0.0,nan,0.0,-1.0,5.579943656921387,0.28526750206947327,,0,-1
final,159912,ppo_rev12_114505,892,goal,101,1.0,1.0,0.0,0.0,0.0,0.0,0.0,0.0,0.0,0.07920792079207921,5.575403690338135,0.0,-0.9728119373321533,11.27187728881836,0.1236405149102211,,0,-1
final,159912,ppo_rev12_114505,893,goal,141,1.0,1.0,0.0,0.0,0.0,0.0,0.0,0.0,0.0,0.0,2.830294132232666,0.0,-1.0,12.50893783569336,0.28852710127830505,,0,-1
final,159912,ppo_rev12_114505,894,goal,78,1.0,1.0,0.0,0.0,0.0,0.0,0.0,0.0,0.0,0.0,5.824615478515625,0.0,-1.0,8.422179222106934,0.14140085875988007,,0,-1
final,159912,ppo_rev12_114505,895,goal,175,1.0,1.0,0.0,0.0,0.0,0.0,0.0,0.0,0.0,0.0,2.572559118270874,0.0,-0.20986878871917725,14.221231460571289,0.2524512708187103,,0,-1
final,159912,ppo_rev12_114505,896,collision,6,-2.0,0.0,1.0,0.0,0.0,0.0,0.0,0.0,0.0,0.3333333333333333,nan,0.0,1.0,0.5243253111839294,nan,obstacle,0,-1
final,159912,ppo_rev12_114505,897,goal,49,1.0,1.0,0.0,0.0,0.0,0.0,0.0,0.0,0.0,0.0,nan,0.0,-1.0,3.792344331741333,0.2974482774734497,,0,-1
final,159912,ppo_rev12_114505,898,timeout,200,-0.5,0.0,0.0,0.0,0.0,1.0,0.0,0.0,0.0,0.0,0.7146102786064148,0.0,-0.727918267250061,14.104362487792969,nan,,0,-1
final,159912,ppo_rev12_114505,899,goal,80,1.0,1.0,0.0,0.0,0.0,0.0,0.0,0.0,0.0,0.0,4.635653495788574,0.0,-0.8382585048675537,7.600790023803711,0.27891018986701965,,0,-1
final,159912,ppo_rev12_114505,900,goal,72,1.0,1.0,0.0,0.0,0.0,0.0,0.0,0.0,0.0,0.0,4.812328338623047,0.0,-0.025724053382873535,6.310271263122559,0.2654571235179901,,0,-1
final,159912,ppo_rev12_114505,901,goal,62,1.0,1.0,0.0,0.0,0.0,0.0,0.0,0.0,0.0,0.016129032258064516,5.51752233505249,0.0,-1.0,6.146871566772461,0.2990805208683014,,0,-1
final,159912,ppo_rev12_114505,902,goal,81,1.0,1.0,0.0,0.0,0.0,0.0,0.0,0.0,0.0,0.0,4.726099491119385,0.0,-1.0,6.716222763061523,0.2694012522697449,,0,-1
final,159912,ppo_rev12_114505,903,goal,46,1.0,1.0,0.0,0.0,0.0,0.0,0.0,0.0,0.0,0.0,nan,0.0,-1.0,2.5518362522125244,0.13677512109279633,,0,-1
final,159912,ppo_rev12_114505,904,goal,82,1.0,1.0,0.0,0.0,0.0,0.0,0.0,0.0,0.0,0.0,3.6497035026550293,0.0,-1.0,7.797748565673828,0.27715158462524414,,0,-1
final,159912,ppo_rev12_114505,905,goal,88,1.0,1.0,0.0,0.0,0.0,0.0,0.0,0.0,0.0,0.0,3.3736417293548584,0.0,-0.4022064208984375,6.546509265899658,0.2712278962135315,,0,-1
final,159912,ppo_rev12_114505,906,goal,71,1.0,1.0,0.0,0.0,0.0,0.0,0.0,0.0,0.0,0.0,5.402890682220459,0.0,-1.0,7.225621223449707,0.2909124493598938,,0,-1
final,159912,ppo_rev12_114505,907,goal,123,1.0,1.0,0.0,0.0,0.0,0.0,0.0,0.0,0.0,0.024390243902439025,3.4702014923095703,0.0,-1.0,13.78603744506836,0.2747521996498108,,0,-1
final,159912,ppo_rev12_114505,908,goal,74,1.0,1.0,0.0,0.0,0.0,0.0,0.0,0.0,0.0,0.013513513513513514,4.7782206535339355,0.0,-1.0,7.139283180236816,0.2908199727535248,,0,-1
final,159912,ppo_rev12_114505,909,goal,107,1.0,1.0,0.0,0.0,0.0,0.0,0.0,0.0,0.0,0.0,4.853630542755127,0.0,-1.0,11.473254203796387,0.2487262785434723,,0,-1
final,159912,ppo_rev12_114505,910,goal,93,1.0,1.0,0.0,0.0,0.0,0.0,0.0,0.0,0.0,0.0,3.8902688026428223,0.0,-0.993267297744751,8.687690734863281,0.293047696352005,,0,-1
final,159912,ppo_rev12_114505,911,goal,66,1.0,1.0,0.0,0.0,0.0,0.0,0.0,0.0,0.0,0.0,5.835988521575928,0.0,-1.0,6.745975971221924,0.16887137293815613,,0,-1
final,159912,ppo_rev12_114505,912,goal,116,1.0,1.0,0.0,0.0,0.0,0.0,0.0,0.0,0.0,0.0,5.128918170928955,0.0,-1.0,13.109307289123535,0.29678335785865784,,0,-1
final,159912,ppo_rev12_114505,913,goal,86,1.0,1.0,0.0,0.0,0.0,0.0,0.0,0.0,0.0,0.0,3.7541332244873047,0.0,-1.0,8.417354583740234,0.15440790355205536,,0,-1
final,159912,ppo_rev12_114505,914,goal,137,1.0,1.0,0.0,0.0,0.0,0.0,0.0,0.0,0.0,0.0,1.187949538230896,0.0,0.09801751375198364,8.117526054382324,0.2911626696586609,,0,-1
final,159912,ppo_rev12_114505,915,stuck,190,-1.0,0.0,0.0,0.0,1.0,0.0,0.0,0.0,0.0,0.0,0.0422254279255867,0.0,-1.0,9.047908782958984,nan,,0,-1
final,159912,ppo_rev12_114505,916,goal,103,1.0,1.0,0.0,0.0,0.0,0.0,0.0,0.0,0.0,0.0,3.780341148376465,0.0,-1.0,10.84316635131836,0.18311738967895508,,0,-1
final,159912,ppo_rev12_114505,917,goal,62,1.0,1.0,0.0,0.0,0.0,0.0,0.0,0.0,0.0,0.0,4.343567848205566,0.0,-1.0,6.265425682067871,0.22202953696250916,,0,-1
final,159912,ppo_rev12_114505,918,goal,67,1.0,1.0,0.0,0.0,0.0,0.0,0.0,0.0,0.0,0.0,3.9030795097351074,0.0,-1.0,6.1381988525390625,0.2756108045578003,,0,-1
final,159912,ppo_rev12_114505,919,goal,79,1.0,1.0,0.0,0.0,0.0,0.0,0.0,0.0,0.0,0.0,4.481585502624512,0.0,0.0912179946899414,7.683282375335693,0.0654023140668869,,0,-1
final,159912,ppo_rev12_114505,920,goal,75,1.0,1.0,0.0,0.0,0.0,0.0,0.0,0.0,0.0,0.0,5.0388503074646,0.0,0.3320286273956299,6.499385833740234,0.2802160084247589,,0,-1
final,159912,ppo_rev12_114505,921,goal,72,1.0,1.0,0.0,0.0,0.0,0.0,0.0,0.0,0.0,0.0,4.9233808517456055,0.0,-1.0,6.610415935516357,0.28878268599510193,,0,-1
final,159912,ppo_rev12_114505,922,goal,56,1.0,1.0,0.0,0.0,0.0,0.0,0.0,0.0,0.0,0.0,nan,0.0,-1.0,4.930231094360352,0.28769418597221375,,1,2
final,159912,ppo_rev12_114505,923,goal,70,1.0,1.0,0.0,0.0,0.0,0.0,0.0,0.0,0.0,0.0,5.819787502288818,0.0,-1.0,7.420278549194336,0.20508486032485962,,0,-1
final,159912,ppo_rev12_114505,924,goal,68,1.0,1.0,0.0,0.0,0.0,0.0,0.0,0.0,0.0,0.0,4.539737701416016,0.0,-1.0,6.308289527893066,0.2542639672756195,,0,-1
final,159912,ppo_rev12_114505,925,goal,123,1.0,1.0,0.0,0.0,0.0,0.0,0.0,0.0,0.0,0.0,3.6474361419677734,0.0,-0.8936219215393066,12.069610595703125,0.2812562584877014,,0,-1
final,159912,ppo_rev12_114505,926,goal,46,1.0,1.0,0.0,0.0,0.0,0.0,0.0,0.0,0.0,0.0,nan,0.0,-1.0,3.4416580200195312,0.1417451947927475,,0,-1
final,159912,ppo_rev12_114505,927,collision,9,-2.0,0.0,1.0,0.0,0.0,0.0,0.0,0.0,0.0,0.0,nan,0.0,1.0,0.8023616075515747,nan,obstacle,0,-1
final,159912,ppo_rev12_114505,928,goal,111,1.0,1.0,0.0,0.0,0.0,0.0,0.0,0.0,0.0,0.0,4.125381946563721,0.0,-1.0,9.87834358215332,0.20093578100204468,,0,-1
final,159912,ppo_rev12_114505,929,goal,96,1.0,1.0,0.0,0.0,0.0,0.0,0.0,0.0,0.0,0.0,4.715301513671875,0.0,-1.0,9.773679733276367,0.28365033864974976,,0,-1
final,159912,ppo_rev12_114505,930,goal,116,1.0,1.0,0.0,0.0,0.0,0.0,0.0,0.0,0.0,0.0,2.4597105979919434,0.0,0.47028839588165283,8.439720153808594,0.27124038338661194,,0,-1
final,159912,ppo_rev12_114505,931,goal,60,1.0,1.0,0.0,0.0,0.0,0.0,0.0,0.0,0.0,0.0,5.310405254364014,0.0,-1.0,5.511153697967529,0.2554868757724762,,0,-1
final,159912,ppo_rev12_114505,932,goal,130,1.0,1.0,0.0,0.0,0.0,0.0,0.0,0.0,0.0,0.0,3.0724737644195557,0.0,-1.0,12.692008972167969,0.2756137549877167,,0,-1
final,159912,ppo_rev12_114505,933,goal,89,1.0,1.0,0.0,0.0,0.0,0.0,0.0,0.0,0.0,0.0,2.5745575428009033,0.0,0.08365857601165771,7.368377208709717,0.15873365104198456,,1,11
final,159912,ppo_rev12_114505,934,goal,82,1.0,1.0,0.0,0.0,0.0,0.0,0.0,0.0,0.0,0.0,3.704561948776245,0.0,-1.0,7.387378215789795,0.28929781913757324,,0,-1
final,159912,ppo_rev12_114505,935,timeout,200,-0.5,0.0,0.0,0.0,0.0,1.0,0.0,0.0,0.0,0.0,2.203294515609741,0.0,-0.09866762161254883,22.430484771728516,nan,,0,-1
final,159912,ppo_rev12_114505,936,goal,98,1.0,1.0,0.0,0.0,0.0,0.0,0.0,0.0,0.0,0.04081632653061224,4.19490909576416,0.0,-0.5371783971786499,10.244555473327637,0.252587229013443,,0,-1
final,159912,ppo_rev12_114505,937,goal,62,1.0,1.0,0.0,0.0,0.0,0.0,0.0,0.0,0.0,0.0,5.7544684410095215,0.0,-0.3150334358215332,6.159619331359863,0.294549822807312,,0,-1
final,159912,ppo_rev12_114505,938,goal,52,1.0,1.0,0.0,0.0,0.0,0.0,0.0,0.0,0.0,0.0,nan,0.0,-1.0,3.8514370918273926,0.2263198345899582,,0,-1
final,159912,ppo_rev12_114505,939,goal,78,1.0,1.0,0.0,0.0,0.0,0.0,0.0,0.0,0.0,0.0,6.105973243713379,0.0,-1.0,8.423847198486328,0.29390713572502136,,0,-1
final,159912,ppo_rev12_114505,940,goal,48,1.0,1.0,0.0,0.0,0.0,0.0,0.0,0.0,0.0,0.0,nan,0.0,-1.0,4.4865522384643555,0.26350003480911255,,0,-1
final,159912,ppo_rev12_114505,941,goal,101,1.0,1.0,0.0,0.0,0.0,0.0,0.0,0.0,0.0,0.0,3.1235735416412354,0.0,-1.0,8.572015762329102,0.021756313741207123,,1,73
final,159912,ppo_rev12_114505,942,goal,75,1.0,1.0,0.0,0.0,0.0,0.0,0.0,0.0,0.0,0.0,3.5979197025299072,0.0,-1.0,6.271274089813232,0.2921178936958313,,0,-1
final,159912,ppo_rev12_114505,943,goal,60,1.0,1.0,0.0,0.0,0.0,0.0,0.0,0.0,0.0,0.0,3.8450510501861572,0.0,-0.15882742404937744,4.273637771606445,0.28557249903678894,,0,-1
final,159912,ppo_rev12_114505,944,collision,8,-2.0,0.0,1.0,0.0,0.0,0.0,0.0,0.0,0.0,0.0,nan,0.0,1.0,0.8170414566993713,nan,obstacle,0,-1
final,159912,ppo_rev12_114505,945,collision,44,-2.0,0.0,1.0,0.0,0.0,0.0,0.0,0.0,0.0,0.0,nan,0.0,1.0,5.240300178527832,nan,obstacle,0,-1
final,159912,ppo_rev12_114505,946,goal,117,1.0,1.0,0.0,0.0,0.0,0.0,0.0,0.0,0.0,0.0,2.8417983055114746,0.0,-0.21887826919555664,7.406399726867676,0.25479450821876526,,0,-1
final,159912,ppo_rev12_114505,947,goal,44,1.0,1.0,0.0,0.0,0.0,0.0,0.0,0.0,0.0,0.0,nan,0.0,-1.0,3.2239089012145996,0.2745494246482849,,0,-1
final,159912,ppo_rev12_114505,948,collision,11,-2.0,0.0,1.0,0.0,0.0,0.0,0.0,0.0,0.0,0.36363636363636365,nan,0.0,1.0,1.3218748569488525,nan,obstacle,0,-1
final,159912,ppo_rev12_114505,949,goal,58,1.0,1.0,0.0,0.0,0.0,0.0,0.0,0.0,0.0,0.0,nan,0.0,-1.0,5.486464023590088,0.08180471509695053,,0,-1
final,159912,ppo_rev12_114505,950,collision,11,-2.0,0.0,1.0,0.0,0.0,0.0,0.0,0.0,0.0,0.0,nan,0.0,1.0,1.2160239219665527,nan,obstacle,0,-1
final,159912,ppo_rev12_114505,951,goal,68,1.0,1.0,0.0,0.0,0.0,0.0,0.0,0.0,0.0,0.0,4.977015972137451,0.0,-1.0,6.45159387588501,0.11039320379495621,,0,-1
final,159912,ppo_rev12_114505,952,goal,66,1.0,1.0,0.0,0.0,0.0,0.0,0.0,0.0,0.0,0.0,5.260083198547363,0.0,-1.0,6.046309947967529,0.29042232036590576,,0,-1
final,159912,ppo_rev12_114505,953,goal,96,1.0,1.0,0.0,0.0,0.0,0.0,0.0,0.0,0.0,0.0,1.8655493259429932,0.0,0.0225907564163208,6.917635440826416,0.26608020067214966,,0,-1
final,159912,ppo_rev12_114505,954,goal,96,1.0,1.0,0.0,0.0,0.0,0.0,0.0,0.0,0.0,0.0,4.037838935852051,0.0,-1.0,9.059890747070312,0.21373409032821655,,0,-1
final,159912,ppo_rev12_114505,955,goal,114,1.0,1.0,0.0,0.0,0.0,0.0,0.0,0.0,0.0,0.0,2.363588809967041,0.0,-0.1030120849609375,8.682844161987305,0.19413802027702332,,0,-1
final,159912,ppo_rev12_114505,956,goal,75,1.0,1.0,0.0,0.0,0.0,0.0,0.0,0.0,0.0,0.0,3.10486102104187,0.0,0.48126137256622314,6.037381172180176,0.2957773506641388,,0,-1
final,159912,ppo_rev12_114505,957,goal,78,1.0,1.0,0.0,0.0,0.0,0.0,0.0,0.0,0.0,0.0,5.525696277618408,0.0,-0.5278818607330322,7.723540306091309,0.21961364150047302,,0,-1
final,159912,ppo_rev12_114505,958,goal,123,1.0,1.0,0.0,0.0,0.0,0.0,0.0,0.0,0.0,0.0,2.8113725185394287,0.0,-1.0,12.105942726135254,0.2974283695220947,,0,-1
final,159912,ppo_rev12_114505,959,goal,60,1.0,1.0,0.0,0.0,0.0,0.0,0.0,0.0,0.0,0.0,5.630071640014648,0.0,-1.0,6.461350440979004,0.2920926809310913,,1,58
final,159912,ppo_rev12_114505,960,goal,77,1.0,1.0,0.0,0.0,0.0,0.0,0.0,0.0,0.0,0.0,5.977922439575195,0.0,-1.0,8.605313301086426,0.2862955331802368,,0,-1
final,159912,ppo_rev12_114505,961,goal,84,1.0,1.0,0.0,0.0,0.0,0.0,0.0,0.0,0.0,0.03571428571428571,5.1223883628845215,0.0,-1.0,8.76108169555664,0.2748018801212311,,0,-1
final,159912,ppo_rev12_114505,962,goal,84,1.0,1.0,0.0,0.0,0.0,0.0,0.0,0.0,0.0,0.0,2.9606692790985107,0.0,-1.0,5.795460224151611,0.26544010639190674,,0,-1
final,159912,ppo_rev12_114505,963,goal,44,1.0,1.0,0.0,0.0,0.0,0.0,0.0,0.0,0.0,0.0,nan,0.0,-1.0,3.621731996536255,0.2970198392868042,,0,-1
final,159912,ppo_rev12_114505,964,goal,65,1.0,1.0,0.0,0.0,0.0,0.0,0.0,0.0,0.0,0.0,4.963142395019531,0.0,-0.4876556396484375,6.056515693664551,0.28689274191856384,,0,-1
final,159912,ppo_rev12_114505,965,goal,42,1.0,1.0,0.0,0.0,0.0,0.0,0.0,0.0,0.0,0.0,nan,0.0,-0.1745014190673828,3.0300261974334717,0.2768576741218567,,0,-1
final,159912,ppo_rev12_114505,966,goal,70,1.0,1.0,0.0,0.0,0.0,0.0,0.0,0.0,0.0,0.0,4.354135036468506,0.0,-0.22748100757598877,5.545360088348389,0.09922657907009125,,0,-1
final,159912,ppo_rev12_114505,967,goal,86,1.0,1.0,0.0,0.0,0.0,0.0,0.0,0.0,0.0,0.0,4.574162483215332,0.0,-0.36916518211364746,8.319707870483398,0.297027051448822,,0,-1
final,159912,ppo_rev12_114505,968,goal,157,1.0,1.0,0.0,0.0,0.0,0.0,0.0,0.0,0.0,0.025477707006369428,2.5619118213653564,0.0,0.20721560716629028,14.101607322692871,0.2848718762397766,,0,-1
final,159912,ppo_rev12_114505,969,goal,66,1.0,1.0,0.0,0.0,0.0,0.0,0.0,0.0,0.0,0.0,3.960416316986084,0.0,-0.3136833906173706,7.079953193664551,0.2717212438583374,,0,-1
final,159912,ppo_rev12_114505,970,goal,97,1.0,1.0,0.0,0.0,0.0,0.0,0.0,0.0,0.0,0.0,4.306301593780518,0.0,-1.0,10.46400260925293,0.25927871465682983,,0,-1
final,159912,ppo_rev12_114505,971,goal,123,1.0,1.0,0.0,0.0,0.0,0.0,0.0,0.0,0.0,0.016260162601626018,3.8437628746032715,0.0,-1.0,13.340301513671875,0.299541175365448,,0,-1
final,159912,ppo_rev12_114505,972,goal,92,1.0,1.0,0.0,0.0,0.0,0.0,0.0,0.0,0.0,0.0,5.70934534072876,0.0,-1.0,10.154989242553711,0.28547313809394836,,0,-1
final,159912,ppo_rev12_114505,973,goal,42,1.0,1.0,0.0,0.0,0.0,0.0,0.0,0.0,0.0,0.0,nan,0.0,-1.0,2.9554572105407715,0.2862566113471985,,0,-1
final,159912,ppo_rev12_114505,974,goal,80,1.0,1.0,0.0,0.0,0.0,0.0,0.0,0.0,0.0,0.0,5.419554233551025,0.0,-1.0,8.927417755126953,0.1760147362947464,,0,-1
final,159912,ppo_rev12_114505,975,goal,98,1.0,1.0,0.0,0.0,0.0,0.0,0.0,0.0,0.0,0.01020408163265306,2.4427080154418945,0.0,0.7760595679283142,7.194371223449707,0.2922928035259247,,0,-1
final,159912,ppo_rev12_114505,976,goal,73,1.0,1.0,0.0,0.0,0.0,0.0,0.0,0.0,0.0,0.0,5.109784126281738,0.0,-1.0,6.828744411468506,0.2718576192855835,,0,-1
final,159912,ppo_rev12_114505,977,goal,107,1.0,1.0,0.0,0.0,0.0,0.0,0.0,0.0,0.0,0.0,2.211616277694702,0.0,0.5943103432655334,7.0786566734313965,0.2880885899066925,,0,-1
final,159912,ppo_rev12_114505,978,goal,50,1.0,1.0,0.0,0.0,0.0,0.0,0.0,0.0,0.0,0.0,nan,0.0,-1.0,3.8265018463134766,0.277239054441452,,0,-1
final,159912,ppo_rev12_114505,979,goal,77,1.0,1.0,0.0,0.0,0.0,0.0,0.0,0.0,0.0,0.012987012987012988,4.4837727546691895,0.0,-1.0,7.320620536804199,0.2927708923816681,,0,-1
final,159912,ppo_rev12_114505,980,goal,68,1.0,1.0,0.0,0.0,0.0,0.0,0.0,0.0,0.0,0.014705882352941176,3.32837176322937,0.0,-1.0,6.0991387367248535,0.2651216983795166,,0,-1
final,159912,ppo_rev12_114505,981,goal,111,1.0,1.0,0.0,0.0,0.0,0.0,0.0,0.0,0.0,0.0,4.055383205413818,0.0,-0.03233134746551514,10.773824691772461,0.2714605927467346,,0,-1
final,159912,ppo_rev12_114505,982,goal,42,1.0,1.0,0.0,0.0,0.0,0.0,0.0,0.0,0.0,0.0,nan,0.0,-1.0,3.8721470832824707,0.25673219561576843,,0,-1
final,159912,ppo_rev12_114505,983,goal,53,1.0,1.0,0.0,0.0,0.0,0.0,0.0,0.0,0.0,0.0,nan,0.0,-1.0,5.505794525146484,0.28616857528686523,,0,-1
final,159912,ppo_rev12_114505,984,timeout,200,-0.5,0.0,0.0,0.0,0.0,1.0,0.0,0.0,0.0,0.0,0.7437438368797302,0.0,-0.3721655607223511,11.226543426513672,nan,,0,-1
final,159912,ppo_rev12_114505,985,goal,117,1.0,1.0,0.0,0.0,0.0,0.0,0.0,0.0,0.0,0.0,4.3585591316223145,0.0,-1.0,11.983789443969727,0.2778535783290863,,0,-1
final,159912,ppo_rev12_114505,986,goal,73,1.0,1.0,0.0,0.0,0.0,0.0,0.0,0.0,0.0,0.0,4.855185031890869,0.0,-1.0,6.752701759338379,0.2912341058254242,,0,-1
final,159912,ppo_rev12_114505,987,goal,138,1.0,1.0,0.0,0.0,0.0,0.0,0.0,0.0,0.0,0.0,0.4953717887401581,0.0,0.49499624967575073,6.030052661895752,0.18050578236579895,,0,-1
final,159912,ppo_rev12_114505,988,goal,126,1.0,1.0,0.0,0.0,0.0,0.0,0.0,0.0,0.0,0.0,2.7360432147979736,0.0,-0.4934478998184204,11.492671966552734,0.28367456793785095,,0,-1
final,159912,ppo_rev12_114505,989,goal,56,1.0,1.0,0.0,0.0,0.0,0.0,0.0,0.0,0.0,0.0,nan,0.0,-0.9397618770599365,4.180564880371094,0.2559772729873657,,0,-1
final,159912,ppo_rev12_114505,990,goal,98,1.0,1.0,0.0,0.0,0.0,0.0,0.0,0.0,0.0,0.02040816326530612,2.7317140102386475,0.0,-1.0,9.664688110351562,0.26642152667045593,,0,-1
final,159912,ppo_rev12_114505,991,goal,76,1.0,1.0,0.0,0.0,0.0,0.0,0.0,0.0,0.0,0.0,5.466125965118408,0.0,-1.0,7.61708402633667,0.28781870007514954,,0,-1
final,159912,ppo_rev12_114505,992,goal,49,1.0,1.0,0.0,0.0,0.0,0.0,0.0,0.0,0.0,0.0,nan,0.0,-1.0,4.699298858642578,0.2853360176086426,,0,-1
final,159912,ppo_rev12_114505,993,goal,139,1.0,1.0,0.0,0.0,0.0,0.0,0.0,0.0,0.0,0.0,4.272489547729492,0.0,-0.8945633172988892,14.515792846679688,0.2724308371543884,,0,-1
final,159912,ppo_rev12_114505,994,goal,88,1.0,1.0,0.0,0.0,0.0,0.0,0.0,0.0,0.0,0.0,4.850577354431152,0.0,-0.04193925857543945,9.308448791503906,0.2889630198478699,,0,-1
final,159912,ppo_rev12_114505,995,goal,103,1.0,1.0,0.0,0.0,0.0,0.0,0.0,0.0,0.0,0.0,2.1304638385772705,0.0,-0.4653491973876953,7.895602703094482,0.296085387468338,,0,-1
final,159912,ppo_rev12_114505,996,goal,50,1.0,1.0,0.0,0.0,0.0,0.0,0.0,0.0,0.0,0.0,nan,0.0,-1.0,4.612863540649414,0.2348988950252533,,0,-1
final,159912,ppo_rev12_114505,997,goal,81,1.0,1.0,0.0,0.0,0.0,0.0,0.0,0.0,0.0,0.0,5.228880882263184,0.0,-1.0,7.6982421875,0.27004483342170715,,0,-1
final,159912,ppo_rev12_114505,998,goal,51,1.0,1.0,0.0,0.0,0.0,0.0,0.0,0.0,0.0,0.0,nan,0.0,-1.0,4.784622669219971,0.1888643354177475,,0,-1
final,159912,ppo_rev12_114505,999,goal,108,1.0,1.0,0.0,0.0,0.0,0.0,0.0,0.0,0.0,0.0,4.090146064758301,0.0,-1.0,11.290822982788086,0.2874744236469269,,0,-1
final,159912,ppo_rev12_114505,1000,goal,166,1.0,1.0,0.0,0.0,0.0,0.0,0.0,0.0,0.0,0.0,1.32484769821167,0.0,-1.0,15.819090843200684,0.2602519989013672,,0,-1
final,159912,ppo_rev12_114505,1001,goal,93,1.0,1.0,0.0,0.0,0.0,0.0,0.0,0.0,0.0,0.0,5.484588623046875,0.0,-0.6824538707733154,9.914295196533203,0.2956875264644623,,0,-1
final,159912,ppo_rev12_114505,1002,goal,86,1.0,1.0,0.0,0.0,0.0,0.0,0.0,0.0,0.0,0.0,4.25059175491333,0.0,-1.0,8.03076171875,0.2724020779132843,,0,-1
final,159912,ppo_rev12_114505,1003,goal,75,1.0,1.0,0.0,0.0,0.0,0.0,0.0,0.0,0.0,0.0,5.33890438079834,0.0,-1.0,7.136943340301514,0.27542024850845337,,0,-1
final,159912,ppo_rev12_114505,1004,goal,97,1.0,1.0,0.0,0.0,0.0,0.0,0.0,0.0,0.0,0.0,2.5312163829803467,0.0,0.407673180103302,7.682208061218262,0.28788095712661743,,0,-1
final,159912,ppo_rev12_114505,1005,goal,177,1.0,1.0,0.0,0.0,0.0,0.0,0.0,0.0,0.0,0.0,0.772402822971344,0.0,0.7342801094055176,12.020576477050781,0.24237258732318878,,1,8
final,159912,ppo_rev12_114505,1006,goal,99,1.0,1.0,0.0,0.0,0.0,0.0,0.0,0.0,0.0,0.0,5.169893264770508,0.0,-0.7230701446533203,10.255087852478027,0.2671995162963867,,0,-1
final,159912,ppo_rev12_114505,1007,goal,83,1.0,1.0,0.0,0.0,0.0,0.0,0.0,0.0,0.0,0.0,5.700418949127197,0.0,-1.0,7.792230129241943,0.2607526481151581,,0,-1
final,159912,ppo_rev12_114505,1008,goal,87,1.0,1.0,0.0,0.0,0.0,0.0,0.0,0.0,0.0,0.0,6.109725475311279,0.0,0.056862056255340576,9.715751647949219,0.07899472862482071,,0,-1
final,159912,ppo_rev12_114505,1009,goal,74,1.0,1.0,0.0,0.0,0.0,0.0,0.0,0.0,0.0,0.0,5.274052143096924,0.0,-1.0,7.087446689605713,0.296447217464447,,0,-1
final,159912,ppo_rev12_114505,1010,goal,113,1.0,1.0,0.0,0.0,0.0,0.0,0.0,0.0,0.0,0.0,4.479040622711182,0.0,-0.5555969476699829,9.964049339294434,0.26613524556159973,,0,-1
final,159912,ppo_rev12_114505,1011,goal,81,1.0,1.0,0.0,0.0,0.0,0.0,0.0,0.0,0.0,0.0,5.025816440582275,0.0,-1.0,8.43686294555664,0.23967836797237396,,0,-1
final,159912,ppo_rev12_114505,1012,goal,79,1.0,1.0,0.0,0.0,0.0,0.0,0.0,0.0,0.0,0.0,5.315422534942627,0.0,-1.0,7.949093818664551,0.26760756969451904,,0,-1
final,159912,ppo_rev12_114505,1013,goal,96,1.0,1.0,0.0,0.0,0.0,0.0,0.0,0.0,0.0,0.0,3.5125186443328857,0.0,-0.9067308902740479,8.405237197875977,0.2288493663072586,,0,-1
final,159912,ppo_rev12_114505,1014,goal,143,1.0,1.0,0.0,0.0,0.0,0.0,0.0,0.0,0.0,0.027972027972027972,2.5194573402404785,0.0,0.43951982259750366,9.619972229003906,0.27396559715270996,,0,-1
final,159912,ppo_rev12_114505,1015,goal,62,1.0,1.0,0.0,0.0,0.0,0.0,0.0,0.0,0.0,0.0,5.738776683807373,0.0,-1.0,5.90186882019043,0.26409032940864563,,0,-1
final,159912,ppo_rev12_114505,1016,goal,64,1.0,1.0,0.0,0.0,0.0,0.0,0.0,0.0,0.0,0.0,5.28880500793457,0.0,-1.0,6.473269462585449,0.29622477293014526,,0,-1
final,159912,ppo_rev12_114505,1017,goal,95,1.0,1.0,0.0,0.0,0.0,0.0,0.0,0.0,0.0,0.0,4.577639579772949,0.0,-0.0773468017578125,10.281673431396484,0.2854744791984558,,0,-1
final,159912,ppo_rev12_114505,1018,goal,84,1.0,1.0,0.0,0.0,0.0,0.0,0.0,0.0,0.0,0.0,5.143866062164307,0.0,0.5216473340988159,7.780845642089844,0.2931418716907501,,0,-1
final,159912,ppo_rev12_114505,1019,goal,95,1.0,1.0,0.0,0.0,0.0,0.0,0.0,0.0,0.0,0.0,3.562347173690796,0.0,0.6994047164916992,8.373924255371094,0.289344847202301,,0,-1
final,159912,ppo_rev12_114505,1020,goal,67,1.0,1.0,0.0,0.0,0.0,0.0,0.0,0.0,0.0,0.0,5.65028715133667,0.0,-1.0,6.219438552856445,0.2791539132595062,,0,-1
final,159912,ppo_rev12_114505,1021,goal,84,1.0,1.0,0.0,0.0,0.0,0.0,0.0,0.0,0.0,0.0,4.82544469833374,0.0,-0.10965907573699951,7.836016654968262,0.2801581025123596,,0,-1
final,159912,ppo_rev12_114505,1022,goal,133,1.0,1.0,0.0,0.0,0.0,0.0,0.0,0.0,0.0,0.0,2.124138355255127,0.0,-0.24493467807769775,8.539880752563477,0.2545929551124573,,0,-1
final,159912,ppo_rev12_114505,1023,goal,44,1.0,1.0,0.0,0.0,0.0,0.0,0.0,0.0,0.0,0.0,nan,0.0,-1.0,3.8651208877563477,0.2712617814540863,,0,-1
final,159912,ppo_rev12_114505,1024,goal,85,1.0,1.0,0.0,0.0,0.0,0.0,0.0,0.0,0.0,0.0,4.8309221267700195,0.0,-1.0,7.649930477142334,0.29077690839767456,,0,-1
final,159912,ppo_rev12_114505,1025,goal,137,1.0,1.0,0.0,0.0,0.0,0.0,0.0,0.0,0.0,0.0072992700729927005,3.6586039066314697,0.0,-1.0,12.499521255493164,0.2810100018978119,,0,-1
final,159912,ppo_rev12_114505,1026,goal,132,1.0,1.0,0.0,0.0,0.0,0.0,0.0,0.0,0.0,0.0,2.6781599521636963,0.0,-1.0,14.363128662109375,0.27443864941596985,,0,-1
final,159912,ppo_rev12_114505,1027,goal,60,1.0,1.0,0.0,0.0,0.0,0.0,0.0,0.0,0.0,0.0,4.9842681884765625,0.0,-1.0,5.664894104003906,0.28757134079933167,,0,-1
final,159912,ppo_rev12_114505,1028,goal,58,1.0,1.0,0.0,0.0,0.0,0.0,0.0,0.0,0.0,0.0,nan,0.0,-0.765243649482727,5.192234516143799,0.28804078698158264,,0,-1
final,159912,ppo_rev12_114505,1029,goal,45,1.0,1.0,0.0,0.0,0.0,0.0,0.0,0.0,0.0,0.0,nan,0.0,0.6753482818603516,3.8042240142822266,0.19969086349010468,,0,-1
final,159912,ppo_rev12_114505,1030,goal,68,1.0,1.0,0.0,0.0,0.0,0.0,0.0,0.0,0.0,0.0,5.521462917327881,0.0,-1.0,6.148113250732422,0.17677097022533417,,0,-1
final,159912,ppo_rev12_114505,1031,goal,125,1.0,1.0,0.0,0.0,0.0,0.0,0.0,0.0,0.0,0.0,3.0518910884857178,0.0,-1.0,11.709829330444336,0.2668575346469879,,0,-1
final,159912,ppo_rev12_114505,1032,goal,47,1.0,1.0,0.0,0.0,0.0,0.0,0.0,0.0,0.0,0.0,nan,0.0,-0.027153968811035156,4.2081122398376465,0.26996690034866333,,0,-1
final,159912,ppo_rev12_114505,1033,goal,57,1.0,1.0,0.0,0.0,0.0,0.0,0.0,0.0,0.0,0.0,nan,0.0,-1.0,5.403865814208984,0.2615360915660858,,0,-1
final,159912,ppo_rev12_114505,1034,goal,85,1.0,1.0,0.0,0.0,0.0,0.0,0.0,0.0,0.0,0.0,3.6350297927856445,0.0,0.23250198364257812,7.159331798553467,0.2918974459171295,,0,-1
final,159912,ppo_rev12_114505,1035,goal,72,1.0,1.0,0.0,0.0,0.0,0.0,0.0,0.0,0.0,0.0,2.880122184753418,0.0,-1.0,7.193492412567139,0.2593518793582916,,0,-1
final,159912,ppo_rev12_114505,1036,goal,48,1.0,1.0,0.0,0.0,0.0,0.0,0.0,0.0,0.0,0.0,nan,0.0,-1.0,3.838573694229126,0.28839588165283203,,0,-1
final,159912,ppo_rev12_114505,1037,goal,125,1.0,1.0,0.0,0.0,0.0,0.0,0.0,0.0,0.0,0.016,4.179419040679932,0.0,-1.0,13.243572235107422,0.2898052930831909,,0,-1
final,159912,ppo_rev12_114505,1038,goal,60,1.0,1.0,0.0,0.0,0.0,0.0,0.0,0.0,0.0,0.0,3.305936336517334,0.0,-0.08986079692840576,5.215991973876953,0.2729680836200714,,0,-1
final,159912,ppo_rev12_114505,1039,goal,81,1.0,1.0,0.0,0.0,0.0,0.0,0.0,0.0,0.0,0.0,3.310614585876465,0.0,0.3609973192214966,5.337139129638672,0.21509498357772827,,0,-1
final,159912,ppo_rev12_114505,1040,goal,91,1.0,1.0,0.0,0.0,0.0,0.0,0.0,0.0,0.0,0.01098901098901099,5.305484771728516,0.0,-1.0,9.011713027954102,0.2779386043548584,,0,-1
final,159912,ppo_rev12_114505,1041,goal,69,1.0,1.0,0.0,0.0,0.0,0.0,0.0,0.0,0.0,0.0,3.567230463027954,0.0,-0.8272192478179932,4.5731120109558105,0.18334434926509857,,0,-1
final,159912,ppo_rev12_114505,1042,goal,69,1.0,1.0,0.0,0.0,0.0,0.0,0.0,0.0,0.0,0.0,5.755368709564209,0.0,-1.0,7.119213581085205,0.2937643229961395,,0,-1
final,159912,ppo_rev12_114505,1043,goal,56,1.0,1.0,0.0,0.0,0.0,0.0,0.0,0.0,0.0,0.0,nan,0.0,-0.2842444181442261,4.582860946655273,0.2778288722038269,,0,-1
final,159912,ppo_rev12_114505,1044,goal,81,1.0,1.0,0.0,0.0,0.0,0.0,0.0,0.0,0.0,0.0,5.810953140258789,0.0,-1.0,8.630943298339844,0.29534241557121277,,0,-1
final,159912,ppo_rev12_114505,1045,goal,89,1.0,1.0,0.0,0.0,0.0,0.0,0.0,0.0,0.0,0.011235955056179775,4.95067834854126,0.0,-1.0,9.158071517944336,0.2934049069881439,,1,5
final,159912,ppo_rev12_114505,1046,goal,74,1.0,1.0,0.0,0.0,0.0,0.0,0.0,0.0,0.0,0.0,3.49204158782959,0.0,-0.33955538272857666,5.475687503814697,0.16571694612503052,,1,7
final,159912,ppo_rev12_114505,1047,goal,150,1.0,1.0,0.0,0.0,0.0,0.0,0.0,0.0,0.0,0.0,1.908765435218811,0.0,-0.5233680009841919,13.276488304138184,0.29432225227355957,,0,-1
final,159912,ppo_rev12_114505,1048,goal,75,1.0,1.0,0.0,0.0,0.0,0.0,0.0,0.0,0.0,0.0,4.751588344573975,0.0,0.3813896179199219,6.185267448425293,0.29502931237220764,,0,-1
final,159912,ppo_rev12_114505,1049,goal,154,1.0,1.0,0.0,0.0,0.0,0.0,0.0,0.0,0.0,0.0,3.940699815750122,0.0,-1.0,15.181032180786133,0.27445080876350403,,0,-1
final,159912,ppo_rev12_114505,1050,goal,36,1.0,1.0,0.0,0.0,0.0,0.0,0.0,0.0,0.0,0.0,nan,0.0,-1.0,2.046450138092041,0.29088976979255676,,0,-1
final,159912,ppo_rev12_114505,1051,goal,61,1.0,1.0,0.0,0.0,0.0,0.0,0.0,0.0,0.0,0.0,3.5607738494873047,0.0,-1.0,6.032061576843262,0.22143200039863586,,0,-1
final,159912,ppo_rev12_114505,1052,goal,120,1.0,1.0,0.0,0.0,0.0,0.0,0.0,0.0,0.0,0.0,1.2035950422286987,0.0,-0.41360485553741455,8.490187644958496,0.2350211888551712,,0,-1
final,159912,ppo_rev12_114505,1053,goal,108,1.0,1.0,0.0,0.0,0.0,0.0,0.0,0.0,0.0,0.0,3.0366597175598145,0.0,-1.0,8.887417793273926,0.2989823818206787,,0,-1
final,159912,ppo_rev12_114505,1054,goal,76,1.0,1.0,0.0,0.0,0.0,0.0,0.0,0.0,0.0,0.0,4.052893161773682,0.0,-1.0,6.773712158203125,0.2587892711162567,,0,-1
final,159912,ppo_rev12_114505,1055,collision,5,-2.0,0.0,1.0,0.0,0.0,0.0,0.0,0.0,0.0,0.0,nan,0.0,1.0,0.4081989526748657,nan,obstacle,0,-1
final,159912,ppo_rev12_114505,1056,goal,69,1.0,1.0,0.0,0.0,0.0,0.0,0.0,0.0,0.0,0.07246376811594203,5.0385355949401855,0.0,-1.0,6.626080513000488,0.28661859035491943,,0,-1
final,159912,ppo_rev12_114505,1057,goal,119,1.0,1.0,0.0,0.0,0.0,0.0,0.0,0.0,0.0,0.0,1.02163827419281,0.0,-0.15998506546020508,8.74245834350586,0.13277608156204224,,0,-1
final,159912,ppo_rev12_114505,1058,goal,65,1.0,1.0,0.0,0.0,0.0,0.0,0.0,0.0,0.0,0.0,5.438708782196045,0.0,-1.0,6.469627380371094,0.2668783962726593,,0,-1
final,159912,ppo_rev12_114505,1059,goal,94,1.0,1.0,0.0,0.0,0.0,0.0,0.0,0.0,0.0,0.0,4.3214335441589355,0.0,-0.8370023965835571,8.512189865112305,0.2029515653848648,,0,-1
final,159912,ppo_rev12_114505,1060,goal,72,1.0,1.0,0.0,0.0,0.0,0.0,0.0,0.0,0.0,0.0,5.563539505004883,0.0,-1.0,7.889163970947266,0.11617572605609894,,0,-1
final,159912,ppo_rev12_114505,1061,goal,48,1.0,1.0,0.0,0.0,0.0,0.0,0.0,0.0,0.0,0.0,nan,0.0,-1.0,3.6549644470214844,0.29674360156059265,,0,-1
final,159912,ppo_rev12_114505,1062,goal,41,1.0,1.0,0.0,0.0,0.0,0.0,0.0,0.0,0.0,0.0,nan,0.0,-1.0,3.667126178741455,0.10566574335098267,,0,-1
final,159912,ppo_rev12_114505,1063,goal,67,1.0,1.0,0.0,0.0,0.0,0.0,0.0,0.0,0.0,0.0,5.006479263305664,0.0,-0.19735896587371826,6.235477924346924,0.28788670897483826,,0,-1
final,159912,ppo_rev12_114505,1064,goal,127,1.0,1.0,0.0,0.0,0.0,0.0,0.0,0.0,0.0,0.0,3.919175148010254,0.0,-0.44200432300567627,12.657966613769531,0.2825946807861328,,0,-1
final,159912,ppo_rev12_114505,1065,goal,65,1.0,1.0,0.0,0.0,0.0,0.0,0.0,0.0,0.0,0.0,3.2324297428131104,0.0,-1.0,5.726597785949707,0.20246478915214539,,0,-1
final,159912,ppo_rev12_114505,1066,goal,58,1.0,1.0,0.0,0.0,0.0,0.0,0.0,0.0,0.0,0.0,nan,0.0,-1.0,3.829150915145874,0.20835106074810028,,0,-1
final,159912,ppo_rev12_114505,1067,goal,98,1.0,1.0,0.0,0.0,0.0,0.0,0.0,0.0,0.0,0.0,5.544662952423096,0.0,-1.0,10.354095458984375,0.24913959205150604,,0,-1
final,159912,ppo_rev12_114505,1068,goal,75,1.0,1.0,0.0,0.0,0.0,0.0,0.0,0.0,0.0,0.0,4.589790344238281,0.0,-1.0,7.147176742553711,0.26074889302253723,,0,-1
final,159912,ppo_rev12_114505,1069,goal,59,1.0,1.0,0.0,0.0,0.0,0.0,0.0,0.0,0.0,0.0,nan,0.0,-1.0,6.145946979522705,0.14464469254016876,,0,-1
final,159912,ppo_rev12_114505,1070,goal,90,1.0,1.0,0.0,0.0,0.0,0.0,0.0,0.0,0.0,0.0,4.388065338134766,0.0,-1.0,9.350975036621094,0.24590210616588593,,0,-1
final,159912,ppo_rev12_114505,1071,goal,127,1.0,1.0,0.0,0.0,0.0,0.0,0.0,0.0,0.0,0.0,4.901617527008057,0.0,-0.36176252365112305,14.181407928466797,0.23341163992881775,,0,-1
final,159912,ppo_rev12_114505,1072,goal,118,1.0,1.0,0.0,0.0,0.0,0.0,0.0,0.0,0.0,0.0,5.029984951019287,0.0,0.05961853265762329,12.785789489746094,0.28518447279930115,,0,-1
final,159912,ppo_rev12_114505,1073,timeout,200,-0.5,0.0,0.0,0.0,0.0,1.0,0.0,0.0,0.0,0.0,1.2112170457839966,0.0,-0.09856009483337402,13.79623794555664,nan,,0,-1
final,159912,ppo_rev12_114505,1074,goal,69,1.0,1.0,0.0,0.0,0.0,0.0,0.0,0.0,0.0,0.0,3.5697550773620605,0.0,0.11796355247497559,4.5535502433776855,0.2682216465473175,,0,-1
final,159912,ppo_rev12_114505,1075,goal,87,1.0,1.0,0.0,0.0,0.0,0.0,0.0,0.0,0.0,0.0,4.2113213539123535,0.0,-0.37578797340393066,9.099885940551758,0.2659755349159241,,0,-1
final,159912,ppo_rev12_114505,1076,goal,104,1.0,1.0,0.0,0.0,0.0,0.0,0.0,0.0,0.0,0.0,3.750648260116577,0.0,-0.014509201049804688,10.600845336914062,0.13597309589385986,,0,-1
final,159912,ppo_rev12_114505,1077,goal,57,1.0,1.0,0.0,0.0,0.0,0.0,0.0,0.0,0.0,0.0,nan,0.0,-1.0,5.151172637939453,0.2542899250984192,,0,-1
final,159912,ppo_rev12_114505,1078,collision,10,-2.0,0.0,1.0,0.0,0.0,0.0,0.0,0.0,0.0,0.0,nan,0.0,1.0,1.0426249504089355,nan,obstacle,0,-1
final,159912,ppo_rev12_114505,1079,goal,65,1.0,1.0,0.0,0.0,0.0,0.0,0.0,0.0,0.0,0.03076923076923077,3.216338634490967,0.0,-1.0,6.255647659301758,0.28013941645622253,,0,-1
final,159912,ppo_rev12_114505,1080,goal,55,1.0,1.0,0.0,0.0,0.0,0.0,0.0,0.0,0.0,0.0,nan,0.0,-1.0,5.4088897705078125,0.2632901668548584,,0,-1
final,159912,ppo_rev12_114505,1081,collision,5,-2.0,0.0,1.0,0.0,0.0,0.0,0.0,0.0,0.0,0.0,nan,0.0,1.0,0.2746265232563019,nan,obstacle,0,-1
final,159912,ppo_rev12_114505,1082,goal,83,1.0,1.0,0.0,0.0,0.0,0.0,0.0,0.0,0.0,0.0,5.783506393432617,0.0,-1.0,8.773588180541992,0.23932817578315735,,0,-1
final,159912,ppo_rev12_114505,1083,goal,74,1.0,1.0,0.0,0.0,0.0,0.0,0.0,0.0,0.0,0.0,3.9728920459747314,0.0,0.48409247398376465,5.173872947692871,0.26302844285964966,,0,-1
final,159912,ppo_rev12_114505,1084,goal,55,1.0,1.0,0.0,0.0,0.0,0.0,0.0,0.0,0.0,0.0,nan,0.0,-1.0,5.125331401824951,0.28473415970802307,,0,-1
final,159912,ppo_rev12_114505,1085,goal,92,1.0,1.0,0.0,0.0,0.0,0.0,0.0,0.0,0.0,0.03260869565217391,3.6233556270599365,0.0,0.9821714162826538,7.660375118255615,0.2349224090576172,,0,-1
final,159912,ppo_rev12_114505,1086,goal,114,1.0,1.0,0.0,0.0,0.0,0.0,0.0,0.0,0.0,0.0,2.459604024887085,0.0,-0.27749884128570557,8.622197151184082,0.14940126240253448,,0,-1
final,159912,ppo_rev12_114505,1087,goal,75,1.0,1.0,0.0,0.0,0.0,0.0,0.0,0.0,0.0,0.0,4.439953804016113,0.0,-0.7303627729415894,5.976144313812256,0.2954055368900299,,0,-1
final,159912,ppo_rev12_114505,1088,goal,74,1.0,1.0,0.0,0.0,0.0,0.0,0.0,0.0,0.0,0.0,5.521402359008789,0.0,-0.5511389970779419,6.88950252532959,0.27462324500083923,,0,-1
final,159912,ppo_rev12_114505,1089,goal,64,1.0,1.0,0.0,0.0,0.0,0.0,0.0,0.0,0.0,0.0,4.416688919067383,0.0,-1.0,5.782309532165527,0.18587924540042877,,0,-1
final,159912,ppo_rev12_114505,1090,goal,74,1.0,1.0,0.0,0.0,0.0,0.0,0.0,0.0,0.0,0.0,4.965787410736084,0.0,-0.37355875968933105,7.402426719665527,0.2581152617931366,,0,-1
final,159912,ppo_rev12_114505,1091,goal,120,1.0,1.0,0.0,0.0,0.0,0.0,0.0,0.0,0.0,0.0,3.395077705383301,0.0,-1.0,11.098518371582031,0.273599237203598,,0,-1
final,159912,ppo_rev12_114505,1092,goal,106,1.0,1.0,0.0,0.0,0.0,0.0,0.0,0.0,0.0,0.0,2.152806043624878,0.0,-1.0,7.898210048675537,0.08886586129665375,,0,-1
final,159912,ppo_rev12_114505,1093,goal,52,1.0,1.0,0.0,0.0,0.0,0.0,0.0,0.0,0.0,0.0,nan,0.0,-1.0,4.536981582641602,0.2568959891796112,,0,-1
final,159912,ppo_rev12_114505,1094,goal,102,1.0,1.0,0.0,0.0,0.0,0.0,0.0,0.0,0.0,0.0,4.550782203674316,0.0,-1.0,10.252155303955078,0.2936296761035919,,0,-1
final,159912,ppo_rev12_114505,1095,goal,180,1.0,1.0,0.0,0.0,0.0,0.0,0.0,0.0,0.0,0.0,1.6058800220489502,0.0,0.2040807604789734,12.263481140136719,0.10500626266002655,,0,-1
final,159912,ppo_rev12_114505,1096,goal,46,1.0,1.0,0.0,0.0,0.0,0.0,0.0,0.0,0.0,0.0,nan,0.0,-1.0,4.255763053894043,0.23639525473117828,,0,-1
final,159912,ppo_rev12_114505,1097,collision,6,-2.0,0.0,1.0,0.0,0.0,0.0,0.0,0.0,0.0,0.16666666666666666,nan,0.0,1.0,0.5150867700576782,nan,obstacle,0,-1
final,159912,ppo_rev12_114505,1098,timeout,200,-0.5,0.0,0.0,0.0,0.0,1.0,0.0,0.0,0.0,0.0,0.6223708391189575,0.0,-1.0,17.026702880859375,nan,,0,-1
final,159912,ppo_rev12_114505,1099,goal,77,1.0,1.0,0.0,0.0,0.0,0.0,0.0,0.0,0.0,0.0,6.033021926879883,0.0,-1.0,8.339052200317383,0.258978009223938,,0,-1
final,159912,ppo_rev12_114505,1100,timeout,200,-0.5,0.0,0.0,0.0,0.0,1.0,0.0,0.0,0.0,0.0,0.2786387801170349,0.0,0.8050343990325928,7.531461715698242,nan,,0,-1
final,159912,ppo_rev12_114505,1101,goal,70,1.0,1.0,0.0,0.0,0.0,0.0,0.0,0.0,0.0,0.0,4.725484848022461,0.0,0.6600127220153809,6.0610809326171875,0.2919703722000122,,0,-1
final,159912,ppo_rev12_114505,1102,goal,108,1.0,1.0,0.0,0.0,0.0,0.0,0.0,0.0,0.0,0.0,4.664587020874023,0.0,-1.0,10.453222274780273,0.2683108448982239,,0,-1
final,159912,ppo_rev12_114505,1103,goal,47,1.0,1.0,0.0,0.0,0.0,0.0,0.0,0.0,0.0,0.0,nan,0.0,-1.0,4.267881870269775,0.28251853585243225,,0,-1
final,159912,ppo_rev12_114505,1104,stuck,159,-1.0,0.0,0.0,0.0,1.0,0.0,0.0,0.0,0.0,0.0,0.04028209298849106,0.0,-1.0,8.340703964233398,nan,,0,-1
final,159912,ppo_rev12_114505,1105,collision,59,-2.0,0.0,1.0,0.0,0.0,0.0,0.0,0.0,0.0,0.0,nan,0.0,1.0,7.195220947265625,nan,obstacle,2,11
final,159912,ppo_rev12_114505,1106,goal,48,1.0,1.0,0.0,0.0,0.0,0.0,0.0,0.0,0.0,0.0,nan,0.0,-1.0,4.1110429763793945,0.2614005208015442,,0,-1
final,159912,ppo_rev12_114505,1107,collision,46,-2.0,0.0,1.0,0.0,0.0,0.0,0.0,0.0,0.0,0.0,nan,0.0,1.0,3.485785722732544,nan,obstacle,0,-1
final,159912,ppo_rev12_114505,1108,collision,6,-2.0,0.0,1.0,0.0,0.0,0.0,0.0,0.0,0.0,0.0,nan,0.0,1.0,0.3538016378879547,nan,obstacle,0,-1
final,159912,ppo_rev12_114505,1109,goal,160,1.0,1.0,0.0,0.0,0.0,0.0,0.0,0.0,0.0,0.0,1.3822308778762817,0.0,0.008112967014312744,12.866436004638672,0.25996118783950806,,0,-1
final,159912,ppo_rev12_114505,1110,goal,77,1.0,1.0,0.0,0.0,0.0,0.0,0.0,0.0,0.0,0.0,5.79202127456665,0.0,-1.0,8.084680557250977,0.2874355912208557,,0,-1
final,159912,ppo_rev12_114505,1111,goal,62,1.0,1.0,0.0,0.0,0.0,0.0,0.0,0.0,0.0,0.06451612903225806,5.549208641052246,0.0,0.8837222456932068,6.211710453033447,0.22476936876773834,,0,-1
final,159912,ppo_rev12_114505,1112,goal,71,1.0,1.0,0.0,0.0,0.0,0.0,0.0,0.0,0.0,0.0,5.199009895324707,0.0,-0.3011360168457031,6.7725677490234375,0.288930207490921,,0,-1
final,159912,ppo_rev12_114505,1113,goal,81,1.0,1.0,0.0,0.0,0.0,0.0,0.0,0.0,0.0,0.0,5.476199150085449,0.0,-0.4298793077468872,7.649269104003906,0.2900070548057556,,0,-1
final,159912,ppo_rev12_114505,1114,goal,46,1.0,1.0,0.0,0.0,0.0,0.0,0.0,0.0,0.0,0.0,nan,0.0,0.758655309677124,3.200218677520752,0.27042150497436523,,0,-1
final,159912,ppo_rev12_114505,1115,goal,104,1.0,1.0,0.0,0.0,0.0,0.0,0.0,0.0,0.0,0.0,4.187134742736816,0.0,-0.9360144138336182,10.17213249206543,0.2554198205471039,,0,-1
final,159912,ppo_rev12_114505,1116,goal,93,1.0,1.0,0.0,0.0,0.0,0.0,0.0,0.0,0.0,0.0,4.711659908294678,0.0,-0.5098428726196289,9.285144805908203,0.28193920850753784,,0,-1
final,159912,ppo_rev12_114505,1117,goal,106,1.0,1.0,0.0,0.0,0.0,0.0,0.0,0.0,0.0,0.0,3.4327597618103027,0.0,-1.0,10.01246166229248,0.27881649136543274,,0,-1
final,159912,ppo_rev12_114505,1118,goal,93,1.0,1.0,0.0,0.0,0.0,0.0,0.0,0.0,0.0,0.0,3.4631574153900146,0.0,-1.0,7.792385578155518,0.23122701048851013,,0,-1
final,159912,ppo_rev12_114505,1119,goal,88,1.0,1.0,0.0,0.0,0.0,0.0,0.0,0.0,0.0,0.022727272727272728,4.7483811378479,0.0,-1.0,8.988484382629395,0.1095767617225647,,0,-1
final,159912,ppo_rev12_114505,1120,goal,48,1.0,1.0,0.0,0.0,0.0,0.0,0.0,0.0,0.0,0.0,nan,0.0,-1.0,3.6510252952575684,0.27305901050567627,,0,-1
final,159912,ppo_rev12_114505,1121,goal,73,1.0,1.0,0.0,0.0,0.0,0.0,0.0,0.0,0.0,0.0,5.857180118560791,0.0,-1.0,7.353069305419922,0.24158875644207,,0,-1
final,159912,ppo_rev12_114505,1122,goal,64,1.0,1.0,0.0,0.0,0.0,0.0,0.0,0.0,0.0,0.015625,5.288152694702148,0.0,-1.0,6.4666643142700195,0.2508356273174286,,0,-1
final,159912,ppo_rev12_114505,1123,goal,130,1.0,1.0,0.0,0.0,0.0,0.0,0.0,0.0,0.0,0.0,4.3441948890686035,0.0,-1.0,13.573198318481445,0.2922181785106659,,0,-1
final,159912,ppo_rev12_114505,1124,goal,114,1.0,1.0,0.0,0.0,0.0,0.0,0.0,0.0,0.0,0.0,4.021621227264404,0.0,-0.7188974618911743,9.845425605773926,0.29445523023605347,,0,-1
final,159912,ppo_rev12_114505,1125,goal,72,1.0,1.0,0.0,0.0,0.0,0.0,0.0,0.0,0.0,0.0,4.681192398071289,0.0,-1.0,6.871325492858887,0.26487863063812256,,0,-1
final,159912,ppo_rev12_114505,1126,goal,70,1.0,1.0,0.0,0.0,0.0,0.0,0.0,0.0,0.0,0.0,4.62272834777832,0.0,-0.6288096904754639,5.941343784332275,0.2891824543476105,,0,-1
final,159912,ppo_rev12_114505,1127,goal,94,1.0,1.0,0.0,0.0,0.0,0.0,0.0,0.0,0.0,0.02127659574468085,3.8429596424102783,0.0,0.1189919114112854,7.970237731933594,0.2587176561355591,,0,-1
final,159912,ppo_rev12_114505,1128,goal,61,1.0,1.0,0.0,0.0,0.0,0.0,0.0,0.0,0.0,0.0,2.9691507816314697,0.0,-1.0,4.730218887329102,0.2964042127132416,,0,-1
final,159912,ppo_rev12_114505,1129,goal,77,1.0,1.0,0.0,0.0,0.0,0.0,0.0,0.0,0.0,0.0,5.370116710662842,0.0,0.15930336713790894,7.5521650314331055,0.2721960246562958,,0,-1
final,159912,ppo_rev12_114505,1130,goal,75,1.0,1.0,0.0,0.0,0.0,0.0,0.0,0.0,0.0,0.0,3.433408260345459,0.0,-0.8584425449371338,7.098603248596191,0.27404943108558655,,0,-1
final,159912,ppo_rev12_114505,1131,goal,49,1.0,1.0,0.0,0.0,0.0,0.0,0.0,0.0,0.0,0.0,nan,0.0,-1.0,4.146396636962891,0.2826360762119293,,0,-1
final,159912,ppo_rev12_114505,1132,collision,5,-2.0,0.0,1.0,0.0,0.0,0.0,0.0,0.0,0.0,0.0,nan,0.0,1.0,0.4780798554420471,nan,obstacle,0,-1
final,159912,ppo_rev12_114505,1133,goal,83,1.0,1.0,0.0,0.0,0.0,0.0,0.0,0.0,0.0,0.0,5.077051639556885,0.0,-0.6871532201766968,7.855335235595703,0.1523219496011734,,0,-1
final,159912,ppo_rev12_114505,1134,goal,71,1.0,1.0,0.0,0.0,0.0,0.0,0.0,0.0,0.0,0.0,5.756514549255371,0.0,-1.0,7.180163383483887,0.29382017254829407,,0,-1
final,159912,ppo_rev12_114505,1135,goal,81,1.0,1.0,0.0,0.0,0.0,0.0,0.0,0.0,0.0,0.0,4.087432861328125,0.0,-1.0,6.412416458129883,0.2714320123195648,,0,-1
final,159912,ppo_rev12_114505,1136,goal,69,1.0,1.0,0.0,0.0,0.0,0.0,0.0,0.0,0.0,0.0,3.674234390258789,0.0,-1.0,6.366893768310547,0.16668769717216492,,0,-1
final,159912,ppo_rev12_114505,1137,goal,91,1.0,1.0,0.0,0.0,0.0,0.0,0.0,0.0,0.0,0.0,5.638729095458984,0.0,-0.07933485507965088,10.005753517150879,0.28459784388542175,,0,-1
final,159912,ppo_rev12_114505,1138,goal,68,1.0,1.0,0.0,0.0,0.0,0.0,0.0,0.0,0.0,0.0,4.279966354370117,0.0,-1.0,6.432414531707764,0.25452426075935364,,0,-1
final,159912,ppo_rev12_114505,1139,goal,80,1.0,1.0,0.0,0.0,0.0,0.0,0.0,0.0,0.0,0.0,6.102443218231201,0.0,-0.17336750030517578,8.81214427947998,0.23796802759170532,,0,-1
final,159912,ppo_rev12_114505,1140,goal,67,1.0,1.0,0.0,0.0,0.0,0.0,0.0,0.0,0.0,0.0,2.932647466659546,0.0,-1.0,6.355486869812012,0.27359437942504883,,0,-1
final,159912,ppo_rev12_114505,1141,goal,69,1.0,1.0,0.0,0.0,0.0,0.0,0.0,0.0,0.0,0.0,4.40824031829834,0.0,-1.0,6.334784507751465,0.1470554918050766,,0,-1
final,159912,ppo_rev12_114505,1142,goal,79,1.0,1.0,0.0,0.0,0.0,0.0,0.0,0.0,0.0,0.0,6.035221576690674,0.0,0.19506549835205078,7.73523473739624,0.18586300313472748,,0,-1
final,159912,ppo_rev12_114505,1143,goal,39,1.0,1.0,0.0,0.0,0.0,0.0,0.0,0.0,0.0,0.0,nan,0.0,-1.0,2.4544034004211426,0.2943710386753082,,0,-1
final,159912,ppo_rev12_114505,1144,goal,84,1.0,1.0,0.0,0.0,0.0,0.0,0.0,0.0,0.0,0.0,3.3210177421569824,0.0,-1.0,7.098254203796387,0.2752179205417633,,0,-1
final,159912,ppo_rev12_114505,1145,goal,63,1.0,1.0,0.0,0.0,0.0,0.0,0.0,0.0,0.0,0.0,1.8441153764724731,0.0,-1.0,4.388403415679932,0.25132372975349426,,0,-1
final,159912,ppo_rev12_114505,1146,goal,64,1.0,1.0,0.0,0.0,0.0,0.0,0.0,0.0,0.0,0.0,3.602595567703247,0.0,-0.8132684230804443,5.696433067321777,0.2964574098587036,,0,-1
final,159912,ppo_rev12_114505,1147,goal,69,1.0,1.0,0.0,0.0,0.0,0.0,0.0,0.0,0.0,0.0,6.4221510887146,0.0,-1.0,7.470735549926758,0.28954556584358215,,0,-1
final,159912,ppo_rev12_114505,1148,goal,68,1.0,1.0,0.0,0.0,0.0,0.0,0.0,0.0,0.0,0.0,4.465418815612793,0.0,-1.0,6.942802906036377,0.2968021631240845,,0,-1
final,159912,ppo_rev12_114505,1149,goal,65,1.0,1.0,0.0,0.0,0.0,0.0,0.0,0.0,0.0,0.0,4.302412986755371,0.0,-0.11787867546081543,6.159421920776367,0.27815553545951843,,0,-1
final,159912,ppo_rev12_114505,1150,goal,69,1.0,1.0,0.0,0.0,0.0,0.0,0.0,0.0,0.0,0.0,3.9815785884857178,0.0,-1.0,6.379809379577637,0.2676422894001007,,0,-1
final,159912,ppo_rev12_114505,1151,goal,58,1.0,1.0,0.0,0.0,0.0,0.0,0.0,0.0,0.0,0.0,nan,0.0,-1.0,5.480481147766113,0.23002973198890686,,0,-1
final,159912,ppo_rev12_114505,1152,goal,74,1.0,1.0,0.0,0.0,0.0,0.0,0.0,0.0,0.0,0.0,4.946453094482422,0.0,-0.08212852478027344,7.437434196472168,0.29740846157073975,,0,-1
final,159912,ppo_rev12_114505,1153,goal,153,1.0,1.0,0.0,0.0,0.0,0.0,0.0,0.0,0.0,0.0,2.9330577850341797,0.0,-1.0,13.394357681274414,0.2586112916469574,,0,-1
final,159912,ppo_rev12_114505,1154,goal,61,1.0,1.0,0.0,0.0,0.0,0.0,0.0,0.0,0.0,0.0,4.0690202713012695,0.0,-1.0,4.986570358276367,0.28908801078796387,,0,-1
final,159912,ppo_rev12_114505,1155,goal,74,1.0,1.0,0.0,0.0,0.0,0.0,0.0,0.0,0.0,0.0,5.94813871383667,0.0,-1.0,7.721344947814941,0.2609146237373352,,0,-1
final,159912,ppo_rev12_114505,1156,timeout,200,-0.5,0.0,0.0,0.0,0.0,1.0,0.0,0.0,0.0,0.0,0.5854752063751221,0.0,-0.4639362096786499,10.634737014770508,nan,,0,-1
final,159912,ppo_rev12_114505,1157,goal,57,1.0,1.0,0.0,0.0,0.0,0.0,0.0,0.0,0.0,0.0,nan,0.0,-1.0,4.663259506225586,0.2872377336025238,,0,-1
final,159912,ppo_rev12_114505,1158,goal,55,1.0,1.0,0.0,0.0,0.0,0.0,0.0,0.0,0.0,0.0,nan,0.0,-1.0,5.125910758972168,0.2588023543357849,,0,-1
final,159912,ppo_rev12_114505,1159,goal,95,1.0,1.0,0.0,0.0,0.0,0.0,0.0,0.0,0.0,0.0,3.1111042499542236,0.0,0.43567341566085815,7.756839752197266,0.23758888244628906,,0,-1
final,159912,ppo_rev12_114505,1160,goal,92,1.0,1.0,0.0,0.0,0.0,0.0,0.0,0.0,0.0,0.0,5.1362152099609375,0.0,-1.0,9.357301712036133,0.2498212307691574,,0,-1
final,159912,ppo_rev12_114505,1161,goal,89,1.0,1.0,0.0,0.0,0.0,0.0,0.0,0.0,0.0,0.0,5.8791279792785645,0.0,-1.0,9.701497077941895,0.2794457674026489,,0,-1
final,159912,ppo_rev12_114505,1162,goal,133,1.0,1.0,0.0,0.0,0.0,0.0,0.0,0.0,0.0,0.0,5.059248924255371,0.0,-0.3076871633529663,13.964254379272461,0.297605037689209,,0,-1
final,159912,ppo_rev12_114505,1163,goal,80,1.0,1.0,0.0,0.0,0.0,0.0,0.0,0.0,0.0,0.0,4.89743709564209,0.0,-0.8005222082138062,7.814791679382324,0.28176063299179077,,0,-1
final,159912,ppo_rev12_114505,1164,goal,46,1.0,1.0,0.0,0.0,0.0,0.0,0.0,0.0,0.0,0.0,nan,0.0,-1.0,3.707294225692749,0.29514819383621216,,0,-1
final,159912,ppo_rev12_114505,1165,goal,65,1.0,1.0,0.0,0.0,0.0,0.0,0.0,0.0,0.0,0.0,4.367023468017578,0.0,-1.0,6.320637226104736,0.2821425497531891,,0,-1
final,159912,ppo_rev12_114505,1166,goal,52,1.0,1.0,0.0,0.0,0.0,0.0,0.0,0.0,0.0,0.0,nan,0.0,-1.0,4.529878616333008,0.11041533946990967,,0,-1
final,159912,ppo_rev12_114505,1167,goal,39,1.0,1.0,0.0,0.0,0.0,0.0,0.0,0.0,0.0,0.0,nan,0.0,-1.0,3.0385799407958984,0.29725393652915955,,0,-1
final,159912,ppo_rev12_114505,1168,goal,64,1.0,1.0,0.0,0.0,0.0,0.0,0.0,0.0,0.0,0.0,4.490138053894043,0.0,-1.0,6.038338661193848,0.2598867118358612,,0,-1
final,159912,ppo_rev12_114505,1169,goal,171,1.0,1.0,0.0,0.0,0.0,0.0,0.0,0.0,0.0,0.005847953216374269,1.5111973285675049,0.0,0.6675368547439575,13.16571044921875,0.2741522490978241,,1,9
final,159912,ppo_rev12_114505,1170,goal,90,1.0,1.0,0.0,0.0,0.0,0.0,0.0,0.0,0.0,0.0,4.6130051612854,0.0,-0.15666115283966064,9.0206937789917,0.2904399335384369,,0,-1
final,159912,ppo_rev12_114505,1171,goal,90,1.0,1.0,0.0,0.0,0.0,0.0,0.0,0.0,0.0,0.0,4.696691989898682,0.0,-0.7410377264022827,9.446244239807129,0.2822358310222626,,1,8
final,159912,ppo_rev12_114505,1172,goal,87,1.0,1.0,0.0,0.0,0.0,0.0,0.0,0.0,0.0,0.0,5.450143337249756,0.0,-1.0,8.565027236938477,0.23996424674987793,,0,-1
final,159912,ppo_rev12_114505,1173,goal,56,1.0,1.0,0.0,0.0,0.0,0.0,0.0,0.0,0.0,0.0,nan,0.0,-1.0,5.4077467918396,0.282779335975647,,0,-1
final,159912,ppo_rev12_114505,1174,goal,132,1.0,1.0,0.0,0.0,0.0,0.0,0.0,0.0,0.0,0.0,4.5884175300598145,0.0,-0.07252228260040283,13.316980361938477,0.27417224645614624,,0,-1
final,159912,ppo_rev12_114505,1175,goal,145,1.0,1.0,0.0,0.0,0.0,0.0,0.0,0.0,0.0,0.0,3.2090978622436523,0.0,0.8642683029174805,12.641626358032227,0.24921797215938568,,0,-1
final,159912,ppo_rev12_114505,1176,goal,108,1.0,1.0,0.0,0.0,0.0,0.0,0.0,0.0,0.0,0.0,1.9917659759521484,0.0,-0.7042398452758789,8.289654731750488,0.2993391454219818,,0,-1
final,159912,ppo_rev12_114505,1177,goal,47,1.0,1.0,0.0,0.0,0.0,0.0,0.0,0.0,0.0,0.0,nan,0.0,-0.24593937397003174,3.087085008621216,0.2868002653121948,,0,-1
final,159912,ppo_rev12_114505,1178,goal,129,1.0,1.0,0.0,0.0,0.0,0.0,0.0,0.0,0.0,0.0,5.152314186096191,0.0,-0.6569701433181763,13.616985321044922,0.2693551778793335,,0,-1
final,159912,ppo_rev12_114505,1179,goal,100,1.0,1.0,0.0,0.0,0.0,0.0,0.0,0.0,0.0,0.0,4.100470542907715,0.0,-1.0,9.486700057983398,0.25133228302001953,,0,-1
final,159912,ppo_rev12_114505,1180,goal,102,1.0,1.0,0.0,0.0,0.0,0.0,0.0,0.0,0.0,0.0,4.101009845733643,0.0,-0.5026360750198364,8.663122177124023,0.2579306364059448,,0,-1
final,159912,ppo_rev12_114505,1181,collision,10,-2.0,0.0,1.0,0.0,0.0,0.0,0.0,0.0,0.0,0.0,nan,0.0,1.0,1.0094108581542969,nan,obstacle,0,-1
final,159912,ppo_rev12_114505,1182,goal,118,1.0,1.0,0.0,0.0,0.0,0.0,0.0,0.0,0.0,0.0,4.840705871582031,0.0,-1.0,12.460269927978516,0.16031041741371155,,0,-1
final,159912,ppo_rev12_114505,1183,goal,92,1.0,1.0,0.0,0.0,0.0,0.0,0.0,0.0,0.0,0.021739130434782608,3.6355679035186768,0.0,-1.0,8.237539291381836,0.26617228984832764,,0,-1
final,159912,ppo_rev12_114505,1184,goal,60,1.0,1.0,0.0,0.0,0.0,0.0,0.0,0.0,0.0,0.0,4.809493064880371,0.0,-1.0,5.503559589385986,0.24833697080612183,,0,-1
final,159912,ppo_rev12_114505,1185,goal,104,1.0,1.0,0.0,0.0,0.0,0.0,0.0,0.0,0.0,0.0,4.59855318069458,0.0,-0.6996375322341919,10.482185363769531,0.13474386930465698,,0,-1
final,159912,ppo_rev12_114505,1186,goal,59,1.0,1.0,0.0,0.0,0.0,0.0,0.0,0.0,0.0,0.0,nan,0.0,-1.0,5.538153648376465,0.29037564992904663,,0,-1
final,159912,ppo_rev12_114505,1187,goal,53,1.0,1.0,0.0,0.0,0.0,0.0,0.0,0.0,0.0,0.0,nan,0.0,-1.0,5.075870990753174,0.2867511808872223,,0,-1
final,159912,ppo_rev12_114505,1188,goal,91,1.0,1.0,0.0,0.0,0.0,0.0,0.0,0.0,0.0,0.0,5.370405673980713,0.0,-1.0,10.349067687988281,0.19817839562892914,,0,-1
final,159912,ppo_rev12_114505,1189,goal,70,1.0,1.0,0.0,0.0,0.0,0.0,0.0,0.0,0.0,0.0,5.183650493621826,0.0,-0.03546106815338135,6.497997283935547,0.2822774350643158,,0,-1
final,159912,ppo_rev12_114505,1190,goal,139,1.0,1.0,0.0,0.0,0.0,0.0,0.0,0.0,0.0,0.0,3.154439926147461,0.0,-1.0,13.73259162902832,0.2863452434539795,,1,6
final,159912,ppo_rev12_114505,1191,goal,105,1.0,1.0,0.0,0.0,0.0,0.0,0.0,0.0,0.0,0.0,3.2888126373291016,0.0,0.33110660314559937,8.339704513549805,0.29339638352394104,,0,-1
final,159912,ppo_rev12_114505,1192,goal,84,1.0,1.0,0.0,0.0,0.0,0.0,0.0,0.0,0.0,0.0,5.28557014465332,0.0,-1.0,9.425065040588379,0.29776597023010254,,0,-1
final,159912,ppo_rev12_114505,1193,goal,82,1.0,1.0,0.0,0.0,0.0,0.0,0.0,0.0,0.0,0.0,4.486670017242432,0.0,-1.0,8.309638023376465,0.27727368474006653,,0,-1
final,159912,ppo_rev12_114505,1194,goal,79,1.0,1.0,0.0,0.0,0.0,0.0,0.0,0.0,0.0,0.02531645569620253,3.970703363418579,0.0,-1.0,7.6460466384887695,0.2652224004268646,,0,-1
final,159912,ppo_rev12_114505,1195,collision,90,-2.0,0.0,1.0,0.0,0.0,0.0,0.0,0.0,0.0,0.03333333333333333,2.8937554359436035,0.0,1.0,7.37837028503418,nan,obstacle,0,-1
final,159912,ppo_rev12_114505,1196,goal,162,1.0,1.0,0.0,0.0,0.0,0.0,0.0,0.0,0.0,0.0,3.514108896255493,0.0,0.66587233543396,15.323506355285645,0.2989969253540039,,0,-1
final,159912,ppo_rev12_114505,1197,goal,83,1.0,1.0,0.0,0.0,0.0,0.0,0.0,0.0,0.0,0.0,4.4545817375183105,0.0,-1.0,8.423580169677734,0.24219965934753418,,0,-1
final,159912,ppo_rev12_114505,1198,goal,99,1.0,1.0,0.0,0.0,0.0,0.0,0.0,0.0,0.0,0.0,5.076600551605225,0.0,-1.0,9.678861618041992,0.27197006344795227,,0,-1
final,159912,ppo_rev12_114505,1199,goal,94,1.0,1.0,0.0,0.0,0.0,0.0,0.0,0.0,0.0,0.010638297872340425,4.86644172668457,0.0,-1.0,9.369306564331055,0.29767364263534546,,0,-1
final,159912,ppo_rev12_114505,1200,goal,74,1.0,1.0,0.0,0.0,0.0,0.0,0.0,0.0,0.0,0.0,5.2752275466918945,0.0,-0.5840882062911987,7.718661785125732,0.234629288315773,,0,-1
final,159912,ppo_rev12_114505,1201,goal,56,1.0,1.0,0.0,0.0,0.0,0.0,0.0,0.0,0.0,0.0,nan,0.0,-0.8135292530059814,4.288149833679199,0.28699520230293274,,0,-1
final,159912,ppo_rev12_114505,1202,goal,84,1.0,1.0,0.0,0.0,0.0,0.0,0.0,0.0,0.0,0.0,3.8351643085479736,0.0,-0.41047441959381104,6.7371625900268555,0.2675374448299408,,0,-1
final,159912,ppo_rev12_114505,1203,goal,136,1.0,1.0,0.0,0.0,0.0,0.0,0.0,0.0,0.0,0.0,4.642880439758301,0.0,-0.6729600429534912,14.673789978027344,0.13325372338294983,,0,-1
final,159912,ppo_rev12_114505,1204,goal,73,1.0,1.0,0.0,0.0,0.0,0.0,0.0,0.0,0.0,0.0,3.6931962966918945,0.0,-1.0,5.722622871398926,0.29020920395851135,,0,-1
final,159912,ppo_rev12_114505,1205,collision,10,-2.0,0.0,1.0,0.0,0.0,0.0,0.0,0.0,0.0,0.0,nan,0.0,1.0,0.9989587068557739,nan,obstacle,0,-1
final,159912,ppo_rev12_114505,1206,goal,54,1.0,1.0,0.0,0.0,0.0,0.0,0.0,0.0,0.0,0.0,nan,0.0,-1.0,4.5991315841674805,0.2523820102214813,,0,-1
final,159912,ppo_rev12_114505,1207,goal,79,1.0,1.0,0.0,0.0,0.0,0.0,0.0,0.0,0.0,0.0,5.40782356262207,0.0,-1.0,8.447219848632812,0.269023597240448,,0,-1
final,159912,ppo_rev12_114505,1208,goal,200,1.0,1.0,0.0,0.0,0.0,0.0,0.0,0.0,0.0,0.0,0.32326582074165344,0.0,0.6753160953521729,8.654194831848145,0.2369832545518875,,0,-1
final,159912,ppo_rev12_114505,1209,goal,94,1.0,1.0,0.0,0.0,0.0,0.0,0.0,0.0,0.0,0.0,4.59802770614624,0.0,-1.0,9.560047149658203,0.2606917917728424,,0,-1
final,159912,ppo_rev12_114505,1210,goal,82,1.0,1.0,0.0,0.0,0.0,0.0,0.0,0.0,0.0,0.0,4.666125774383545,0.0,-1.0,9.007225036621094,0.2952549457550049,,1,6
final,159912,ppo_rev12_114505,1211,goal,91,1.0,1.0,0.0,0.0,0.0,0.0,0.0,0.0,0.0,0.0,5.028414726257324,0.0,-0.6342114210128784,8.821504592895508,0.10451381653547287,,0,-1
final,159912,ppo_rev12_114505,1212,goal,73,1.0,1.0,0.0,0.0,0.0,0.0,0.0,0.0,0.0,0.0,3.7755722999572754,0.0,-1.0,5.029421329498291,0.2351795732975006,,0,-1
final,159912,ppo_rev12_114505,1213,goal,194,1.0,1.0,0.0,0.0,0.0,0.0,0.0,0.0,0.0,0.005154639175257732,2.0117177963256836,0.0,0.26119232177734375,17.33767318725586,0.286111056804657,,1,9
final,159912,ppo_rev12_114505,1214,goal,65,1.0,1.0,0.0,0.0,0.0,0.0,0.0,0.0,0.0,0.0,5.265079975128174,0.0,-0.4425690174102783,6.682076930999756,0.22191405296325684,,0,-1
final,159912,ppo_rev12_114505,1215,goal,51,1.0,1.0,0.0,0.0,0.0,0.0,0.0,0.0,0.0,0.0,nan,0.0,-1.0,3.538654327392578,0.27670425176620483,,0,-1
final,159912,ppo_rev12_114505,1216,goal,81,1.0,1.0,0.0,0.0,0.0,0.0,0.0,0.0,0.0,0.0,3.821263551712036,0.0,-0.7400755882263184,7.3922295570373535,0.2429608404636383,,0,-1
final,159912,ppo_rev12_114505,1217,goal,59,1.0,1.0,0.0,0.0,0.0,0.0,0.0,0.0,0.0,0.0,nan,0.0,-1.0,5.337385654449463,0.27063044905662537,,0,-1
final,159912,ppo_rev12_114505,1218,goal,105,1.0,1.0,0.0,0.0,0.0,0.0,0.0,0.0,0.0,0.0,2.3959572315216064,0.0,0.4633527994155884,9.043228149414062,0.28670597076416016,,0,-1
final,159912,ppo_rev12_114505,1219,goal,69,1.0,1.0,0.0,0.0,0.0,0.0,0.0,0.0,0.0,0.0,4.917324542999268,0.0,-1.0,5.860477447509766,0.2626088857650757,,0,-1
final,159912,ppo_rev12_114505,1220,goal,56,1.0,1.0,0.0,0.0,0.0,0.0,0.0,0.0,0.0,0.0,nan,0.0,-0.9494870901107788,4.586814880371094,0.2672885060310364,,0,-1
final,159912,ppo_rev12_114505,1221,goal,96,1.0,1.0,0.0,0.0,0.0,0.0,0.0,0.0,0.0,0.0,5.669377326965332,0.0,-0.3314253091812134,10.812819480895996,0.2141924649477005,,0,-1
final,159912,ppo_rev12_114505,1222,goal,107,1.0,1.0,0.0,0.0,0.0,0.0,0.0,0.0,0.0,0.0,3.5782861709594727,0.0,-1.0,10.529074668884277,0.24456071853637695,,0,-1
final,159912,ppo_rev12_114505,1223,goal,109,1.0,1.0,0.0,0.0,0.0,0.0,0.0,0.0,0.0,0.0,1.4953320026397705,0.0,-0.20421838760375977,8.681583404541016,0.26828694343566895,,0,-1
final,159912,ppo_rev12_114505,1224,goal,94,1.0,1.0,0.0,0.0,0.0,0.0,0.0,0.0,0.0,0.0,5.034451961517334,0.0,-1.0,9.382692337036133,0.2779138386249542,,0,-1
final,159912,ppo_rev12_114505,1225,goal,112,1.0,1.0,0.0,0.0,0.0,0.0,0.0,0.0,0.0,0.0,3.725203514099121,0.0,-1.0,12.17587947845459,0.297393798828125,,0,-1
final,159912,ppo_rev12_114505,1226,goal,50,1.0,1.0,0.0,0.0,0.0,0.0,0.0,0.0,0.0,0.0,nan,0.0,-1.0,4.219391345977783,0.2813165783882141,,0,-1
final,159912,ppo_rev12_114505,1227,collision,24,-2.0,0.0,1.0,0.0,0.0,0.0,0.0,0.0,0.0,0.0,nan,0.0,1.0,2.8240137100219727,nan,obstacle,0,-1
final,159912,ppo_rev12_114505,1228,collision,54,-2.0,0.0,1.0,0.0,0.0,0.0,0.0,0.0,0.0,0.0,nan,0.0,1.0,4.6492838859558105,nan,obstacle,0,-1
final,159912,ppo_rev12_114505,1229,goal,82,1.0,1.0,0.0,0.0,0.0,0.0,0.0,0.0,0.0,0.0,4.4519524574279785,0.0,-1.0,6.254891395568848,0.28795167803764343,,0,-1
final,159912,ppo_rev12_114505,1230,goal,151,1.0,1.0,0.0,0.0,0.0,0.0,0.0,0.0,0.0,0.0,3.8016457557678223,0.0,-1.0,15.775735855102539,0.22630564868450165,,0,-1
final,159912,ppo_rev12_114505,1231,collision,73,-2.0,0.0,1.0,0.0,0.0,0.0,0.0,0.0,0.0,0.0410958904109589,5.133842468261719,0.0,1.0,6.927725791931152,nan,obstacle,0,-1
final,159912,ppo_rev12_114505,1232,stuck,122,-1.0,0.0,0.0,0.0,1.0,0.0,0.0,0.0,0.0,0.0,0.005617128219455481,0.0,-1.0,6.7080888748168945,nan,,0,-1
final,159912,ppo_rev12_114505,1233,collision,10,-2.0,0.0,1.0,0.0,0.0,0.0,0.0,0.0,0.0,0.0,nan,0.0,1.0,1.1545122861862183,nan,obstacle,0,-1
final,159912,ppo_rev12_114505,1234,goal,58,1.0,1.0,0.0,0.0,0.0,0.0,0.0,0.0,0.0,0.0,nan,0.0,-1.0,5.430052757263184,0.2982936501502991,,0,-1
final,159912,ppo_rev12_114505,1235,goal,106,1.0,1.0,0.0,0.0,0.0,0.0,0.0,0.0,0.0,0.0,2.0560779571533203,0.0,-0.5368732213973999,9.143434524536133,0.2849457263946533,,0,-1
final,159912,ppo_rev12_114505,1236,goal,89,1.0,1.0,0.0,0.0,0.0,0.0,0.0,0.0,0.0,0.0,5.545776844024658,0.0,-1.0,9.473852157592773,0.28997090458869934,,0,-1
final,159912,ppo_rev12_114505,1237,goal,99,1.0,1.0,0.0,0.0,0.0,0.0,0.0,0.0,0.0,0.0,5.085943698883057,0.0,-1.0,10.51776123046875,0.2763086259365082,,0,-1
final,159912,ppo_rev12_114505,1238,goal,56,1.0,1.0,0.0,0.0,0.0,0.0,0.0,0.0,0.0,0.0,nan,0.0,-1.0,3.925370931625366,0.29732683300971985,,0,-1
final,159912,ppo_rev12_114505,1239,goal,44,1.0,1.0,0.0,0.0,0.0,0.0,0.0,0.0,0.0,0.0,nan,0.0,-1.0,2.8500609397888184,0.07538370788097382,,0,-1
final,159912,ppo_rev12_114505,1240,goal,76,1.0,1.0,0.0,0.0,0.0,0.0,0.0,0.0,0.0,0.0,5.651551723480225,0.0,-1.0,7.991854667663574,0.2557965815067291,,0,-1
final,159912,ppo_rev12_114505,1241,goal,104,1.0,1.0,0.0,0.0,0.0,0.0,0.0,0.0,0.0,0.0,3.318077564239502,0.0,0.4010379910469055,9.108020782470703,0.24539078772068024,,0,-1
final,159912,ppo_rev12_114505,1242,goal,91,1.0,1.0,0.0,0.0,0.0,0.0,0.0,0.0,0.0,0.0,4.3214287757873535,0.0,-0.8646454811096191,9.57979679107666,0.27853041887283325,,1,6
final,159912,ppo_rev12_114505,1243,collision,7,-2.0,0.0,1.0,0.0,0.0,0.0,0.0,0.0,0.0,0.0,nan,0.0,1.0,0.7482399344444275,nan,obstacle,0,-1
final,159912,ppo_rev12_114505,1244,goal,40,1.0,1.0,0.0,0.0,0.0,0.0,0.0,0.0,0.0,0.0,nan,0.0,-0.1438901424407959,3.2163100242614746,0.2923545837402344,,0,-1
final,159912,ppo_rev12_114505,1245,goal,65,1.0,1.0,0.0,0.0,0.0,0.0,0.0,0.0,0.0,0.0,3.285496234893799,0.0,-0.9877225160598755,3.906867742538452,0.2693195044994354,,0,-1
final,159912,ppo_rev12_114505,1246,collision,157,-2.0,0.0,1.0,0.0,0.0,0.0,0.0,0.0,0.0,0.0,2.49540114402771,0.0,1.0,14.546876907348633,nan,obstacle,0,-1
final,159912,ppo_rev12_114505,1247,goal,64,1.0,1.0,0.0,0.0,0.0,0.0,0.0,0.0,0.0,0.0,5.066836833953857,0.0,-1.0,6.150007724761963,0.2817024290561676,,0,-1
final,159912,ppo_rev12_114505,1248,goal,93,1.0,1.0,0.0,0.0,0.0,0.0,0.0,0.0,0.0,0.0,5.698288440704346,0.0,-1.0,9.846546173095703,0.25935983657836914,,0,-1
final,159912,ppo_rev12_114505,1249,goal,114,1.0,1.0,0.0,0.0,0.0,0.0,0.0,0.0,0.0,0.0,2.2770960330963135,0.0,0.15860360860824585,9.010786056518555,0.2868175804615021,,0,-1
final,159912,ppo_rev12_114505,1250,goal,135,1.0,1.0,0.0,0.0,0.0,0.0,0.0,0.0,0.0,0.0,2.8722524642944336,0.0,-1.0,11.86612606048584,0.2666424810886383,,0,-1
final,159912,ppo_rev12_114505,1251,goal,94,1.0,1.0,0.0,0.0,0.0,0.0,0.0,0.0,0.0,0.0,4.162342071533203,0.0,-1.0,9.114696502685547,0.2874048054218292,,0,-1
final,159912,ppo_rev12_114505,1252,goal,76,1.0,1.0,0.0,0.0,0.0,0.0,0.0,0.0,0.0,0.0,3.0784857273101807,0.0,-1.0,7.062516212463379,0.2959441840648651,,0,-1
final,159912,ppo_rev12_114505,1253,goal,66,1.0,1.0,0.0,0.0,0.0,0.0,0.0,0.0,0.0,0.0,5.011699676513672,0.0,-1.0,6.731844902038574,0.20420034229755402,,0,-1
final,159912,ppo_rev12_114505,1254,collision,57,-2.0,0.0,1.0,0.0,0.0,0.0,0.0,0.0,0.0,0.0,nan,0.0,1.0,5.725183486938477,nan,obstacle,0,-1
final,159912,ppo_rev12_114505,1255,goal,67,1.0,1.0,0.0,0.0,0.0,0.0,0.0,0.0,0.0,0.0,4.397759914398193,0.0,-0.5186500549316406,5.822090148925781,0.2610176205635071,,0,-1
final,159912,ppo_rev12_114505,1256,goal,188,1.0,1.0,0.0,0.0,0.0,0.0,0.0,0.0,0.0,0.0,4.3942389488220215,0.0,-0.8418234586715698,19.788333892822266,0.2980678081512451,,0,-1
final,159912,ppo_rev12_114505,1257,goal,96,1.0,1.0,0.0,0.0,0.0,0.0,0.0,0.0,0.0,0.0,4.6470537185668945,0.0,-1.0,9.732145309448242,0.27052247524261475,,0,-1
final,159912,ppo_rev12_114505,1258,goal,79,1.0,1.0,0.0,0.0,0.0,0.0,0.0,0.0,0.0,0.0,5.777281761169434,0.0,-1.0,8.474804878234863,0.29104918241500854,,0,-1
final,159912,ppo_rev12_114505,1259,goal,97,1.0,1.0,0.0,0.0,0.0,0.0,0.0,0.0,0.0,0.0,3.4437472820281982,0.0,-0.3920327425003052,9.469786643981934,0.2782256305217743,,0,-1
final,159912,ppo_rev12_114505,1260,goal,83,1.0,1.0,0.0,0.0,0.0,0.0,0.0,0.0,0.0,0.0,3.939201831817627,0.0,-1.0,7.1232171058654785,0.0924789160490036,,0,-1
final,159912,ppo_rev12_114505,1261,collision,12,-2.0,0.0,1.0,0.0,0.0,0.0,0.0,0.0,0.0,0.08333333333333333,nan,0.0,1.0,1.2833753824234009,nan,obstacle,0,-1
final,159912,ppo_rev12_114505,1262,goal,99,1.0,1.0,0.0,0.0,0.0,0.0,0.0,0.0,0.0,0.010101010101010102,4.162225246429443,0.0,-1.0,9.552186965942383,0.273762583732605,,0,-1
final,159912,ppo_rev12_114505,1263,goal,41,1.0,1.0,0.0,0.0,0.0,0.0,0.0,0.0,0.0,0.0,nan,0.0,-0.4921989440917969,3.38423490524292,0.13505005836486816,,0,-1
final,159912,ppo_rev12_114505,1264,timeout,200,-0.5,0.0,0.0,0.0,0.0,1.0,0.0,0.0,0.0,0.015,1.3042360544204712,0.0,-0.08395576477050781,15.474544525146484,nan,,0,-1
final,159912,ppo_rev12_114505,1265,goal,55,1.0,1.0,0.0,0.0,0.0,0.0,0.0,0.0,0.0,0.0,nan,0.0,-1.0,4.963420391082764,0.22814978659152985,,0,-1
final,159912,ppo_rev12_114505,1266,goal,69,1.0,1.0,0.0,0.0,0.0,0.0,0.0,0.0,0.0,0.0,6.396099090576172,0.0,-1.0,7.583907127380371,0.2570352256298065,,0,-1
final,159912,ppo_rev12_114505,1267,goal,80,1.0,1.0,0.0,0.0,0.0,0.0,0.0,0.0,0.0,0.0,4.437707901000977,0.0,-1.0,7.397388458251953,0.27208927273750305,,0,-1
final,159912,ppo_rev12_114505,1268,goal,56,1.0,1.0,0.0,0.0,0.0,0.0,0.0,0.0,0.0,0.0,nan,0.0,-0.031462788581848145,3.6598825454711914,0.26095426082611084,,0,-1
final,159912,ppo_rev12_114505,1269,goal,50,1.0,1.0,0.0,0.0,0.0,0.0,0.0,0.0,0.0,0.0,nan,0.0,-1.0,3.6643271446228027,0.2844192385673523,,0,-1
final,159912,ppo_rev12_114505,1270,goal,121,1.0,1.0,0.0,0.0,0.0,0.0,0.0,0.0,0.0,0.0,4.501168251037598,0.0,-0.5052992105484009,12.99732780456543,0.25450244545936584,,0,-1
final,159912,ppo_rev12_114505,1271,goal,64,1.0,1.0,0.0,0.0,0.0,0.0,0.0,0.0,0.0,0.0,4.957220554351807,0.0,-1.0,6.377102851867676,0.2692314088344574,,0,-1
final,159912,ppo_rev12_114505,1272,goal,173,1.0,1.0,0.0,0.0,0.0,0.0,0.0,0.0,0.0,0.0,1.4475116729736328,0.0,0.8494812250137329,10.791097640991211,0.28425800800323486,,0,-1
final,159912,ppo_rev12_114505,1273,goal,157,1.0,1.0,0.0,0.0,0.0,0.0,0.0,0.0,0.0,0.006369426751592357,2.9949288368225098,0.0,-0.6060085296630859,13.800951957702637,0.28522467613220215,,0,-1
final,159912,ppo_rev12_114505,1274,goal,82,1.0,1.0,0.0,0.0,0.0,0.0,0.0,0.0,0.0,0.0,5.6828083992004395,0.0,-1.0,8.129934310913086,0.2687602937221527,,0,-1
final,159912,ppo_rev12_114505,1275,goal,60,1.0,1.0,0.0,0.0,0.0,0.0,0.0,0.0,0.0,0.0,3.719914436340332,0.0,-0.5765109062194824,4.254942417144775,0.24867135286331177,,1,5
final,159912,ppo_rev12_114505,1276,goal,62,1.0,1.0,0.0,0.0,0.0,0.0,0.0,0.0,0.0,0.0,4.923170566558838,0.0,0.08450734615325928,5.553693771362305,0.2648284137248993,,0,-1
final,159912,ppo_rev12_114505,1277,collision,30,-2.0,0.0,1.0,0.0,0.0,0.0,0.0,0.0,0.0,0.0,nan,0.0,1.0,2.8785367012023926,nan,obstacle,0,-1
final,159912,ppo_rev12_114505,1278,goal,71,1.0,1.0,0.0,0.0,0.0,0.0,0.0,0.0,0.0,0.0,5.792042255401611,0.0,-1.0,7.290990352630615,0.2714496850967407,,0,-1
final,159912,ppo_rev12_114505,1279,goal,80,1.0,1.0,0.0,0.0,0.0,0.0,0.0,0.0,0.0,0.0,5.324267864227295,0.0,-1.0,7.93603515625,0.2721259295940399,,0,-1
final,159912,ppo_rev12_114505,1280,goal,105,1.0,1.0,0.0,0.0,0.0,0.0,0.0,0.0,0.0,0.0,3.5932207107543945,0.0,-1.0,10.418158531188965,0.29933324456214905,,0,-1
final,159912,ppo_rev12_114505,1281,goal,108,1.0,1.0,0.0,0.0,0.0,0.0,0.0,0.0,0.0,0.0,4.032844066619873,0.0,-0.14673376083374023,9.634695053100586,0.27833646535873413,,0,-1
final,159912,ppo_rev12_114505,1282,goal,187,1.0,1.0,0.0,0.0,0.0,0.0,0.0,0.0,0.0,0.0,3.8175206184387207,0.0,0.4132787585258484,18.010406494140625,0.22830955684185028,,0,-1
final,159912,ppo_rev12_114505,1283,goal,65,1.0,1.0,0.0,0.0,0.0,0.0,0.0,0.0,0.0,0.0,3.9559805393218994,0.0,-1.0,5.130166053771973,0.2713141143321991,,0,-1
final,159912,ppo_rev12_114505,1284,timeout,200,-0.5,0.0,0.0,0.0,0.0,1.0,0.0,0.0,0.0,0.0,0.5185776948928833,0.0,0.8729462623596191,14.85440444946289,nan,,0,-1
final,159912,ppo_rev12_114505,1285,goal,158,1.0,1.0,0.0,0.0,0.0,0.0,0.0,0.0,0.0,0.0,5.225533485412598,0.0,-0.3252241611480713,17.255067825317383,0.2891025245189667,,0,-1
final,159912,ppo_rev12_114505,1286,goal,85,1.0,1.0,0.0,0.0,0.0,0.0,0.0,0.0,0.0,0.0,5.510308265686035,0.0,-1.0,8.76716423034668,0.2805619537830353,,0,-1
final,159912,ppo_rev12_114505,1287,goal,72,1.0,1.0,0.0,0.0,0.0,0.0,0.0,0.0,0.0,0.0,5.166408538818359,0.0,0.5147663950920105,5.7452826499938965,0.2699439525604248,,0,-1
final,159912,ppo_rev12_114505,1288,goal,102,1.0,1.0,0.0,0.0,0.0,0.0,0.0,0.0,0.0,0.0,5.3574724197387695,0.0,-1.0,10.506340980529785,0.25276410579681396,,0,-1
final,159912,ppo_rev12_114505,1289,collision,6,-2.0,0.0,1.0,0.0,0.0,0.0,0.0,0.0,0.0,0.3333333333333333,nan,0.0,1.0,0.6089037656784058,nan,obstacle,0,-1
final,159912,ppo_rev12_114505,1290,goal,133,1.0,1.0,0.0,0.0,0.0,0.0,0.0,0.0,0.0,0.03759398496240601,4.741987705230713,0.0,-0.7818995714187622,12.658061981201172,0.27345630526542664,,0,-1
final,159912,ppo_rev12_114505,1291,goal,72,1.0,1.0,0.0,0.0,0.0,0.0,0.0,0.0,0.0,0.0,5.023082256317139,0.0,-1.0,6.844967365264893,0.28296250104904175,,0,-1
final,159912,ppo_rev12_114505,1292,goal,124,1.0,1.0,0.0,0.0,0.0,0.0,0.0,0.0,0.0,0.0,1.5920746326446533,0.0,-0.22559690475463867,9.323522567749023,0.29690787196159363,,0,-1
final,159912,ppo_rev12_114505,1293,goal,79,1.0,1.0,0.0,0.0,0.0,0.0,0.0,0.0,0.0,0.0,4.992462635040283,0.0,-1.0,7.4120283126831055,0.09554199129343033,,0,-1
final,159912,ppo_rev12_114505,1294,goal,110,1.0,1.0,0.0,0.0,0.0,0.0,0.0,0.0,0.0,0.0,2.846359968185425,0.0,-0.48698198795318604,8.713071823120117,0.280564546585083,,0,-1
final,159912,ppo_rev12_114505,1295,goal,126,1.0,1.0,0.0,0.0,0.0,0.0,0.0,0.0,0.0,0.015873015873015872,4.707376956939697,0.0,-1.0,12.87360954284668,0.29528725147247314,,0,-1
final,159912,ppo_rev12_114505,1296,goal,73,1.0,1.0,0.0,0.0,0.0,0.0,0.0,0.0,0.0,0.0273972602739726,3.640739917755127,0.0,0.4112889766693115,6.413698196411133,0.2701388895511627,,0,-1
final,159912,ppo_rev12_114505,1297,goal,97,1.0,1.0,0.0,0.0,0.0,0.0,0.0,0.0,0.0,0.0,3.656588315963745,0.0,-1.0,10.006185531616211,0.25298625230789185,,0,-1
final,159912,ppo_rev12_114505,1298,goal,107,1.0,1.0,0.0,0.0,0.0,0.0,0.0,0.0,0.0,0.0,1.9083194732666016,0.0,-0.4669684171676636,9.903934478759766,0.1795036345720291,,0,-1
final,159912,ppo_rev12_114505,1299,timeout,200,-0.5,0.0,0.0,0.0,0.0,1.0,0.0,0.0,0.0,0.0,0.6636301279067993,0.0,0.990484356880188,12.534984588623047,nan,,0,-1
final,159912,ppo_rev12_114505,1300,goal,158,1.0,1.0,0.0,0.0,0.0,0.0,0.0,0.0,0.0,0.0,3.4617557525634766,0.0,-0.9598678350448608,14.289005279541016,0.2862022817134857,,0,-1
final,159912,ppo_rev12_114505,1301,goal,109,1.0,1.0,0.0,0.0,0.0,0.0,0.0,0.0,0.0,0.009174311926605505,3.9412577152252197,0.0,0.8866230845451355,10.457206726074219,0.19745761156082153,,0,-1
final,159912,ppo_rev12_114505,1302,goal,107,1.0,1.0,0.0,0.0,0.0,0.0,0.0,0.0,0.0,0.037383177570093455,5.718510627746582,0.0,-1.0,11.684274673461914,0.29412785172462463,,1,5
final,159912,ppo_rev12_114505,1303,goal,129,1.0,1.0,0.0,0.0,0.0,0.0,0.0,0.0,0.0,0.0,3.9886579513549805,0.0,-1.0,12.92039680480957,0.29415783286094666,,0,-1
final,159912,ppo_rev12_114505,1304,goal,84,1.0,1.0,0.0,0.0,0.0,0.0,0.0,0.0,0.0,0.0,5.411200523376465,0.0,-1.0,8.593282699584961,0.26721563935279846,,0,-1
final,159912,ppo_rev12_114505,1305,goal,110,1.0,1.0,0.0,0.0,0.0,0.0,0.0,0.0,0.0,0.0,3.50872540473938,0.0,-0.6354401111602783,10.264363288879395,0.23200611770153046,,0,-1
final,159912,ppo_rev12_114505,1306,goal,66,1.0,1.0,0.0,0.0,0.0,0.0,0.0,0.0,0.0,0.0,4.861712455749512,0.0,-1.0,5.868813514709473,0.2530551850795746,,0,-1
final,159912,ppo_rev12_114505,1307,goal,142,1.0,1.0,0.0,0.0,0.0,0.0,0.0,0.0,0.0,0.0,2.6737701892852783,0.0,-1.0,12.907858848571777,0.2525414228439331,,0,-1
final,159912,ppo_rev12_114505,1308,goal,74,1.0,1.0,0.0,0.0,0.0,0.0,0.0,0.0,0.0,0.0,5.2020440101623535,0.0,-1.0,7.144112586975098,0.2793042063713074,,0,-1
final,159912,ppo_rev12_114505,1309,goal,74,1.0,1.0,0.0,0.0,0.0,0.0,0.0,0.0,0.0,0.013513513513513514,6.106380462646484,0.0,-1.0,7.452160358428955,0.29766276478767395,,0,-1
final,159912,ppo_rev12_114505,1310,goal,61,1.0,1.0,0.0,0.0,0.0,0.0,0.0,0.0,0.0,0.0,4.017301082611084,0.0,-1.0,5.690865516662598,0.2415000945329666,,0,-1
final,159912,ppo_rev12_114505,1311,goal,116,1.0,1.0,0.0,0.0,0.0,0.0,0.0,0.0,0.0,0.0,3.556617259979248,0.0,-1.0,12.691165924072266,0.2975504994392395,,0,-1
final,159912,ppo_rev12_114505,1312,goal,52,1.0,1.0,0.0,0.0,0.0,0.0,0.0,0.0,0.0,0.0,nan,0.0,-0.19850194454193115,3.669919013977051,0.28366607427597046,,0,-1
final,159912,ppo_rev12_114505,1313,goal,89,1.0,1.0,0.0,0.0,0.0,0.0,0.0,0.0,0.0,0.0,4.314276218414307,0.0,-0.9037097692489624,6.585732460021973,0.27078956365585327,,0,-1
final,159912,ppo_rev12_114505,1314,goal,116,1.0,1.0,0.0,0.0,0.0,0.0,0.0,0.0,0.0,0.0,3.6498281955718994,0.0,-0.7861783504486084,11.725927352905273,0.2920680344104767,,0,-1
final,159912,ppo_rev12_114505,1315,goal,67,1.0,1.0,0.0,0.0,0.0,0.0,0.0,0.0,0.0,0.0,3.029136896133423,0.0,-1.0,6.026811599731445,0.2658770680427551,,0,-1
final,159912,ppo_rev12_114505,1316,timeout,200,-0.5,0.0,0.0,0.0,0.0,1.0,0.0,0.0,0.0,0.0,1.6110998392105103,0.0,0.03693777322769165,17.83014678955078,nan,,0,-1
final,159912,ppo_rev12_114505,1317,goal,75,1.0,1.0,0.0,0.0,0.0,0.0,0.0,0.0,0.0,0.0,2.777182102203369,0.0,-0.690654993057251,5.70164680480957,0.2715567946434021,,0,-1
final,159912,ppo_rev12_114505,1318,goal,47,1.0,1.0,0.0,0.0,0.0,0.0,0.0,0.0,0.0,0.0,nan,0.0,-1.0,4.0080342292785645,0.27292609214782715,,0,-1
final,159912,ppo_rev12_114505,1319,goal,112,1.0,1.0,0.0,0.0,0.0,0.0,0.0,0.0,0.0,0.0,3.060410499572754,0.0,-0.09793460369110107,8.592279434204102,0.24333679676055908,,0,-1
final,159912,ppo_rev12_114505,1320,timeout,200,-0.5,0.0,0.0,0.0,0.0,1.0,0.0,0.0,0.0,0.0,0.36769184470176697,0.0,0.03475964069366455,10.135688781738281,nan,,0,-1
final,159912,ppo_rev12_114505,1321,goal,90,1.0,1.0,0.0,0.0,0.0,0.0,0.0,0.0,0.0,0.0,5.430352210998535,0.0,-1.0,9.158506393432617,0.1476288139820099,,0,-1
final,159912,ppo_rev12_114505,1322,goal,35,1.0,1.0,0.0,0.0,0.0,0.0,0.0,0.0,0.0,0.0,nan,0.0,-1.0,2.477933406829834,0.15401121973991394,,0,-1
final,159912,ppo_rev12_114505,1323,goal,63,1.0,1.0,0.0,0.0,0.0,0.0,0.0,0.0,0.0,0.0,4.953619956970215,0.0,-1.0,6.073709011077881,0.23332244157791138,,0,-1
final,159912,ppo_rev12_114505,1324,goal,69,1.0,1.0,0.0,0.0,0.0,0.0,0.0,0.0,0.0,0.0,4.17343807220459,0.0,-0.7817318439483643,6.233484268188477,0.24434888362884521,,0,-1
final,159912,ppo_rev12_114505,1325,collision,6,-2.0,0.0,1.0,0.0,0.0,0.0,0.0,0.0,0.0,0.0,nan,0.0,1.0,0.36914339661598206,nan,obstacle,0,-1
final,159912,ppo_rev12_114505,1326,goal,77,1.0,1.0,0.0,0.0,0.0,0.0,0.0,0.0,0.0,0.0,4.835693836212158,0.0,0.15388786792755127,7.371417999267578,0.29304471611976624,,0,-1
final,159912,ppo_rev12_114505,1327,goal,84,1.0,1.0,0.0,0.0,0.0,0.0,0.0,0.0,0.0,0.0,4.251832962036133,0.0,0.3030496835708618,7.405541896820068,0.28013134002685547,,0,-1
final,159912,ppo_rev12_114505,1328,goal,157,1.0,1.0,0.0,0.0,0.0,0.0,0.0,0.0,0.0,0.0,2.993013620376587,0.0,-0.49314165115356445,12.693015098571777,0.26627564430236816,,0,-1
final,159912,ppo_rev12_114505,1329,goal,77,1.0,1.0,0.0,0.0,0.0,0.0,0.0,0.0,0.0,0.0,3.8998711109161377,0.0,-0.6466528177261353,6.009866237640381,0.28837090730667114,,0,-1
final,159912,ppo_rev12_114505,1330,goal,98,1.0,1.0,0.0,0.0,0.0,0.0,0.0,0.0,0.0,0.0,2.8610942363739014,0.0,-0.32232701778411865,7.110400199890137,0.29615920782089233,,0,-1
final,159912,ppo_rev12_114505,1331,goal,160,1.0,1.0,0.0,0.0,0.0,0.0,0.0,0.0,0.0,0.00625,1.5921630859375,0.0,-0.24573981761932373,14.844921112060547,0.18760427832603455,,0,-1
final,159912,ppo_rev12_114505,1332,goal,62,1.0,1.0,0.0,0.0,0.0,0.0,0.0,0.0,0.0,0.0,4.731114864349365,0.0,-1.0,5.847455024719238,0.2523844242095947,,0,-1
final,159912,ppo_rev12_114505,1333,goal,56,1.0,1.0,0.0,0.0,0.0,0.0,0.0,0.0,0.0,0.0,nan,0.0,-1.0,4.977494239807129,0.196754589676857,,0,-1
final,159912,ppo_rev12_114505,1334,collision,10,-2.0,0.0,1.0,0.0,0.0,0.0,0.0,0.0,0.0,0.0,nan,0.0,1.0,1.0289034843444824,nan,obstacle,0,-1
final,159912,ppo_rev12_114505,1335,collision,17,-2.0,0.0,1.0,0.0,0.0,0.0,0.0,0.0,0.0,0.0,nan,0.0,1.0,1.6261770725250244,nan,obstacle,0,-1
final,159912,ppo_rev12_114505,1336,goal,71,1.0,1.0,0.0,0.0,0.0,0.0,0.0,0.0,0.0,0.0,3.5480549335479736,0.0,-1.0,7.0092668533325195,0.2867009937763214,,0,-1
final,159912,ppo_rev12_114505,1337,goal,80,1.0,1.0,0.0,0.0,0.0,0.0,0.0,0.0,0.0,0.0,5.121747016906738,0.0,-1.0,7.9947919845581055,0.26141804456710815,,0,-1
final,159912,ppo_rev12_114505,1338,goal,149,1.0,1.0,0.0,0.0,0.0,0.0,0.0,0.0,0.0,0.013422818791946308,3.890883445739746,0.0,0.02664315700531006,14.617433547973633,0.2545527219772339,,0,-1
final,159912,ppo_rev12_114505,1339,goal,123,1.0,1.0,0.0,0.0,0.0,0.0,0.0,0.0,0.0,0.0,2.70638370513916,0.0,0.07626897096633911,7.586690902709961,0.20028285682201385,,0,-1
final,159912,ppo_rev12_114505,1340,goal,72,1.0,1.0,0.0,0.0,0.0,0.0,0.0,0.0,0.0,0.0,5.253021240234375,0.0,-1.0,7.107142448425293,0.23568078875541687,,0,-1
final,159912,ppo_rev12_114505,1341,goal,68,1.0,1.0,0.0,0.0,0.0,0.0,0.0,0.0,0.0,0.0,5.08343505859375,0.0,-1.0,6.2572221755981445,0.2752522826194763,,0,-1
final,159912,ppo_rev12_114505,1342,goal,99,1.0,1.0,0.0,0.0,0.0,0.0,0.0,0.0,0.0,0.0,2.5131447315216064,0.0,0.30327004194259644,8.559019088745117,0.2866000831127167,,0,-1
final,159912,ppo_rev12_114505,1343,goal,92,1.0,1.0,0.0,0.0,0.0,0.0,0.0,0.0,0.0,0.0,3.8915414810180664,0.0,-1.0,9.716297149658203,0.2597159147262573,,0,-1
final,159912,ppo_rev12_114505,1344,goal,74,1.0,1.0,0.0,0.0,0.0,0.0,0.0,0.0,0.0,0.0,4.344818592071533,0.0,0.4913540482521057,6.391737937927246,0.2609080672264099,,0,-1
final,159912,ppo_rev12_114505,1345,timeout,200,-0.5,0.0,0.0,0.0,0.0,1.0,0.0,0.0,0.0,0.0,1.1888418197631836,0.0,-0.8543516397476196,16.868751525878906,nan,,0,-1
final,159912,ppo_rev12_114505,1346,goal,59,1.0,1.0,0.0,0.0,0.0,0.0,0.0,0.0,0.0,0.03389830508474576,nan,0.0,-1.0,5.163212776184082,0.28767216205596924,,0,-1
final,159912,ppo_rev12_114505,1347,goal,130,1.0,1.0,0.0,0.0,0.0,0.0,0.0,0.0,0.0,0.015384615384615385,3.9822006225585938,0.0,-0.8546795845031738,13.318395614624023,0.2959916293621063,,0,-1
final,159912,ppo_rev12_114505,1348,goal,79,1.0,1.0,0.0,0.0,0.0,0.0,0.0,0.0,0.0,0.0,5.048076629638672,0.0,-1.0,7.243552207946777,0.2687259614467621,,0,-1
final,159912,ppo_rev12_114505,1349,goal,74,1.0,1.0,0.0,0.0,0.0,0.0,0.0,0.0,0.0,0.02702702702702703,3.78920578956604,0.0,-1.0,7.405118942260742,0.10263252258300781,,0,-1
final,159912,ppo_rev12_114505,1350,goal,72,1.0,1.0,0.0,0.0,0.0,0.0,0.0,0.0,0.0,0.041666666666666664,5.558106899261475,0.0,-1.0,7.374331474304199,0.2615739405155182,,0,-1
final,159912,ppo_rev12_114505,1351,goal,70,1.0,1.0,0.0,0.0,0.0,0.0,0.0,0.0,0.0,0.0,5.926133155822754,0.0,-1.0,7.496399879455566,0.28837183117866516,,0,-1
final,159912,ppo_rev12_114505,1352,goal,58,1.0,1.0,0.0,0.0,0.0,0.0,0.0,0.0,0.0,0.0,nan,0.0,-1.0,4.588807106018066,0.2691137492656708,,0,-1
final,159912,ppo_rev12_114505,1353,goal,143,1.0,1.0,0.0,0.0,0.0,0.0,0.0,0.0,0.0,0.0,3.230027675628662,0.0,-0.6196408271789551,12.11545467376709,0.2783719003200531,,0,-1
final,159912,ppo_rev12_114505,1354,goal,164,1.0,1.0,0.0,0.0,0.0,0.0,0.0,0.0,0.0,0.0,3.878546953201294,0.0,-1.0,17.658048629760742,0.23673123121261597,,0,-1
final,159912,ppo_rev12_114505,1355,goal,120,1.0,1.0,0.0,0.0,0.0,0.0,0.0,0.0,0.0,0.0,2.2736074924468994,0.0,0.9958690404891968,9.0676908493042,0.0732869878411293,,0,-1
final,159912,ppo_rev12_114505,1356,goal,74,1.0,1.0,0.0,0.0,0.0,0.0,0.0,0.0,0.0,0.0,5.018574237823486,0.0,-1.0,7.374905109405518,0.2833099067211151,,0,-1
final,159912,ppo_rev12_114505,1357,goal,63,1.0,1.0,0.0,0.0,0.0,0.0,0.0,0.0,0.0,0.0,4.449122428894043,0.0,-1.0,6.041716575622559,0.08678001910448074,,0,-1
final,159912,ppo_rev12_114505,1358,goal,63,1.0,1.0,0.0,0.0,0.0,0.0,0.0,0.0,0.0,0.015873015873015872,3.4514033794403076,0.0,-0.9085211753845215,5.93925666809082,0.2656615078449249,,0,-1
final,159912,ppo_rev12_114505,1359,goal,94,1.0,1.0,0.0,0.0,0.0,0.0,0.0,0.0,0.0,0.0,3.4565157890319824,0.0,-1.0,9.046192169189453,0.28263241052627563,,0,-1
final,159912,ppo_rev12_114505,1360,goal,72,1.0,1.0,0.0,0.0,0.0,0.0,0.0,0.0,0.0,0.027777777777777776,5.75888729095459,0.0,-1.0,7.366575241088867,0.27318280935287476,,1,7
final,159912,ppo_rev12_114505,1361,goal,68,1.0,1.0,0.0,0.0,0.0,0.0,0.0,0.0,0.0,0.0,5.5488996505737305,0.0,-1.0,6.835251331329346,0.29028597474098206,,0,-1
final,159912,ppo_rev12_114505,1362,goal,76,1.0,1.0,0.0,0.0,0.0,0.0,0.0,0.0,0.0,0.0,3.469367027282715,0.0,0.14698529243469238,6.611392498016357,0.2718236744403839,,0,-1
final,159912,ppo_rev12_114505,1363,goal,50,1.0,1.0,0.0,0.0,0.0,0.0,0.0,0.0,0.0,0.0,nan,0.0,-0.8136862516403198,3.159848690032959,0.2993578016757965,,0,-1
final,159912,ppo_rev12_114505,1364,goal,119,1.0,1.0,0.0,0.0,0.0,0.0,0.0,0.0,0.0,0.0,3.551166534423828,0.0,-1.0,10.388754844665527,0.2857656180858612,,0,-1
final,159912,ppo_rev12_114505,1365,goal,34,1.0,1.0,0.0,0.0,0.0,0.0,0.0,0.0,0.0,0.0,nan,0.0,-1.0,2.071805000305176,0.29270869493484497,,0,-1
final,159912,ppo_rev12_114505,1366,goal,97,1.0,1.0,0.0,0.0,0.0,0.0,0.0,0.0,0.0,0.0,3.884657621383667,0.0,-0.3060802221298218,8.839105606079102,0.2848161458969116,,0,-1
final,159912,ppo_rev12_114505,1367,timeout,200,-0.5,0.0,0.0,0.0,0.0,1.0,0.0,0.0,0.0,0.0,0.740690290927887,0.0,-0.23643791675567627,13.28889274597168,nan,,0,-1
final,159912,ppo_rev12_114505,1368,goal,74,1.0,1.0,0.0,0.0,0.0,0.0,0.0,0.0,0.0,0.0,3.842715263366699,0.0,-1.0,6.822712421417236,0.08109668642282486,,0,-1
final,159912,ppo_rev12_114505,1369,goal,44,1.0,1.0,0.0,0.0,0.0,0.0,0.0,0.0,0.0,0.0,nan,0.0,-1.0,3.000680685043335,0.2649555504322052,,0,-1
final,159912,ppo_rev12_114505,1370,goal,55,1.0,1.0,0.0,0.0,0.0,0.0,0.0,0.0,0.0,0.0,nan,0.0,-1.0,5.38380765914917,0.29758182168006897,,0,-1
final,159912,ppo_rev12_114505,1371,goal,157,1.0,1.0,0.0,0.0,0.0,0.0,0.0,0.0,0.0,0.0,4.676253795623779,0.0,-1.0,17.574783325195312,0.27256980538368225,,0,-1
final,159912,ppo_rev12_114505,1372,goal,68,1.0,1.0,0.0,0.0,0.0,0.0,0.0,0.0,0.0,0.0,4.3734660148620605,0.0,-0.9387375116348267,6.310983180999756,0.24911263585090637,,0,-1
final,159912,ppo_rev12_114505,1373,goal,93,1.0,1.0,0.0,0.0,0.0,0.0,0.0,0.0,0.0,0.0,5.793010711669922,0.0,-1.0,9.853903770446777,0.28665196895599365,,0,-1
final,159912,ppo_rev12_114505,1374,goal,148,1.0,1.0,0.0,0.0,0.0,0.0,0.0,0.0,0.0,0.0,2.621309518814087,0.0,-0.7544821500778198,13.224355697631836,0.15880024433135986,,0,-1
final,159912,ppo_rev12_114505,1375,goal,73,1.0,1.0,0.0,0.0,0.0,0.0,0.0,0.0,0.0,0.0,1.817975401878357,0.0,-0.13206422328948975,4.795097827911377,0.2985217571258545,,0,-1
final,159912,ppo_rev12_114505,1376,goal,108,1.0,1.0,0.0,0.0,0.0,0.0,0.0,0.0,0.0,0.0,1.963008165359497,0.0,-0.326168417930603,9.070825576782227,0.27994734048843384,,0,-1
final,159912,ppo_rev12_114505,1377,goal,50,1.0,1.0,0.0,0.0,0.0,0.0,0.0,0.0,0.0,0.0,nan,0.0,-1.0,3.707608699798584,0.2085062563419342,,0,-1
final,159912,ppo_rev12_114505,1378,goal,84,1.0,1.0,0.0,0.0,0.0,0.0,0.0,0.0,0.0,0.0,5.355419158935547,0.0,-0.6159473657608032,8.622980117797852,0.29062017798423767,,0,-1
final,159912,ppo_rev12_114505,1379,goal,84,1.0,1.0,0.0,0.0,0.0,0.0,0.0,0.0,0.0,0.0,2.056875467300415,0.0,-0.05398857593536377,6.677711486816406,0.28203803300857544,,0,-1
final,159912,ppo_rev12_114505,1380,goal,88,1.0,1.0,0.0,0.0,0.0,0.0,0.0,0.0,0.0,0.03409090909090909,3.021404981613159,0.0,0.18974775075912476,8.835028648376465,0.27104851603507996,,1,15
final,159912,ppo_rev12_114505,1381,goal,90,1.0,1.0,0.0,0.0,0.0,0.0,0.0,0.0,0.0,0.0,4.272752285003662,0.0,-1.0,9.273128509521484,0.28371331095695496,,0,-1
final,159912,ppo_rev12_114505,1382,goal,86,1.0,1.0,0.0,0.0,0.0,0.0,0.0,0.0,0.0,0.0,6.065715312957764,0.0,-1.0,9.396445274353027,0.29919329285621643,,0,-1
final,159912,ppo_rev12_114505,1383,goal,127,1.0,1.0,0.0,0.0,0.0,0.0,0.0,0.0,0.0,0.0,3.9503839015960693,0.0,-1.0,12.783432960510254,0.265206515789032,,0,-1
final,159912,ppo_rev12_114505,1384,goal,87,1.0,1.0,0.0,0.0,0.0,0.0,0.0,0.0,0.0,0.011494252873563218,4.373593807220459,0.0,-1.0,7.442929267883301,0.28854233026504517,,0,-1
final,159912,ppo_rev12_114505,1385,goal,89,1.0,1.0,0.0,0.0,0.0,0.0,0.0,0.0,0.0,0.0,4.502203464508057,0.0,-0.5752649307250977,8.945781707763672,0.2838593125343323,,0,-1
final,159912,ppo_rev12_114505,1386,goal,68,1.0,1.0,0.0,0.0,0.0,0.0,0.0,0.0,0.0,0.0,2.7406859397888184,0.0,-1.0,5.969926357269287,0.1363612413406372,,0,-1
final,159912,ppo_rev12_114505,1387,goal,67,1.0,1.0,0.0,0.0,0.0,0.0,0.0,0.0,0.0,0.0,3.7512152194976807,0.0,-1.0,4.466395378112793,0.2713998556137085,,0,-1
final,159912,ppo_rev12_114505,1388,goal,79,1.0,1.0,0.0,0.0,0.0,0.0,0.0,0.0,0.0,0.0,3.2359344959259033,0.0,0.0619509220123291,6.4492058753967285,0.2895700931549072,,0,-1
final,159912,ppo_rev12_114505,1389,goal,110,1.0,1.0,0.0,0.0,0.0,0.0,0.0,0.0,0.0,0.0,3.0215699672698975,0.0,-1.0,9.420324325561523,0.2964390516281128,,0,-1
final,159912,ppo_rev12_114505,1390,goal,73,1.0,1.0,0.0,0.0,0.0,0.0,0.0,0.0,0.0,0.0,4.940830230712891,0.0,-1.0,7.157286643981934,0.27054062485694885,,0,-1
final,159912,ppo_rev12_114505,1391,goal,76,1.0,1.0,0.0,0.0,0.0,0.0,0.0,0.0,0.0,0.0,2.7307467460632324,0.0,-1.0,5.6227569580078125,0.04203779622912407,,0,-1
final,159912,ppo_rev12_114505,1392,goal,58,1.0,1.0,0.0,0.0,0.0,0.0,0.0,0.0,0.0,0.0,nan,0.0,-1.0,4.63501501083374,0.2571897804737091,,0,-1
final,159912,ppo_rev12_114505,1393,goal,112,1.0,1.0,0.0,0.0,0.0,0.0,0.0,0.0,0.0,0.0,5.016408920288086,0.0,-1.0,12.711297035217285,0.2670184373855591,,0,-1
final,159912,ppo_rev12_114505,1394,goal,54,1.0,1.0,0.0,0.0,0.0,0.0,0.0,0.0,0.0,0.0,nan,0.0,-0.47011637687683105,5.198973655700684,0.23824098706245422,,0,-1
final,159912,ppo_rev12_114505,1395,goal,99,1.0,1.0,0.0,0.0,0.0,0.0,0.0,0.0,0.0,0.0,5.000767230987549,0.0,-0.627722978591919,10.269582748413086,0.2664267420768738,,0,-1
final,159912,ppo_rev12_114505,1396,goal,83,1.0,1.0,0.0,0.0,0.0,0.0,0.0,0.0,0.0,0.0,1.8465455770492554,0.0,-0.7919752597808838,5.2283034324646,0.17951281368732452,,0,-1
final,159912,ppo_rev12_114505,1397,goal,66,1.0,1.0,0.0,0.0,0.0,0.0,0.0,0.0,0.0,0.0,5.290633678436279,0.0,-0.252269983291626,6.201613426208496,0.21519474685192108,,0,-1
final,159912,ppo_rev12_114505,1398,goal,83,1.0,1.0,0.0,0.0,0.0,0.0,0.0,0.0,0.0,0.0,5.952882766723633,0.0,-1.0,8.168819427490234,0.29506492614746094,,0,-1
final,159912,ppo_rev12_114505,1399,goal,118,1.0,1.0,0.0,0.0,0.0,0.0,0.0,0.0,0.0,0.0,4.376084327697754,0.0,-1.0,11.998571395874023,0.2874401807785034,,0,-1
final,159912,ppo_rev12_114505,1400,goal,62,1.0,1.0,0.0,0.0,0.0,0.0,0.0,0.0,0.0,0.0,4.855698108673096,0.0,-0.7929855585098267,5.517188549041748,0.28991180658340454,,0,-1
final,159912,ppo_rev12_114505,1401,collision,6,-2.0,0.0,1.0,0.0,0.0,0.0,0.0,0.0,0.0,0.0,nan,0.0,1.0,0.7243965864181519,nan,obstacle,0,-1
final,159912,ppo_rev12_114505,1402,goal,71,1.0,1.0,0.0,0.0,0.0,0.0,0.0,0.0,0.0,0.0,4.016293048858643,0.0,-1.0,7.318458557128906,0.26224392652511597,,1,11
final,159912,ppo_rev12_114505,1403,goal,74,1.0,1.0,0.0,0.0,0.0,0.0,0.0,0.0,0.0,0.0,3.476731538772583,0.0,-0.26226699352264404,5.591707229614258,0.27163708209991455,,0,-1
final,159912,ppo_rev12_114505,1404,goal,101,1.0,1.0,0.0,0.0,0.0,0.0,0.0,0.0,0.0,0.019801980198019802,2.916048288345337,0.0,-0.5729230642318726,9.088762283325195,0.2446850836277008,,0,-1
final,159912,ppo_rev12_114505,1405,goal,67,1.0,1.0,0.0,0.0,0.0,0.0,0.0,0.0,0.0,0.0,4.547986030578613,0.0,-1.0,5.859076499938965,0.2736499309539795,,0,-1
final,159912,ppo_rev12_114505,1406,goal,149,1.0,1.0,0.0,0.0,0.0,0.0,0.0,0.0,0.0,0.0,5.152418613433838,0.0,-1.0,15.987072944641113,0.2363593876361847,,0,-1
final,159912,ppo_rev12_114505,1407,collision,4,-2.0,0.0,1.0,0.0,0.0,0.0,0.0,0.0,0.0,0.25,nan,0.0,1.0,0.4256156384944916,nan,obstacle,0,-1
final,159912,ppo_rev12_114505,1408,goal,79,1.0,1.0,0.0,0.0,0.0,0.0,0.0,0.0,0.0,0.0,4.49814510345459,0.0,-1.0,8.21291732788086,0.2961576581001282,,0,-1
final,159912,ppo_rev12_114505,1409,goal,90,1.0,1.0,0.0,0.0,0.0,0.0,0.0,0.0,0.0,0.0,5.269131183624268,0.0,-1.0,10.266281127929688,0.2221962809562683,,0,-1
final,159912,ppo_rev12_114505,1410,collision,7,-2.0,0.0,1.0,0.0,0.0,0.0,0.0,0.0,0.0,0.0,nan,0.0,1.0,0.6199026107788086,nan,obstacle,0,-1
final,159912,ppo_rev12_114505,1411,goal,95,1.0,1.0,0.0,0.0,0.0,0.0,0.0,0.0,0.0,0.031578947368421054,2.9187417030334473,0.0,-0.20299851894378662,7.913758754730225,0.24327139556407928,,0,-1
final,159912,ppo_rev12_114505,1412,goal,47,1.0,1.0,0.0,0.0,0.0,0.0,0.0,0.0,0.0,0.0,nan,0.0,-1.0,4.1547417640686035,0.2848438620567322,,0,-1
final,159912,ppo_rev12_114505,1413,goal,51,1.0,1.0,0.0,0.0,0.0,0.0,0.0,0.0,0.0,0.0,nan,0.0,-1.0,3.892857074737549,0.2569543421268463,,0,-1
final,159912,ppo_rev12_114505,1414,goal,49,1.0,1.0,0.0,0.0,0.0,0.0,0.0,0.0,0.0,0.02040816326530612,nan,0.0,-1.0,3.73537015914917,0.2600480914115906,,0,-1
final,159912,ppo_rev12_114505,1415,goal,90,1.0,1.0,0.0,0.0,0.0,0.0,0.0,0.0,0.0,0.0,2.2723097801208496,0.0,-1.0,6.614552974700928,0.29251182079315186,,0,-1
final,159912,ppo_rev12_114505,1416,goal,107,1.0,1.0,0.0,0.0,0.0,0.0,0.0,0.0,0.0,0.0,3.12004017829895,0.0,-0.22869634628295898,7.352630615234375,0.2721610963344574,,0,-1
final,159912,ppo_rev12_114505,1417,goal,76,1.0,1.0,0.0,0.0,0.0,0.0,0.0,0.0,0.0,0.0,5.478732109069824,0.0,0.4571034908294678,7.372018337249756,0.2676807641983032,,0,-1
final,159912,ppo_rev12_114505,1418,goal,66,1.0,1.0,0.0,0.0,0.0,0.0,0.0,0.0,0.0,0.0,4.2867655754089355,0.0,-1.0,5.5113325119018555,0.29449203610420227,,0,-1
final,159912,ppo_rev12_114505,1419,collision,9,-2.0,0.0,1.0,0.0,0.0,0.0,0.0,0.0,0.0,0.4444444444444444,nan,0.0,1.0,1.099319338798523,nan,obstacle,0,-1
final,159912,ppo_rev12_114505,1420,goal,51,1.0,1.0,0.0,0.0,0.0,0.0,0.0,0.0,0.0,0.0,nan,0.0,-1.0,4.1120195388793945,0.2672562599182129,,0,-1
final,159912,ppo_rev12_114505,1421,goal,154,1.0,1.0,0.0,0.0,0.0,0.0,0.0,0.0,0.0,0.0,4.278373718261719,0.0,-1.0,16.57418441772461,0.29981356859207153,,0,-1
final,159912,ppo_rev12_114505,1422,goal,97,1.0,1.0,0.0,0.0,0.0,0.0,0.0,0.0,0.0,0.0,2.7511322498321533,0.0,-0.5694394111633301,7.190069198608398,0.29615020751953125,,0,-1
final,159912,ppo_rev12_114505,1423,goal,157,1.0,1.0,0.0,0.0,0.0,0.0,0.0,0.0,0.0,0.006369426751592357,1.7722773551940918,0.0,-0.9178626537322998,13.487183570861816,0.23277625441551208,,0,-1
final,159912,ppo_rev12_114505,1424,collision,56,-2.0,0.0,1.0,0.0,0.0,0.0,0.0,0.0,0.0,0.0,nan,0.0,1.0,5.925655364990234,nan,obstacle,0,-1
final,159912,ppo_rev12_114505,1425,goal,133,1.0,1.0,0.0,0.0,0.0,0.0,0.0,0.0,0.0,0.0,4.740790843963623,0.0,-1.0,13.93773365020752,0.2618767321109772,,1,125
final,159912,ppo_rev12_114505,1426,goal,101,1.0,1.0,0.0,0.0,0.0,0.0,0.0,0.0,0.0,0.0297029702970297,3.06363844871521,0.0,-0.11312568187713623,9.484654426574707,0.28903618454933167,,0,-1
final,159912,ppo_rev12_114505,1427,goal,71,1.0,1.0,0.0,0.0,0.0,0.0,0.0,0.0,0.0,0.0,4.382078647613525,0.0,-1.0,7.2024993896484375,0.2963730990886688,,0,-1
final,159912,ppo_rev12_114505,1428,goal,71,1.0,1.0,0.0,0.0,0.0,0.0,0.0,0.0,0.0,0.0,5.206761837005615,0.0,-0.22897017002105713,6.4051032066345215,0.28625619411468506,,0,-1
final,159912,ppo_rev12_114505,1429,goal,92,1.0,1.0,0.0,0.0,0.0,0.0,0.0,0.0,0.0,0.0,3.6824276447296143,0.0,-0.5340403318405151,8.169153213500977,0.27300721406936646,,0,-1
final,159912,ppo_rev12_114505,1430,timeout,200,-0.5,0.0,0.0,0.0,0.0,1.0,0.0,0.0,0.0,0.0,2.747202157974243,0.0,0.391369104385376,16.148841857910156,nan,,0,-1
final,159912,ppo_rev12_114505,1431,goal,62,1.0,1.0,0.0,0.0,0.0,0.0,0.0,0.0,0.0,0.0,4.606300354003906,0.0,-1.0,6.3472185134887695,0.22203658521175385,,0,-1
final,159912,ppo_rev12_114505,1432,goal,102,1.0,1.0,0.0,0.0,0.0,0.0,0.0,0.0,0.0,0.0,4.933830261230469,0.0,-1.0,9.775894165039062,0.28509843349456787,,0,-1
final,159912,ppo_rev12_114505,1433,goal,88,1.0,1.0,0.0,0.0,0.0,0.0,0.0,0.0,0.0,0.0,5.228867530822754,0.0,-1.0,9.104389190673828,0.26924291253089905,,0,-1
final,159912,ppo_rev12_114505,1434,goal,82,1.0,1.0,0.0,0.0,0.0,0.0,0.0,0.0,0.0,0.0,4.463445663452148,0.0,-1.0,7.321685791015625,0.26878419518470764,,0,-1
final,159912,ppo_rev12_114505,1435,goal,85,1.0,1.0,0.0,0.0,0.0,0.0,0.0,0.0,0.0,0.0,4.493171215057373,0.0,-0.8749064207077026,7.963720321655273,0.08302780985832214,,0,-1
final,159912,ppo_rev12_114505,1436,goal,84,1.0,1.0,0.0,0.0,0.0,0.0,0.0,0.0,0.0,0.0,2.269517183303833,0.0,0.5309103727340698,4.841550827026367,0.23954209685325623,,0,-1
final,159912,ppo_rev12_114505,1437,goal,77,1.0,1.0,0.0,0.0,0.0,0.0,0.0,0.0,0.0,0.0,5.138100624084473,0.0,-1.0,7.664010524749756,0.29508456587791443,,0,-1
final,159912,ppo_rev12_114505,1438,goal,78,1.0,1.0,0.0,0.0,0.0,0.0,0.0,0.0,0.0,0.0,3.5135128498077393,0.0,-1.0,7.558191299438477,0.2936023473739624,,0,-1
final,159912,ppo_rev12_114505,1439,goal,52,1.0,1.0,0.0,0.0,0.0,0.0,0.0,0.0,0.0,0.0,nan,0.0,-0.3532494306564331,4.742753028869629,0.29297351837158203,,1,13
final,159912,ppo_rev12_114505,1440,goal,95,1.0,1.0,0.0,0.0,0.0,0.0,0.0,0.0,0.0,0.021052631578947368,3.698693037033081,0.0,0.6046515703201294,9.960542678833008,0.2859710454940796,,1,3
final,159912,ppo_rev12_114505,1441,goal,72,1.0,1.0,0.0,0.0,0.0,0.0,0.0,0.0,0.0,0.0,3.7880451679229736,0.0,-0.7188237905502319,5.856081008911133,0.29563194513320923,,0,-1
final,159912,ppo_rev12_114505,1442,goal,91,1.0,1.0,0.0,0.0,0.0,0.0,0.0,0.0,0.0,0.0,4.577154159545898,0.0,-1.0,9.793176651000977,0.2535763382911682,,0,-1
final,159912,ppo_rev12_114505,1443,goal,62,1.0,1.0,0.0,0.0,0.0,0.0,0.0,0.0,0.0,0.0,2.3789451122283936,0.0,0.3967587351799011,4.606978416442871,0.25390416383743286,,0,-1
final,159912,ppo_rev12_114505,1444,goal,136,1.0,1.0,0.0,0.0,0.0,0.0,0.0,0.0,0.0,0.0,4.520633220672607,0.0,-1.0,15.091625213623047,0.25918295979499817,,0,-1
final,159912,ppo_rev12_114505,1445,goal,94,1.0,1.0,0.0,0.0,0.0,0.0,0.0,0.0,0.0,0.010638297872340425,5.2278008460998535,0.0,-1.0,9.807697296142578,0.29080671072006226,,0,-1
final,159912,ppo_rev12_114505,1446,goal,87,1.0,1.0,0.0,0.0,0.0,0.0,0.0,0.0,0.0,0.0,4.640201091766357,0.0,-0.9248881340026855,9.697708129882812,0.14065226912498474,,0,-1
final,159912,ppo_rev12_114505,1447,goal,65,1.0,1.0,0.0,0.0,0.0,0.0,0.0,0.0,0.0,0.0,4.741860389709473,0.0,-1.0,6.114163875579834,0.2919887900352478,,0,-1
final,159912,ppo_rev12_114505,1448,goal,86,1.0,1.0,0.0,0.0,0.0,0.0,0.0,0.0,0.0,0.0,4.708456039428711,0.0,-0.07737958431243896,8.910547256469727,0.2792303264141083,,0,-1
final,159912,ppo_rev12_114505,1449,goal,60,1.0,1.0,0.0,0.0,0.0,0.0,0.0,0.0,0.0,0.0,3.729088544845581,0.0,-1.0,4.952821731567383,0.27039870619773865,,0,-1
final,159912,ppo_rev12_114505,1450,goal,57,1.0,1.0,0.0,0.0,0.0,0.0,0.0,0.0,0.0,0.0,nan,0.0,-1.0,5.539506912231445,0.2984163463115692,,0,-1
final,159912,ppo_rev12_114505,1451,goal,54,1.0,1.0,0.0,0.0,0.0,0.0,0.0,0.0,0.0,0.0,nan,0.0,-1.0,4.747967720031738,0.27458474040031433,,0,-1
final,159912,ppo_rev12_114505,1452,goal,103,1.0,1.0,0.0,0.0,0.0,0.0,0.0,0.0,0.0,0.0,4.411420822143555,0.0,-1.0,10.593852996826172,0.2585882544517517,,0,-1
final,159912,ppo_rev12_114505,1453,goal,71,1.0,1.0,0.0,0.0,0.0,0.0,0.0,0.0,0.0,0.0,4.7958879470825195,0.0,-0.41866862773895264,6.950516223907471,0.26446977257728577,,0,-1
final,159912,ppo_rev12_114505,1454,goal,92,1.0,1.0,0.0,0.0,0.0,0.0,0.0,0.0,0.0,0.0,4.628124237060547,0.0,-1.0,9.053243637084961,0.2582014203071594,,0,-1
final,159912,ppo_rev12_114505,1455,timeout,200,-0.5,0.0,0.0,0.0,0.0,1.0,0.0,0.0,0.0,0.0,1.904668927192688,0.0,-0.1636596918106079,19.56423568725586,nan,,0,-1
final,159912,ppo_rev12_114505,1456,goal,126,1.0,1.0,0.0,0.0,0.0,0.0,0.0,0.0,0.0,0.0,1.2000656127929688,0.0,-0.17716515064239502,8.293447494506836,0.246613010764122,,0,-1
final,159912,ppo_rev12_114505,1457,goal,63,1.0,1.0,0.0,0.0,0.0,0.0,0.0,0.0,0.0,0.0,4.484899997711182,0.0,-1.0,5.394559860229492,0.2809435725212097,,0,-1
final,159912,ppo_rev12_114505,1458,goal,72,1.0,1.0,0.0,0.0,0.0,0.0,0.0,0.0,0.0,0.0,4.801271915435791,0.0,-1.0,6.496335983276367,0.21714083850383759,,0,-1
final,159912,ppo_rev12_114505,1459,goal,57,1.0,1.0,0.0,0.0,0.0,0.0,0.0,0.0,0.0,0.0,nan,0.0,-0.4179983139038086,4.913958549499512,0.2579149305820465,,0,-1
final,159912,ppo_rev12_114505,1460,goal,53,1.0,1.0,0.0,0.0,0.0,0.0,0.0,0.0,0.0,0.0,nan,0.0,-1.0,4.2544403076171875,0.22841298580169678,,0,-1
final,159912,ppo_rev12_114505,1461,goal,63,1.0,1.0,0.0,0.0,0.0,0.0,0.0,0.0,0.0,0.0,2.588618516921997,0.0,-0.2627791166305542,5.412659168243408,0.26981496810913086,,0,-1
final,159912,ppo_rev12_114505,1462,goal,74,1.0,1.0,0.0,0.0,0.0,0.0,0.0,0.0,0.0,0.0,4.258908271789551,0.0,-1.0,6.986922264099121,0.25775548815727234,,0,-1
final,159912,ppo_rev12_114505,1463,goal,69,1.0,1.0,0.0,0.0,0.0,0.0,0.0,0.0,0.0,0.0,3.2278175354003906,0.0,-1.0,6.056056022644043,0.29554587602615356,,0,-1
final,159912,ppo_rev12_114505,1464,goal,96,1.0,1.0,0.0,0.0,0.0,0.0,0.0,0.0,0.0,0.0,5.462123394012451,0.0,-1.0,10.447770118713379,0.26348942518234253,,0,-1
final,159912,ppo_rev12_114505,1465,goal,103,1.0,1.0,0.0,0.0,0.0,0.0,0.0,0.0,0.0,0.0,2.025764226913452,0.0,-1.0,8.49047565460205,0.2761373519897461,,0,-1
final,159912,ppo_rev12_114505,1466,goal,70,1.0,1.0,0.0,0.0,0.0,0.0,0.0,0.0,0.0,0.0,5.854303359985352,0.0,-1.0,6.995245456695557,0.12502986192703247,,0,-1
final,159912,ppo_rev12_114505,1467,goal,55,1.0,1.0,0.0,0.0,0.0,0.0,0.0,0.0,0.0,0.0,nan,0.0,-1.0,4.894659042358398,0.2992998957633972,,0,-1
final,159912,ppo_rev12_114505,1468,goal,65,1.0,1.0,0.0,0.0,0.0,0.0,0.0,0.0,0.0,0.0,3.789978504180908,0.0,-0.8780754804611206,5.042645454406738,0.24950368702411652,,0,-1
final,159912,ppo_rev12_114505,1469,goal,67,1.0,1.0,0.0,0.0,0.0,0.0,0.0,0.0,0.0,0.0,5.900511741638184,0.0,-1.0,6.939858436584473,0.2942403554916382,,0,-1
final,159912,ppo_rev12_114505,1470,goal,85,1.0,1.0,0.0,0.0,0.0,0.0,0.0,0.0,0.0,0.0,5.751103401184082,0.0,-1.0,8.873689651489258,0.13727645576000214,,0,-1
final,159912,ppo_rev12_114505,1471,goal,67,1.0,1.0,0.0,0.0,0.0,0.0,0.0,0.0,0.0,0.0,5.615740776062012,0.0,-1.0,6.749937057495117,0.19511723518371582,,0,-1
final,159912,ppo_rev12_114505,1472,goal,63,1.0,1.0,0.0,0.0,0.0,0.0,0.0,0.0,0.0,0.0,4.735896110534668,0.0,-1.0,6.275200843811035,0.20414766669273376,,0,-1
final,159912,ppo_rev12_114505,1473,goal,78,1.0,1.0,0.0,0.0,0.0,0.0,0.0,0.0,0.0,0.0,4.680545806884766,0.0,-0.5752183198928833,7.183808326721191,0.28451207280158997,,0,-1
final,159912,ppo_rev12_114505,1474,goal,136,1.0,1.0,0.0,0.0,0.0,0.0,0.0,0.0,0.0,0.022058823529411763,2.8334710597991943,0.0,-0.04613912105560303,12.341421127319336,0.2666897177696228,,0,-1
final,159912,ppo_rev12_114505,1475,goal,104,1.0,1.0,0.0,0.0,0.0,0.0,0.0,0.0,0.0,0.0,3.8458170890808105,0.0,0.6918870210647583,11.040462493896484,0.24492008984088898,,0,-1
final,159912,ppo_rev12_114505,1476,goal,64,1.0,1.0,0.0,0.0,0.0,0.0,0.0,0.0,0.0,0.0,5.09119176864624,0.0,-1.0,5.927762985229492,0.15048658847808838,,0,-1
final,159912,ppo_rev12_114505,1477,goal,75,1.0,1.0,0.0,0.0,0.0,0.0,0.0,0.0,0.0,0.0,5.3811469078063965,0.0,-1.0,7.436845779418945,0.2821086645126343,,0,-1
final,159912,ppo_rev12_114505,1478,goal,49,1.0,1.0,0.0,0.0,0.0,0.0,0.0,0.0,0.0,0.0,nan,0.0,-1.0,3.653799057006836,0.2703627347946167,,0,-1
final,159912,ppo_rev12_114505,1479,goal,61,1.0,1.0,0.0,0.0,0.0,0.0,0.0,0.0,0.0,0.0,2.3925580978393555,0.0,-1.0,5.053875923156738,0.261541485786438,,0,-1
final,159912,ppo_rev12_114505,1480,timeout,200,-0.5,0.0,0.0,0.0,0.0,1.0,0.0,0.0,0.0,0.005,0.9847180843353271,0.0,0.4204998016357422,13.21650505065918,nan,,0,-1
final,159912,ppo_rev12_114505,1481,collision,63,-2.0,0.0,1.0,0.0,0.0,0.0,0.0,0.0,0.0,0.0,4.254317283630371,0.0,1.0,6.66640567779541,nan,obstacle,0,-1
final,159912,ppo_rev12_114505,1482,goal,90,1.0,1.0,0.0,0.0,0.0,0.0,0.0,0.0,0.0,0.0,4.98813009262085,0.0,-1.0,8.421487808227539,0.2856806516647339,,0,-1
final,159912,ppo_rev12_114505,1483,goal,93,1.0,1.0,0.0,0.0,0.0,0.0,0.0,0.0,0.0,0.0,3.423016309738159,0.0,-0.6597414016723633,7.077741622924805,0.2970764636993408,,0,-1
final,159912,ppo_rev12_114505,1484,goal,96,1.0,1.0,0.0,0.0,0.0,0.0,0.0,0.0,0.0,0.0,4.018104553222656,0.0,-1.0,9.557497024536133,0.24948401749134064,,0,-1
final,159912,ppo_rev12_114505,1485,goal,94,1.0,1.0,0.0,0.0,0.0,0.0,0.0,0.0,0.0,0.0,1.5638978481292725,0.0,-1.0,5.916749000549316,0.2836335301399231,,0,-1
final,159912,ppo_rev12_114505,1486,goal,72,1.0,1.0,0.0,0.0,0.0,0.0,0.0,0.0,0.0,0.0,5.877009391784668,0.0,-1.0,7.758536338806152,0.07717017829418182,,0,-1
final,159912,ppo_rev12_114505,1487,goal,115,1.0,1.0,0.0,0.0,0.0,0.0,0.0,0.0,0.0,0.0,3.0404491424560547,0.0,0.1410660743713379,11.047185897827148,0.2652672231197357,,1,9
final,159912,ppo_rev12_114505,1488,timeout,200,-0.5,0.0,0.0,0.0,0.0,1.0,0.0,0.0,0.0,0.0,1.5223171710968018,0.0,0.1956087350845337,15.64873218536377,nan,,0,-1
final,159912,ppo_rev12_114505,1489,goal,87,1.0,1.0,0.0,0.0,0.0,0.0,0.0,0.0,0.0,0.022988505747126436,5.561595916748047,0.0,-1.0,8.401382446289062,0.0952768474817276,,0,-1
final,159912,ppo_rev12_114505,1490,goal,45,1.0,1.0,0.0,0.0,0.0,0.0,0.0,0.0,0.0,0.0,nan,0.0,-1.0,2.746424913406372,0.2715531289577484,,0,-1
final,159912,ppo_rev12_114505,1491,goal,65,1.0,1.0,0.0,0.0,0.0,0.0,0.0,0.0,0.0,0.0,5.898715019226074,0.0,-1.0,6.331573486328125,0.2945808470249176,,0,-1
final,159912,ppo_rev12_114505,1492,goal,112,1.0,1.0,0.0,0.0,0.0,0.0,0.0,0.0,0.0,0.0,1.6636239290237427,0.0,0.05504733324050903,7.391799449920654,0.15922404825687408,,0,-1
final,159912,ppo_rev12_114505,1493,goal,98,1.0,1.0,0.0,0.0,0.0,0.0,0.0,0.0,0.0,0.0,5.198821544647217,0.0,-0.013286948204040527,10.206826210021973,0.24139487743377686,,0,-1
final,159912,ppo_rev12_114505,1494,timeout,200,-0.5,0.0,0.0,0.0,0.0,1.0,0.0,0.0,0.0,0.0,0.5660251379013062,0.0,-0.015566468238830566,11.420272827148438,nan,,0,-1
final,159912,ppo_rev12_114505,1495,goal,69,1.0,1.0,0.0,0.0,0.0,0.0,0.0,0.0,0.0,0.0,2.862670660018921,0.0,-1.0,5.875295639038086,0.26248064637184143,,0,-1
final,159912,ppo_rev12_114505,1496,goal,69,1.0,1.0,0.0,0.0,0.0,0.0,0.0,0.0,0.0,0.0,2.9812657833099365,0.0,-0.5565820932388306,5.631982326507568,0.15828226506710052,,1,12
final,159912,ppo_rev12_114505,1497,goal,88,1.0,1.0,0.0,0.0,0.0,0.0,0.0,0.0,0.0,0.0,4.669914722442627,0.0,-1.0,9.262287139892578,0.2900727391242981,,0,-1
final,159912,ppo_rev12_114505,1498,stuck,157,-1.0,0.0,0.0,0.0,1.0,0.0,0.0,0.0,0.0,0.0,0.024469811469316483,0.0,0.031238555908203125,8.756875991821289,nan,,0,-1
final,159912,ppo_rev12_114505,1499,goal,54,1.0,1.0,0.0,0.0,0.0,0.0,0.0,0.0,0.0,0.0,nan,0.0,-1.0,4.613714218139648,0.25009235739707947,,0,-1
final,159912,ppo_rev12_114505,1500,timeout,200,-0.5,0.0,0.0,0.0,0.0,1.0,0.0,0.0,0.0,0.0,0.9317255020141602,0.0,-0.678370475769043,15.368307113647461,nan,,0,-1
final,159912,ppo_rev12_114505,1501,goal,93,1.0,1.0,0.0,0.0,0.0,0.0,0.0,0.0,0.0,0.0,3.866360664367676,0.0,0.3788954019546509,8.977669715881348,0.2800658345222473,,0,-1
final,159912,ppo_rev12_114505,1502,goal,138,1.0,1.0,0.0,0.0,0.0,0.0,0.0,0.0,0.0,0.0,2.2416951656341553,0.0,-0.4230372905731201,11.44986343383789,0.25159385800361633,,0,-1
final,159912,ppo_rev12_114505,1503,goal,160,1.0,1.0,0.0,0.0,0.0,0.0,0.0,0.0,0.0,0.0,2.2145795822143555,0.0,-0.3493657112121582,12.897135734558105,0.27023735642433167,,0,-1
final,159912,ppo_rev12_114505,1504,goal,55,1.0,1.0,0.0,0.0,0.0,0.0,0.0,0.0,0.0,0.0,nan,0.0,-1.0,5.079824447631836,0.27802330255508423,,0,-1
final,159912,ppo_rev12_114505,1505,goal,59,1.0,1.0,0.0,0.0,0.0,0.0,0.0,0.0,0.0,0.0,nan,0.0,-1.0,5.7076416015625,0.23443692922592163,,0,-1
final,159912,ppo_rev12_114505,1506,goal,55,1.0,1.0,0.0,0.0,0.0,0.0,0.0,0.0,0.0,0.0,nan,0.0,-1.0,4.990277290344238,0.13678206503391266,,0,-1
final,159912,ppo_rev12_114505,1507,goal,88,1.0,1.0,0.0,0.0,0.0,0.0,0.0,0.0,0.0,0.0,3.6061019897460938,0.0,-1.0,7.728883743286133,0.2675853967666626,,0,-1
final,159912,ppo_rev12_114505,1508,goal,76,1.0,1.0,0.0,0.0,0.0,0.0,0.0,0.0,0.0,0.0,5.775660037994385,0.0,-1.0,8.192991256713867,0.2947378158569336,,0,-1
final,159912,ppo_rev12_114505,1509,goal,92,1.0,1.0,0.0,0.0,0.0,0.0,0.0,0.0,0.0,0.0,5.049949645996094,0.0,-0.8032946586608887,9.163204193115234,0.2776143550872803,,0,-1
final,159912,ppo_rev12_114505,1510,goal,79,1.0,1.0,0.0,0.0,0.0,0.0,0.0,0.0,0.0,0.0,2.6232216358184814,0.0,-1.0,6.782732963562012,0.2645324766635895,,0,-1
final,159912,ppo_rev12_114505,1511,goal,62,1.0,1.0,0.0,0.0,0.0,0.0,0.0,0.0,0.0,0.0,3.837291717529297,0.0,0.8360674381256104,4.742272853851318,0.28369274735450745,,0,-1
final,159912,ppo_rev12_114505,1512,collision,27,-2.0,0.0,1.0,0.0,0.0,0.0,0.0,0.0,0.0,0.07407407407407407,nan,0.0,1.0,2.481020212173462,nan,obstacle,0,-1
final,159912,ppo_rev12_114505,1513,goal,63,1.0,1.0,0.0,0.0,0.0,0.0,0.0,0.0,0.0,0.0,3.948791265487671,0.0,-1.0,5.393887519836426,0.2754895091056824,,0,-1
final,159912,ppo_rev12_114505,1514,goal,72,1.0,1.0,0.0,0.0,0.0,0.0,0.0,0.0,0.0,0.0,5.663142681121826,0.0,-1.0,6.5499067306518555,0.26640158891677856,,0,-1
final,159912,ppo_rev12_114505,1515,goal,108,1.0,1.0,0.0,0.0,0.0,0.0,0.0,0.0,0.0,0.0,2.2591493129730225,0.0,0.891053318977356,8.66470718383789,0.20234060287475586,,0,-1
final,159912,ppo_rev12_114505,1516,goal,82,1.0,1.0,0.0,0.0,0.0,0.0,0.0,0.0,0.0,0.0,5.394789695739746,0.0,-0.7621718645095825,8.390523910522461,0.29201608896255493,,0,-1
final,159912,ppo_rev12_114505,1517,goal,50,1.0,1.0,0.0,0.0,0.0,0.0,0.0,0.0,0.0,0.0,nan,0.0,-1.0,4.99672269821167,0.27587297558784485,,0,-1
final,159912,ppo_rev12_114505,1518,goal,45,1.0,1.0,0.0,0.0,0.0,0.0,0.0,0.0,0.0,0.0,nan,0.0,-1.0,2.980778932571411,0.28274044394493103,,0,-1
final,159912,ppo_rev12_114505,1519,goal,115,1.0,1.0,0.0,0.0,0.0,0.0,0.0,0.0,0.0,0.0,2.9265120029449463,0.0,-1.0,9.533888816833496,0.2993258535861969,,0,-1
final,159912,ppo_rev12_114505,1520,goal,101,1.0,1.0,0.0,0.0,0.0,0.0,0.0,0.0,0.0,0.039603960396039604,3.2192652225494385,0.0,-0.6435995101928711,9.234578132629395,0.2858212888240814,,0,-1
final,159912,ppo_rev12_114505,1521,goal,112,1.0,1.0,0.0,0.0,0.0,0.0,0.0,0.0,0.0,0.0,2.9035468101501465,0.0,-0.7019047737121582,10.707796096801758,0.2889714241027832,,0,-1
final,159912,ppo_rev12_114505,1522,goal,76,1.0,1.0,0.0,0.0,0.0,0.0,0.0,0.0,0.0,0.0,4.8624067306518555,0.0,-0.05730092525482178,7.175930976867676,0.2650255262851715,,0,-1
final,159912,ppo_rev12_114505,1523,goal,92,1.0,1.0,0.0,0.0,0.0,0.0,0.0,0.0,0.0,0.0,4.158864974975586,0.0,0.32285815477371216,8.412036895751953,0.27140626311302185,,0,-1
final,159912,ppo_rev12_114505,1524,goal,69,1.0,1.0,0.0,0.0,0.0,0.0,0.0,0.0,0.0,0.0,4.127559185028076,0.0,-1.0,6.227797031402588,0.12145894765853882,,0,-1
final,159912,ppo_rev12_114505,1525,goal,131,1.0,1.0,0.0,0.0,0.0,0.0,0.0,0.0,0.0,0.0,3.951395273208618,0.0,-1.0,13.004277229309082,0.28094327449798584,,0,-1
final,159912,ppo_rev12_114505,1526,goal,64,1.0,1.0,0.0,0.0,0.0,0.0,0.0,0.0,0.0,0.0,4.335306167602539,0.0,-0.02696049213409424,5.942955493927002,0.23396921157836914,,0,-1
final,159912,ppo_rev12_114505,1527,goal,89,1.0,1.0,0.0,0.0,0.0,0.0,0.0,0.0,0.0,0.0,4.213324069976807,0.0,-0.9596773386001587,8.887372970581055,0.20168666541576385,,0,-1
final,159912,ppo_rev12_114505,1528,goal,80,1.0,1.0,0.0,0.0,0.0,0.0,0.0,0.0,0.0,0.0,5.656106472015381,0.0,-1.0,8.641233444213867,0.24280507862567902,,0,-1
final,159912,ppo_rev12_114505,1529,goal,98,1.0,1.0,0.0,0.0,0.0,0.0,0.0,0.0,0.0,0.0,4.2932939529418945,0.0,-1.0,10.072244644165039,0.2961063086986542,,0,-1
final,159912,ppo_rev12_114505,1530,goal,49,1.0,1.0,0.0,0.0,0.0,0.0,0.0,0.0,0.0,0.0,nan,0.0,-1.0,4.476398468017578,0.27276718616485596,,0,-1
final,159912,ppo_rev12_114505,1531,goal,70,1.0,1.0,0.0,0.0,0.0,0.0,0.0,0.0,0.0,0.0,3.560647487640381,0.0,0.0064727067947387695,5.7002410888671875,0.2690702974796295,,0,-1
final,159912,ppo_rev12_114505,1532,goal,81,1.0,1.0,0.0,0.0,0.0,0.0,0.0,0.0,0.0,0.0,3.587296724319458,0.0,-0.5993887186050415,8.02177619934082,0.250652939081192,,0,-1
final,159912,ppo_rev12_114505,1533,goal,38,1.0,1.0,0.0,0.0,0.0,0.0,0.0,0.0,0.0,0.0,nan,0.0,0.11400824785232544,2.278106212615967,0.29698461294174194,,0,-1
final,159912,ppo_rev12_114505,1534,goal,74,1.0,1.0,0.0,0.0,0.0,0.0,0.0,0.0,0.0,0.0,3.366910696029663,0.0,-1.0,5.854463577270508,0.26630067825317383,,0,-1
final,159912,ppo_rev12_114505,1535,goal,53,1.0,1.0,0.0,0.0,0.0,0.0,0.0,0.0,0.0,0.0,nan,0.0,-1.0,4.059601306915283,0.2763785123825073,,0,-1
final,159912,ppo_rev12_114505,1536,goal,89,1.0,1.0,0.0,0.0,0.0,0.0,0.0,0.0,0.0,0.0,3.4593472480773926,0.0,0.3190031051635742,8.039665222167969,0.29490232467651367,,0,-1
final,159912,ppo_rev12_114505,1537,goal,72,1.0,1.0,0.0,0.0,0.0,0.0,0.0,0.0,0.0,0.027777777777777776,4.342356204986572,0.0,-1.0,6.60255241394043,0.28896740078926086,,0,-1
final,159912,ppo_rev12_114505,1538,goal,121,1.0,1.0,0.0,0.0,0.0,0.0,0.0,0.0,0.0,0.0,3.5937914848327637,0.0,-0.567378044128418,9.860501289367676,0.28933945298194885,,0,-1
final,159912,ppo_rev12_114505,1539,goal,143,1.0,1.0,0.0,0.0,0.0,0.0,0.0,0.0,0.0,0.0,1.8788189888000488,0.0,0.5293875932693481,10.317117691040039,0.2754861116409302,,0,-1
final,159912,ppo_rev12_114505,1540,goal,172,1.0,1.0,0.0,0.0,0.0,0.0,0.0,0.0,0.0,0.0,0.14985273778438568,0.0,0.7954380512237549,7.4598917961120605,0.14322827756404877,,0,-1
final,159912,ppo_rev12_114505,1541,goal,102,1.0,1.0,0.0,0.0,0.0,0.0,0.0,0.0,0.0,0.0,4.84504508972168,0.0,-1.0,10.760567665100098,0.25927093625068665,,0,-1
final,159912,ppo_rev12_114505,1542,goal,51,1.0,1.0,0.0,0.0,0.0,0.0,0.0,0.0,0.0,0.0,nan,0.0,-1.0,4.536623001098633,0.2822878062725067,,0,-1
final,159912,ppo_rev12_114505,1543,goal,65,1.0,1.0,0.0,0.0,0.0,0.0,0.0,0.0,0.0,0.0,5.265649795532227,0.0,-1.0,6.09351110458374,0.2698499262332916,,0,-1
final,159912,ppo_rev12_114505,1544,goal,83,1.0,1.0,0.0,0.0,0.0,0.0,0.0,0.0,0.0,0.0,2.293549060821533,0.0,-1.0,4.049241065979004,0.29821163415908813,,0,-1
final,159912,ppo_rev12_114505,1545,goal,169,1.0,1.0,0.0,0.0,0.0,0.0,0.0,0.0,0.0,0.0,1.314265489578247,0.0,0.915045976638794,12.649784088134766,0.2925965487957001,,0,-1
final,159912,ppo_rev12_114505,1546,goal,65,1.0,1.0,0.0,0.0,0.0,0.0,0.0,0.0,0.0,0.0,5.544517993927002,0.0,-1.0,6.013069152832031,0.2479172945022583,,0,-1
final,159912,ppo_rev12_114505,1547,goal,133,1.0,1.0,0.0,0.0,0.0,0.0,0.0,0.0,0.0,0.0,1.5537391901016235,0.0,-0.5512391328811646,9.579103469848633,0.27270743250846863,,0,-1
final,159912,ppo_rev12_114505,1548,goal,83,1.0,1.0,0.0,0.0,0.0,0.0,0.0,0.0,0.0,0.0,4.777952194213867,0.0,-1.0,8.306446075439453,0.2830312252044678,,0,-1
final,159912,ppo_rev12_114505,1549,goal,93,1.0,1.0,0.0,0.0,0.0,0.0,0.0,0.0,0.0,0.0,2.865380048751831,0.0,-0.10014557838439941,6.996943473815918,0.2839803099632263,,0,-1
final,159912,ppo_rev12_114505,1550,goal,64,1.0,1.0,0.0,0.0,0.0,0.0,0.0,0.0,0.0,0.046875,4.866335391998291,0.0,-1.0,6.199306488037109,0.2756664752960205,,0,-1
final,159912,ppo_rev12_114505,1551,goal,169,1.0,1.0,0.0,0.0,0.0,0.0,0.0,0.0,0.0,0.0,1.4031262397766113,0.0,-1.0,15.997438430786133,0.2675723135471344,,0,-1
final,159912,ppo_rev12_114505,1552,goal,95,1.0,1.0,0.0,0.0,0.0,0.0,0.0,0.0,0.0,0.0,3.3806581497192383,0.0,0.6697885990142822,6.699138641357422,0.2893523573875427,,0,-1
final,159912,ppo_rev12_114505,1553,goal,99,1.0,1.0,0.0,0.0,0.0,0.0,0.0,0.0,0.0,0.010101010101010102,5.0766706466674805,0.0,-0.750909686088562,10.347955703735352,0.28782013058662415,,0,-1
final,159912,ppo_rev12_114505,1554,goal,39,1.0,1.0,0.0,0.0,0.0,0.0,0.0,0.0,0.0,0.0,nan,0.0,-1.0,2.3783211708068848,0.2749093770980835,,0,-1
final,159912,ppo_rev12_114505,1555,goal,81,1.0,1.0,0.0,0.0,0.0,0.0,0.0,0.0,0.0,0.0,5.310096740722656,0.0,-1.0,7.399690628051758,0.2966979444026947,,0,-1
final,159912,ppo_rev12_114505,1556,goal,84,1.0,1.0,0.0,0.0,0.0,0.0,0.0,0.0,0.0,0.0,5.027174949645996,0.0,-0.16622650623321533,8.130104064941406,0.2937873899936676,,0,-1
final,159912,ppo_rev12_114505,1557,goal,70,1.0,1.0,0.0,0.0,0.0,0.0,0.0,0.0,0.0,0.0,4.637711048126221,0.0,-0.5544670820236206,6.262929916381836,0.278036892414093,,0,-1
final,159912,ppo_rev12_114505,1558,goal,103,1.0,1.0,0.0,0.0,0.0,0.0,0.0,0.0,0.0,0.0,4.000244617462158,0.0,0.040902674198150635,9.508410453796387,0.2888217568397522,,0,-1
final,159912,ppo_rev12_114505,1559,goal,83,1.0,1.0,0.0,0.0,0.0,0.0,0.0,0.0,0.0,0.0,5.066085338592529,0.0,-1.0,8.392068862915039,0.2771632671356201,,0,-1
final,159912,ppo_rev12_114505,1560,goal,95,1.0,1.0,0.0,0.0,0.0,0.0,0.0,0.0,0.0,0.0,4.771040916442871,0.0,-1.0,10.14431381225586,0.28492629528045654,,0,-1
final,159912,ppo_rev12_114505,1561,goal,68,1.0,1.0,0.0,0.0,0.0,0.0,0.0,0.0,0.0,0.0,5.688272476196289,0.0,-1.0,6.661886215209961,0.26949337124824524,,0,-1
final,159912,ppo_rev12_114505,1562,goal,67,1.0,1.0,0.0,0.0,0.0,0.0,0.0,0.0,0.0,0.0,3.8825995922088623,0.0,-1.0,5.129588603973389,0.2802092730998993,,0,-1
final,159912,ppo_rev12_114505,1563,goal,176,1.0,1.0,0.0,0.0,0.0,0.0,0.0,0.0,0.0,0.0,1.9943560361862183,0.0,0.4722372889518738,12.944694519042969,0.24201491475105286,,0,-1
final,159912,ppo_rev12_114505,1564,goal,70,1.0,1.0,0.0,0.0,0.0,0.0,0.0,0.0,0.0,0.0,5.225452899932861,0.0,-1.0,6.66002082824707,0.28953057527542114,,0,-1
final,159912,ppo_rev12_114505,1565,goal,69,1.0,1.0,0.0,0.0,0.0,0.0,0.0,0.0,0.0,0.0,3.5715434551239014,0.0,-1.0,6.323770523071289,0.2988094985485077,,0,-1
final,159912,ppo_rev12_114505,1566,goal,63,1.0,1.0,0.0,0.0,0.0,0.0,0.0,0.0,0.0,0.0,4.136836051940918,0.0,-0.03629863262176514,5.813692569732666,0.2707580626010895,,0,-1
final,159912,ppo_rev12_114505,1567,goal,87,1.0,1.0,0.0,0.0,0.0,0.0,0.0,0.0,0.0,0.0,3.94606614112854,0.0,0.8584541082382202,7.3740715980529785,0.27791842818260193,,0,-1
final,159912,ppo_rev12_114505,1568,goal,126,1.0,1.0,0.0,0.0,0.0,0.0,0.0,0.0,0.0,0.0,3.4743666648864746,0.0,-0.9995719194412231,13.910306930541992,0.24765971302986145,,0,-1
final,159912,ppo_rev12_114505,1569,goal,95,1.0,1.0,0.0,0.0,0.0,0.0,0.0,0.0,0.0,0.0,1.7237415313720703,0.0,0.485268235206604,6.4800310134887695,0.0877533107995987,,0,-1
final,159912,ppo_rev12_114505,1570,goal,96,1.0,1.0,0.0,0.0,0.0,0.0,0.0,0.0,0.0,0.0,3.840282678604126,0.0,-1.0,9.619043350219727,0.29711899161338806,,0,-1
final,159912,ppo_rev12_114505,1571,goal,80,1.0,1.0,0.0,0.0,0.0,0.0,0.0,0.0,0.0,0.0,4.539397239685059,0.0,-1.0,7.635491371154785,0.2693324387073517,,0,-1
final,159912,ppo_rev12_114505,1572,collision,8,-2.0,0.0,1.0,0.0,0.0,0.0,0.0,0.0,0.0,0.125,nan,0.0,1.0,0.6896184682846069,nan,obstacle,0,-1
final,159912,ppo_rev12_114505,1573,goal,87,1.0,1.0,0.0,0.0,0.0,0.0,0.0,0.0,0.0,0.0,2.676602840423584,0.0,-0.8721411228179932,7.3225483894348145,0.2939556837081909,,0,-1
final,159912,ppo_rev12_114505,1574,collision,42,-2.0,0.0,1.0,0.0,0.0,0.0,0.0,0.0,0.0,0.0,nan,0.0,1.0,4.168307304382324,nan,obstacle,0,-1
final,159912,ppo_rev12_114505,1575,goal,98,1.0,1.0,0.0,0.0,0.0,0.0,0.0,0.0,0.0,0.030612244897959183,5.667678356170654,0.0,-1.0,10.492446899414062,0.25543659925460815,,0,-1
final,159912,ppo_rev12_114505,1576,timeout,200,-0.5,0.0,0.0,0.0,0.0,1.0,0.0,0.0,0.0,0.0,0.4696802496910095,0.0,0.10910874605178833,14.289976119995117,nan,,0,-1
final,159912,ppo_rev12_114505,1577,collision,8,-2.0,0.0,1.0,0.0,0.0,0.0,0.0,0.0,0.0,0.25,nan,0.0,1.0,0.69272780418396,nan,obstacle,0,-1
final,159912,ppo_rev12_114505,1578,goal,111,1.0,1.0,0.0,0.0,0.0,0.0,0.0,0.0,0.0,0.009009009009009009,3.12204909324646,0.0,-0.3416539430618286,10.785996437072754,0.276882141828537,,0,-1
final,159912,ppo_rev12_114505,1579,goal,75,1.0,1.0,0.0,0.0,0.0,0.0,0.0,0.0,0.0,0.0,5.248067855834961,0.0,-0.1564241647720337,7.357651233673096,0.27835097908973694,,0,-1
final,159912,ppo_rev12_114505,1580,goal,61,1.0,1.0,0.0,0.0,0.0,0.0,0.0,0.0,0.0,0.0,4.502258777618408,0.0,-1.0,5.047540664672852,0.23819918930530548,,0,-1
final,159912,ppo_rev12_114505,1581,goal,49,1.0,1.0,0.0,0.0,0.0,0.0,0.0,0.0,0.0,0.0,nan,0.0,-1.0,4.159067153930664,0.2997041642665863,,0,-1
final,159912,ppo_rev12_114505,1582,goal,96,1.0,1.0,0.0,0.0,0.0,0.0,0.0,0.0,0.0,0.0,4.439985752105713,0.0,-1.0,8.596238136291504,0.25694578886032104,,0,-1
final,159912,ppo_rev12_114505,1583,goal,57,1.0,1.0,0.0,0.0,0.0,0.0,0.0,0.0,0.0,0.0,nan,0.0,-1.0,4.029614448547363,0.27025485038757324,,0,-1
final,159912,ppo_rev12_114505,1584,goal,94,1.0,1.0,0.0,0.0,0.0,0.0,0.0,0.0,0.0,0.0,2.2742276191711426,0.0,0.01313096284866333,6.669073104858398,0.2924036979675293,,0,-1
final,159912,ppo_rev12_114505,1585,goal,57,1.0,1.0,0.0,0.0,0.0,0.0,0.0,0.0,0.0,0.0,nan,0.0,-1.0,4.388613700866699,0.2512628436088562,,0,-1
final,159912,ppo_rev12_114505,1586,goal,62,1.0,1.0,0.0,0.0,0.0,0.0,0.0,0.0,0.0,0.0,5.5248870849609375,0.0,-1.0,5.839558124542236,0.28418150544166565,,0,-1
final,159912,ppo_rev12_114505,1587,goal,147,1.0,1.0,0.0,0.0,0.0,0.0,0.0,0.0,0.0,0.0,2.8456602096557617,0.0,-0.5418730974197388,13.966839790344238,0.2907605469226837,,0,-1
final,159912,ppo_rev12_114505,1588,goal,48,1.0,1.0,0.0,0.0,0.0,0.0,0.0,0.0,0.0,0.0,nan,0.0,-1.0,3.8687939643859863,0.24306392669677734,,0,-1
final,159912,ppo_rev12_114505,1589,goal,109,1.0,1.0,0.0,0.0,0.0,0.0,0.0,0.0,0.0,0.0,3.4370908737182617,0.0,-1.0,9.946081161499023,0.2996593713760376,,0,-1
final,159912,ppo_rev12_114505,1590,goal,71,1.0,1.0,0.0,0.0,0.0,0.0,0.0,0.0,0.0,0.0,5.119746685028076,0.0,0.3780057430267334,6.881347179412842,0.10549267381429672,,0,-1
final,159912,ppo_rev12_114505,1591,goal,132,1.0,1.0,0.0,0.0,0.0,0.0,0.0,0.0,0.0,0.0,3.515164852142334,0.0,-0.43233001232147217,13.131853103637695,0.26065757870674133,,0,-1
final,159912,ppo_rev12_114505,1592,goal,79,1.0,1.0,0.0,0.0,0.0,0.0,0.0,0.0,0.0,0.0,5.354549407958984,0.0,-1.0,7.741695404052734,0.28244730830192566,,0,-1
final,159912,ppo_rev12_114505,1593,goal,85,1.0,1.0,0.0,0.0,0.0,0.0,0.0,0.0,0.0,0.0,4.134584903717041,0.0,-0.11916863918304443,7.014999866485596,0.29841339588165283,,0,-1
final,159912,ppo_rev12_114505,1594,goal,177,1.0,1.0,0.0,0.0,0.0,0.0,0.0,0.0,0.0,0.0,2.105774164199829,0.0,0.5898653268814087,13.519807815551758,0.2776685655117035,,0,-1
final,159912,ppo_rev12_114505,1595,goal,102,1.0,1.0,0.0,0.0,0.0,0.0,0.0,0.0,0.0,0.0,4.455880165100098,0.0,-0.5276831388473511,10.27786922454834,0.2834213972091675,,0,-1
final,159912,ppo_rev12_114505,1596,goal,98,1.0,1.0,0.0,0.0,0.0,0.0,0.0,0.0,0.0,0.0,5.490583896636963,0.0,-1.0,10.637948989868164,0.23910877108573914,,0,-1
final,159912,ppo_rev12_114505,1597,goal,97,1.0,1.0,0.0,0.0,0.0,0.0,0.0,0.0,0.0,0.0,4.909817218780518,0.0,-1.0,10.19472885131836,0.29185783863067627,,0,-1
final,159912,ppo_rev12_114505,1598,goal,72,1.0,1.0,0.0,0.0,0.0,0.0,0.0,0.0,0.0,0.0,5.644339561462402,0.0,-1.0,7.081719398498535,0.2620960474014282,,0,-1
final,159912,ppo_rev12_114505,1599,goal,52,1.0,1.0,0.0,0.0,0.0,0.0,0.0,0.0,0.0,0.0,nan,0.0,-1.0,4.501974582672119,0.2357899397611618,,0,-1
final,159912,ppo_rev12_114505,1600,goal,152,1.0,1.0,0.0,0.0,0.0,0.0,0.0,0.0,0.0,0.0,3.2322537899017334,0.0,-1.0,15.602741241455078,0.26782068610191345,,0,-1
final,159912,ppo_rev12_114505,1601,goal,72,1.0,1.0,0.0,0.0,0.0,0.0,0.0,0.0,0.0,0.0,5.594757556915283,0.0,-1.0,7.209231376647949,0.060731854289770126,,0,-1
final,159912,ppo_rev12_114505,1602,goal,82,1.0,1.0,0.0,0.0,0.0,0.0,0.0,0.0,0.0,0.0,5.142139911651611,0.0,-1.0,7.805839538574219,0.27372777462005615,,0,-1
final,159912,ppo_rev12_114505,1603,goal,115,1.0,1.0,0.0,0.0,0.0,0.0,0.0,0.0,0.0,0.034782608695652174,3.424592971801758,0.0,-1.0,12.506837844848633,0.26416870951652527,,1,7
final,159912,ppo_rev12_114505,1604,collision,8,-2.0,0.0,1.0,0.0,0.0,0.0,0.0,0.0,0.0,0.0,nan,0.0,1.0,0.7905369997024536,nan,obstacle,0,-1
final,159912,ppo_rev12_114505,1605,goal,71,1.0,1.0,0.0,0.0,0.0,0.0,0.0,0.0,0.0,0.0,3.808335304260254,0.0,-0.8177217245101929,6.708359718322754,0.29153236746788025,,0,-1
final,159912,ppo_rev12_114505,1606,goal,67,1.0,1.0,0.0,0.0,0.0,0.0,0.0,0.0,0.0,0.0,5.388068199157715,0.0,-0.5430437326431274,6.557979583740234,0.2583296597003937,,0,-1
final,159912,ppo_rev12_114505,1607,goal,110,1.0,1.0,0.0,0.0,0.0,0.0,0.0,0.0,0.0,0.0,4.003909111022949,0.0,0.01567387580871582,10.267802238464355,0.20570328831672668,,0,-1
final,159912,ppo_rev12_114505,1608,goal,47,1.0,1.0,0.0,0.0,0.0,0.0,0.0,0.0,0.0,0.0,nan,0.0,-1.0,3.729787826538086,0.2892504036426544,,0,-1
final,159912,ppo_rev12_114505,1609,timeout,200,-0.5,0.0,0.0,0.0,0.0,1.0,0.0,0.0,0.0,0.0,0.28415364027023315,0.0,0.38122373819351196,6.58709192276001,nan,,0,-1
final,159912,ppo_rev12_114505,1610,goal,90,1.0,1.0,0.0,0.0,0.0,0.0,0.0,0.0,0.0,0.0,4.1612348556518555,0.0,-0.3943355083465576,7.376800537109375,0.2778393030166626,,0,-1
final,159912,ppo_rev12_114505,1611,goal,133,1.0,1.0,0.0,0.0,0.0,0.0,0.0,0.0,0.0,0.0,2.3486292362213135,0.0,-0.5173044204711914,10.467029571533203,0.27990496158599854,,0,-1
final,159912,ppo_rev12_114505,1612,goal,59,1.0,1.0,0.0,0.0,0.0,0.0,0.0,0.0,0.0,0.0,nan,0.0,-1.0,5.509476661682129,0.13481834530830383,,0,-1
final,159912,ppo_rev12_114505,1613,goal,194,1.0,1.0,0.0,0.0,0.0,0.0,0.0,0.0,0.0,0.0,1.2906925678253174,0.0,0.8042516112327576,12.896913528442383,0.21728114783763885,,0,-1
final,159912,ppo_rev12_114505,1614,goal,90,1.0,1.0,0.0,0.0,0.0,0.0,0.0,0.0,0.0,0.0,2.972367525100708,0.0,-1.0,6.900538444519043,0.270216166973114,,0,-1
final,159912,ppo_rev12_114505,1615,goal,103,1.0,1.0,0.0,0.0,0.0,0.0,0.0,0.0,0.0,0.0,3.4747321605682373,0.0,-1.0,9.35666275024414,0.16456139087677002,,0,-1
final,159912,ppo_rev12_114505,1616,goal,93,1.0,1.0,0.0,0.0,0.0,0.0,0.0,0.0,0.0,0.0,2.8940269947052,0.0,-0.5440200567245483,6.859472751617432,0.29562482237815857,,0,-1
final,159912,ppo_rev12_114505,1617,goal,76,1.0,1.0,0.0,0.0,0.0,0.0,0.0,0.0,0.0,0.013157894736842105,5.1029767990112305,0.0,-1.0,7.47916841506958,0.26710617542266846,,1,10
final,159912,ppo_rev12_114505,1618,goal,105,1.0,1.0,0.0,0.0,0.0,0.0,0.0,0.0,0.0,0.0,4.4860005378723145,0.0,-0.09368860721588135,9.76589584350586,0.2930888235569,,0,-1
final,159912,ppo_rev12_114505,1619,goal,112,1.0,1.0,0.0,0.0,0.0,0.0,0.0,0.0,0.0,0.0,4.923013687133789,0.0,-1.0,12.082704544067383,0.2529072165489197,,0,-1
final,159912,ppo_rev12_114505,1620,goal,87,1.0,1.0,0.0,0.0,0.0,0.0,0.0,0.0,0.0,0.0,5.3174028396606445,0.0,0.7278158664703369,8.985595703125,0.28801271319389343,,0,-1
final,159912,ppo_rev12_114505,1621,goal,104,1.0,1.0,0.0,0.0,0.0,0.0,0.0,0.0,0.0,0.0,2.314889907836914,0.0,-0.3380873203277588,6.987809181213379,0.28814536333084106,,0,-1
final,159912,ppo_rev12_114505,1622,goal,99,1.0,1.0,0.0,0.0,0.0,0.0,0.0,0.0,0.0,0.0,4.354076385498047,0.0,-1.0,8.915216445922852,0.24135005474090576,,0,-1
final,159912,ppo_rev12_114505,1623,goal,49,1.0,1.0,0.0,0.0,0.0,0.0,0.0,0.0,0.0,0.0,nan,0.0,-1.0,4.250368118286133,0.22709180414676666,,0,-1
final,159912,ppo_rev12_114505,1624,goal,141,1.0,1.0,0.0,0.0,0.0,0.0,0.0,0.0,0.0,0.0,3.906661033630371,0.0,-1.0,15.785663604736328,0.2602177858352661,,0,-1
final,159912,ppo_rev12_114505,1625,goal,88,1.0,1.0,0.0,0.0,0.0,0.0,0.0,0.0,0.0,0.0,5.044458866119385,0.0,-1.0,8.625914573669434,0.2574092447757721,,0,-1
final,159912,ppo_rev12_114505,1626,goal,113,1.0,1.0,0.0,0.0,0.0,0.0,0.0,0.0,0.0,0.0,3.005251407623291,0.0,-0.8035919666290283,9.662236213684082,0.2691035568714142,,0,-1
final,159912,ppo_rev12_114505,1627,timeout,200,-0.5,0.0,0.0,0.0,0.0,1.0,0.0,0.0,0.0,0.0,0.1943945586681366,0.0,0.6608047485351562,7.166378974914551,nan,,0,-1
final,159912,ppo_rev12_114505,1628,collision,10,-2.0,0.0,1.0,0.0,0.0,0.0,0.0,0.0,0.0,0.0,nan,0.0,1.0,0.9628282785415649,nan,obstacle,0,-1
final,159912,ppo_rev12_114505,1629,goal,71,1.0,1.0,0.0,0.0,0.0,0.0,0.0,0.0,0.0,0.0,5.852909088134766,0.0,-1.0,6.816011428833008,0.2418270856142044,,0,-1
final,159912,ppo_rev12_114505,1630,goal,140,1.0,1.0,0.0,0.0,0.0,0.0,0.0,0.0,0.0,0.0,2.290558099746704,0.0,-0.28209078311920166,10.989888191223145,0.2708612382411957,,0,-1
final,159912,ppo_rev12_114505,1631,goal,81,1.0,1.0,0.0,0.0,0.0,0.0,0.0,0.0,0.0,0.04938271604938271,5.818660736083984,0.0,-1.0,8.205426216125488,0.2750089466571808,,0,-1
final,159912,ppo_rev12_114505,1632,goal,94,1.0,1.0,0.0,0.0,0.0,0.0,0.0,0.0,0.0,0.0,3.9355289936065674,0.0,-0.28877270221710205,8.428998947143555,0.27748867869377136,,0,-1
final,159912,ppo_rev12_114505,1633,goal,126,1.0,1.0,0.0,0.0,0.0,0.0,0.0,0.0,0.0,0.0,2.7926409244537354,0.0,-0.3991025686264038,12.863103866577148,0.296078622341156,,0,-1
final,159912,ppo_rev12_114505,1634,goal,65,1.0,1.0,0.0,0.0,0.0,0.0,0.0,0.0,0.0,0.0,4.60789680480957,0.0,-1.0,6.3101348876953125,0.26406726241111755,,0,-1
final,159912,ppo_rev12_114505,1635,goal,71,1.0,1.0,0.0,0.0,0.0,0.0,0.0,0.0,0.0,0.0,5.642879962921143,0.0,-1.0,6.500916481018066,0.2861911356449127,,0,-1
final,159912,ppo_rev12_114505,1636,timeout,200,-0.5,0.0,0.0,0.0,0.0,1.0,0.0,0.0,0.0,0.015,1.0175563097000122,0.0,-0.9599795341491699,14.85821533203125,nan,,0,-1
final,159912,ppo_rev12_114505,1637,goal,109,1.0,1.0,0.0,0.0,0.0,0.0,0.0,0.0,0.0,0.0,3.757772922515869,0.0,-0.0988084077835083,10.383916854858398,0.2012450397014618,,0,-1
final,159912,ppo_rev12_114505,1638,goal,82,1.0,1.0,0.0,0.0,0.0,0.0,0.0,0.0,0.0,0.0,5.134295463562012,0.0,-0.4255805015563965,8.118715286254883,0.2700309455394745,,0,-1
final,159912,ppo_rev12_114505,1639,goal,75,1.0,1.0,0.0,0.0,0.0,0.0,0.0,0.0,0.0,0.0,3.075383186340332,0.0,-1.0,5.4516191482543945,0.2962777018547058,,0,-1
final,159912,ppo_rev12_114505,1640,goal,68,1.0,1.0,0.0,0.0,0.0,0.0,0.0,0.0,0.0,0.014705882352941176,4.230729103088379,0.0,-1.0,5.745949745178223,0.06552986055612564,,0,-1
final,159912,ppo_rev12_114505,1641,goal,125,1.0,1.0,0.0,0.0,0.0,0.0,0.0,0.0,0.0,0.024,3.6784048080444336,0.0,-1.0,13.489248275756836,0.2691008746623993,,0,-1
final,159912,ppo_rev12_114505,1642,goal,55,1.0,1.0,0.0,0.0,0.0,0.0,0.0,0.0,0.0,0.0,nan,0.0,-1.0,4.843326091766357,0.2956986725330353,,0,-1
final,159912,ppo_rev12_114505,1643,goal,96,1.0,1.0,0.0,0.0,0.0,0.0,0.0,0.0,0.0,0.08333333333333333,5.508265972137451,0.0,-1.0,10.648674011230469,0.26733362674713135,,0,-1
final,159912,ppo_rev12_114505,1644,goal,75,1.0,1.0,0.0,0.0,0.0,0.0,0.0,0.0,0.0,0.013333333333333334,4.616310119628906,0.0,-1.0,6.549947738647461,0.2703244388103485,,0,-1
final,159912,ppo_rev12_114505,1645,goal,108,1.0,1.0,0.0,0.0,0.0,0.0,0.0,0.0,0.0,0.0,4.474933624267578,0.0,-1.0,11.466320037841797,0.27985262870788574,,0,-1
final,159912,ppo_rev12_114505,1646,goal,97,1.0,1.0,0.0,0.0,0.0,0.0,0.0,0.0,0.0,0.0,5.2298359870910645,0.0,-1.0,10.309539794921875,0.29908737540245056,,0,-1
final,159912,ppo_rev12_114505,1647,goal,72,1.0,1.0,0.0,0.0,0.0,0.0,0.0,0.0,0.0,0.0,5.175331115722656,0.0,-1.0,7.231379508972168,0.12671028077602386,,0,-1
final,159912,ppo_rev12_114505,1648,goal,147,1.0,1.0,0.0,0.0,0.0,0.0,0.0,0.0,0.0,0.0,2.0049595832824707,0.0,-0.11534738540649414,12.077438354492188,0.22594274580478668,,0,-1
final,159912,ppo_rev12_114505,1649,goal,81,1.0,1.0,0.0,0.0,0.0,0.0,0.0,0.0,0.0,0.0,4.631585121154785,0.0,-1.0,7.450096130371094,0.20980402827262878,,0,-1
final,159912,ppo_rev12_114505,1650,goal,136,1.0,1.0,0.0,0.0,0.0,0.0,0.0,0.0,0.0,0.0,2.457050323486328,0.0,0.0075179338455200195,10.673832893371582,0.23657704889774323,,0,-1
final,159912,ppo_rev12_114505,1651,goal,90,1.0,1.0,0.0,0.0,0.0,0.0,0.0,0.0,0.0,0.0,4.6634745597839355,0.0,-1.0,8.558074951171875,0.2882663309574127,,0,-1
final,159912,ppo_rev12_114505,1652,goal,197,1.0,1.0,0.0,0.0,0.0,0.0,0.0,0.0,0.0,0.0,1.7362444400787354,0.0,-0.8377655744552612,18.577560424804688,0.2718389332294464,,0,-1
final,159912,ppo_rev12_114505,1653,goal,100,1.0,1.0,0.0,0.0,0.0,0.0,0.0,0.0,0.0,0.0,4.164425849914551,0.0,-1.0,10.271492004394531,0.257142573595047,,0,-1
final,159912,ppo_rev12_114505,1654,goal,80,1.0,1.0,0.0,0.0,0.0,0.0,0.0,0.0,0.0,0.0,5.519906997680664,0.0,-1.0,8.048760414123535,0.21438580751419067,,0,-1
final,159912,ppo_rev12_114505,1655,goal,84,1.0,1.0,0.0,0.0,0.0,0.0,0.0,0.0,0.0,0.0,4.26670503616333,0.0,-0.7605199813842773,7.510114669799805,0.279976487159729,,0,-1
final,159912,ppo_rev12_114505,1656,collision,14,-2.0,0.0,1.0,0.0,0.0,0.0,0.0,0.0,0.0,0.0,nan,0.0,1.0,1.2694562673568726,nan,obstacle,0,-1
final,159912,ppo_rev12_114505,1657,goal,66,1.0,1.0,0.0,0.0,0.0,0.0,0.0,0.0,0.0,0.0,4.548115253448486,0.0,0.21882331371307373,5.452150344848633,0.28566431999206543,,0,-1
final,159912,ppo_rev12_114505,1658,goal,124,1.0,1.0,0.0,0.0,0.0,0.0,0.0,0.0,0.0,0.0,3.0891504287719727,0.0,-0.2940620183944702,8.8654203414917,0.2899276912212372,,0,-1
final,159912,ppo_rev12_114505,1659,goal,93,1.0,1.0,0.0,0.0,0.0,0.0,0.0,0.0,0.0,0.0,4.13170051574707,0.0,-0.621493935585022,7.990251541137695,0.2645954489707947,,0,-1
final,159912,ppo_rev12_114505,1660,goal,131,1.0,1.0,0.0,0.0,0.0,0.0,0.0,0.0,0.0,0.0,3.3247275352478027,0.0,0.6659067869186401,11.410266876220703,0.294731467962265,,0,-1
final,159912,ppo_rev12_114505,1661,goal,89,1.0,1.0,0.0,0.0,0.0,0.0,0.0,0.0,0.0,0.0,2.734893321990967,0.0,-1.0,6.596374988555908,0.2524486184120178,,0,-1
final,159912,ppo_rev12_114505,1662,goal,66,1.0,1.0,0.0,0.0,0.0,0.0,0.0,0.0,0.0,0.0,2.1746737957000732,0.0,-1.0,4.953354835510254,0.2899448871612549,,0,-1
final,159912,ppo_rev12_114505,1663,goal,84,1.0,1.0,0.0,0.0,0.0,0.0,0.0,0.0,0.0,0.0,5.792799472808838,0.0,-1.0,8.639021873474121,0.29190701246261597,,0,-1
final,159912,ppo_rev12_114505,1664,goal,147,1.0,1.0,0.0,0.0,0.0,0.0,0.0,0.0,0.0,0.0,4.114442348480225,0.0,-1.0,15.801248550415039,0.2808688282966614,,0,-1
final,159912,ppo_rev12_114505,1665,goal,116,1.0,1.0,0.0,0.0,0.0,0.0,0.0,0.0,0.0,0.02586206896551724,4.776918411254883,0.0,-0.31416189670562744,11.100553512573242,0.27183669805526733,,0,-1
final,159912,ppo_rev12_114505,1666,goal,72,1.0,1.0,0.0,0.0,0.0,0.0,0.0,0.0,0.0,0.0,4.633788108825684,0.0,-0.19778120517730713,6.499415397644043,0.2927529513835907,,0,-1
final,159912,ppo_rev12_114505,1667,goal,70,1.0,1.0,0.0,0.0,0.0,0.0,0.0,0.0,0.0,0.02857142857142857,5.4178996086120605,0.0,-1.0,6.974342346191406,0.26872017979621887,,0,-1
final,159912,ppo_rev12_114505,1668,goal,142,1.0,1.0,0.0,0.0,0.0,0.0,0.0,0.0,0.0,0.0,2.8028717041015625,0.0,-0.17470526695251465,13.83163070678711,0.29089298844337463,,0,-1
final,159912,ppo_rev12_114505,1669,goal,74,1.0,1.0,0.0,0.0,0.0,0.0,0.0,0.0,0.0,0.0,4.198308944702148,0.0,-0.3001389503479004,6.153487205505371,0.16538523137569427,,0,-1
final,159912,ppo_rev12_114505,1670,goal,93,1.0,1.0,0.0,0.0,0.0,0.0,0.0,0.0,0.0,0.0,3.536144256591797,0.0,-0.8993252515792847,9.532629013061523,0.2762032449245453,,0,-1
final,159912,ppo_rev12_114505,1671,goal,103,1.0,1.0,0.0,0.0,0.0,0.0,0.0,0.0,0.0,0.0,4.312180995941162,0.0,-1.0,9.775014877319336,0.27673816680908203,,0,-1
final,159912,ppo_rev12_114505,1672,goal,114,1.0,1.0,0.0,0.0,0.0,0.0,0.0,0.0,0.0,0.0,3.794421672821045,0.0,-1.0,10.281009674072266,0.23594187200069427,,0,-1
final,159912,ppo_rev12_114505,1673,goal,67,1.0,1.0,0.0,0.0,0.0,0.0,0.0,0.0,0.0,0.0,3.1575205326080322,0.0,-1.0,6.197246074676514,0.07786653935909271,,0,-1
final,159912,ppo_rev12_114505,1674,goal,63,1.0,1.0,0.0,0.0,0.0,0.0,0.0,0.0,0.0,0.0,4.714105606079102,0.0,-1.0,5.556616306304932,0.26232364773750305,,0,-1
final,159912,ppo_rev12_114505,1675,goal,61,1.0,1.0,0.0,0.0,0.0,0.0,0.0,0.0,0.0,0.0,4.876131534576416,0.0,-1.0,6.039234161376953,0.2640016973018646,,0,-1
final,159912,ppo_rev12_114505,1676,goal,194,1.0,1.0,0.0,0.0,0.0,0.0,0.0,0.0,0.0,0.0,0.5416697859764099,0.0,-0.8875200748443604,12.245101928710938,0.2987901270389557,,0,-1
final,159912,ppo_rev12_114505,1677,goal,113,1.0,1.0,0.0,0.0,0.0,0.0,0.0,0.0,0.0,0.0,1.831053614616394,0.0,0.9686176180839539,7.814184665679932,0.13810323178768158,,0,-1
final,159912,ppo_rev12_114505,1678,goal,66,1.0,1.0,0.0,0.0,0.0,0.0,0.0,0.0,0.0,0.0,4.319146633148193,0.0,-1.0,6.376455783843994,0.1941782832145691,,0,-1
final,159912,ppo_rev12_114505,1679,goal,143,1.0,1.0,0.0,0.0,0.0,0.0,0.0,0.0,0.0,0.0,5.692894458770752,0.0,-1.0,16.845077514648438,0.26907315850257874,,0,-1
final,159912,ppo_rev12_114505,1680,goal,58,1.0,1.0,0.0,0.0,0.0,0.0,0.0,0.0,0.0,0.0,nan,0.0,-1.0,4.145162582397461,0.2830272316932678,,0,-1
final,159912,ppo_rev12_114505,1681,timeout,200,-0.5,0.0,0.0,0.0,0.0,1.0,0.0,0.0,0.0,0.0,1.080469012260437,0.0,-0.4054676294326782,16.218463897705078,nan,,0,-1
final,159912,ppo_rev12_114505,1682,goal,139,1.0,1.0,0.0,0.0,0.0,0.0,0.0,0.0,0.0,0.0,0.6475335359573364,0.0,-1.0,9.150569915771484,0.24180009961128235,,0,-1
final,159912,ppo_rev12_114505,1683,goal,76,1.0,1.0,0.0,0.0,0.0,0.0,0.0,0.0,0.0,0.0,3.146634340286255,0.0,-0.06086421012878418,6.253814220428467,0.22144649922847748,,0,-1
final,159912,ppo_rev12_114505,1684,goal,91,1.0,1.0,0.0,0.0,0.0,0.0,0.0,0.0,0.0,0.0,4.037026882171631,0.0,-1.0,9.754127502441406,0.2637368440628052,,0,-1
final,159912,ppo_rev12_114505,1685,goal,92,1.0,1.0,0.0,0.0,0.0,0.0,0.0,0.0,0.0,0.0,4.8950982093811035,0.0,-1.0,9.34875202178955,0.27962079644203186,,0,-1
final,159912,ppo_rev12_114505,1686,collision,5,-2.0,0.0,1.0,0.0,0.0,0.0,0.0,0.0,0.0,0.0,nan,0.0,1.0,0.27565786242485046,nan,obstacle,0,-1
final,159912,ppo_rev12_114505,1687,goal,105,1.0,1.0,0.0,0.0,0.0,0.0,0.0,0.0,0.0,0.0,3.4540703296661377,0.0,-0.03440570831298828,9.681558609008789,0.2994249761104584,,0,-1
final,159912,ppo_rev12_114505,1688,goal,65,1.0,1.0,0.0,0.0,0.0,0.0,0.0,0.0,0.0,0.03076923076923077,3.6538822650909424,0.0,-1.0,5.915153503417969,0.2505975365638733,,0,-1
final,159912,ppo_rev12_114505,1689,collision,59,-2.0,0.0,1.0,0.0,0.0,0.0,0.0,0.0,0.0,0.0,nan,0.0,1.0,6.689435958862305,nan,obstacle,0,-1
final,159912,ppo_rev12_114505,1690,goal,160,1.0,1.0,0.0,0.0,0.0,0.0,0.0,0.0,0.0,0.0,4.562208652496338,0.0,-1.0,16.78510093688965,0.149694561958313,,0,-1
final,159912,ppo_rev12_114505,1691,goal,77,1.0,1.0,0.0,0.0,0.0,0.0,0.0,0.0,0.0,0.0,4.7421135902404785,0.0,-1.0,7.844576835632324,0.25906938314437866,,0,-1
final,159912,ppo_rev12_114505,1692,goal,54,1.0,1.0,0.0,0.0,0.0,0.0,0.0,0.0,0.0,0.018518518518518517,nan,0.0,-1.0,5.396636486053467,0.2743381857872009,,0,-1
final,159912,ppo_rev12_114505,1693,goal,107,1.0,1.0,0.0,0.0,0.0,0.0,0.0,0.0,0.0,0.0,4.680788040161133,0.0,-1.0,10.266753196716309,0.293684720993042,,0,-1
final,159912,ppo_rev12_114505,1694,goal,130,1.0,1.0,0.0,0.0,0.0,0.0,0.0,0.0,0.0,0.0,3.744851589202881,0.0,0.3300209641456604,13.128547668457031,0.2549309730529785,,0,-1
final,159912,ppo_rev12_114505,1695,goal,101,1.0,1.0,0.0,0.0,0.0,0.0,0.0,0.0,0.0,0.0,4.089752197265625,0.0,-1.0,8.709558486938477,0.29485538601875305,,0,-1
final,159912,ppo_rev12_114505,1696,goal,63,1.0,1.0,0.0,0.0,0.0,0.0,0.0,0.0,0.0,0.0,4.685527324676514,0.0,-0.8339961767196655,5.8969573974609375,0.28960153460502625,,0,-1
final,159912,ppo_rev12_114505,1697,goal,131,1.0,1.0,0.0,0.0,0.0,0.0,0.0,0.0,0.0,0.0,1.5224570035934448,0.0,0.5444151163101196,9.434749603271484,0.2836020886898041,,0,-1
final,159912,ppo_rev12_114505,1698,goal,176,1.0,1.0,0.0,0.0,0.0,0.0,0.0,0.0,0.0,0.0,3.5043790340423584,0.0,-1.0,17.551311492919922,0.27700507640838623,,0,-1
final,159912,ppo_rev12_114505,1699,goal,78,1.0,1.0,0.0,0.0,0.0,0.0,0.0,0.0,0.0,0.0,3.755103588104248,0.0,-0.9593334197998047,6.378331184387207,0.23958967626094818,,0,-1
final,159912,ppo_rev12_114505,1700,goal,58,1.0,1.0,0.0,0.0,0.0,0.0,0.0,0.0,0.0,0.0,nan,0.0,-0.2226405143737793,4.835533618927002,0.2607250213623047,,0,-1
final,159912,ppo_rev12_114505,1701,collision,6,-2.0,0.0,1.0,0.0,0.0,0.0,0.0,0.0,0.0,0.0,nan,0.0,1.0,0.5177025198936462,nan,obstacle,0,-1
final,159912,ppo_rev12_114505,1702,goal,61,1.0,1.0,0.0,0.0,0.0,0.0,0.0,0.0,0.0,0.0,4.137160778045654,0.0,-1.0,5.3993706703186035,0.2559286952018738,,0,-1
final,159912,ppo_rev12_114505,1703,goal,49,1.0,1.0,0.0,0.0,0.0,0.0,0.0,0.0,0.0,0.0,nan,0.0,-1.0,3.8633675575256348,0.16358834505081177,,0,-1
final,159912,ppo_rev12_114505,1704,goal,139,1.0,1.0,0.0,0.0,0.0,0.0,0.0,0.0,0.0,0.007194244604316547,2.8002350330352783,0.0,0.8430023789405823,12.256633758544922,0.28662723302841187,,1,10
final,159912,ppo_rev12_114505,1705,goal,108,1.0,1.0,0.0,0.0,0.0,0.0,0.0,0.0,0.0,0.0,4.211941242218018,0.0,0.3814021944999695,10.632575988769531,0.24671292304992676,,0,-1
final,159912,ppo_rev12_114505,1706,goal,74,1.0,1.0,0.0,0.0,0.0,0.0,0.0,0.0,0.0,0.0,6.189122676849365,0.0,-1.0,8.129032135009766,0.21873508393764496,,0,-1
final,159912,ppo_rev12_114505,1707,goal,78,1.0,1.0,0.0,0.0,0.0,0.0,0.0,0.0,0.0,0.0,3.45218825340271,0.0,-0.2591460943222046,6.80165958404541,0.25064414739608765,,0,-1
final,159912,ppo_rev12_114505,1708,goal,100,1.0,1.0,0.0,0.0,0.0,0.0,0.0,0.0,0.0,0.0,3.250303030014038,0.0,-0.6115999221801758,9.711616516113281,0.25979354977607727,,0,-1
final,159912,ppo_rev12_114505,1709,goal,39,1.0,1.0,0.0,0.0,0.0,0.0,0.0,0.0,0.0,0.0,nan,0.0,-1.0,2.5863585472106934,0.2991732358932495,,0,-1
final,159912,ppo_rev12_114505,1710,goal,84,1.0,1.0,0.0,0.0,0.0,0.0,0.0,0.0,0.0,0.0,1.8024547100067139,0.0,-0.6878465414047241,5.323390483856201,0.29597049951553345,,0,-1
final,159912,ppo_rev12_114505,1711,goal,80,1.0,1.0,0.0,0.0,0.0,0.0,0.0,0.0,0.0,0.0,3.820186138153076,0.0,0.50861656665802,6.688387393951416,0.2903520166873932,,0,-1
final,159912,ppo_rev12_114505,1712,collision,6,-2.0,0.0,1.0,0.0,0.0,0.0,0.0,0.0,0.0,0.3333333333333333,nan,0.0,1.0,0.5261038541793823,nan,obstacle,0,-1
final,159912,ppo_rev12_114505,1713,collision,6,-2.0,0.0,1.0,0.0,0.0,0.0,0.0,0.0,0.0,0.0,nan,0.0,1.0,0.5488927364349365,nan,obstacle,0,-1
final,159912,ppo_rev12_114505,1714,collision,8,-2.0,0.0,1.0,0.0,0.0,0.0,0.0,0.0,0.0,0.0,nan,0.0,1.0,0.5338256359100342,nan,obstacle,0,-1
final,159912,ppo_rev12_114505,1715,goal,65,1.0,1.0,0.0,0.0,0.0,0.0,0.0,0.0,0.0,0.0,5.218812942504883,0.0,-1.0,5.663928031921387,0.09703145176172256,,0,-1
final,159912,ppo_rev12_114505,1716,collision,10,-2.0,0.0,1.0,0.0,0.0,0.0,0.0,0.0,0.0,0.0,nan,0.0,1.0,0.940178632736206,nan,obstacle,0,-1
final,159912,ppo_rev12_114505,1717,goal,79,1.0,1.0,0.0,0.0,0.0,0.0,0.0,0.0,0.0,0.0,5.828182697296143,0.0,-0.26567327976226807,8.031886100769043,0.24484334886074066,,0,-1
final,159912,ppo_rev12_114505,1718,goal,61,1.0,1.0,0.0,0.0,0.0,0.0,0.0,0.0,0.0,0.0,1.8731968402862549,0.0,-1.0,4.25573205947876,0.2841889262199402,,0,-1
final,159912,ppo_rev12_114505,1719,goal,65,1.0,1.0,0.0,0.0,0.0,0.0,0.0,0.0,0.0,0.0,3.1887378692626953,0.0,-0.4385441541671753,5.9156718254089355,0.2803918123245239,,0,-1
final,159912,ppo_rev12_114505,1720,goal,81,1.0,1.0,0.0,0.0,0.0,0.0,0.0,0.0,0.0,0.0,2.701833963394165,0.0,-0.4584847688674927,7.277678489685059,0.26543232798576355,,0,-1
final,159912,ppo_rev12_114505,1721,goal,87,1.0,1.0,0.0,0.0,0.0,0.0,0.0,0.0,0.0,0.0,5.228032112121582,0.0,-1.0,8.47296142578125,0.2499287724494934,,0,-1
final,159912,ppo_rev12_114505,1722,goal,124,1.0,1.0,0.0,0.0,0.0,0.0,0.0,0.0,0.0,0.016129032258064516,2.9418773651123047,0.0,-0.2863588333129883,8.909706115722656,0.24046024680137634,,0,-1
final,159912,ppo_rev12_114505,1723,goal,70,1.0,1.0,0.0,0.0,0.0,0.0,0.0,0.0,0.0,0.014285714285714285,5.361092567443848,0.0,-0.8704900741577148,6.6696977615356445,0.25345247983932495,,0,-1
final,159912,ppo_rev12_114505,1724,goal,97,1.0,1.0,0.0,0.0,0.0,0.0,0.0,0.0,0.0,0.0,6.351207733154297,0.0,-1.0,11.40622329711914,0.2897183895111084,,0,-1
final,159912,ppo_rev12_114505,1725,goal,56,1.0,1.0,0.0,0.0,0.0,0.0,0.0,0.0,0.0,0.0,nan,0.0,-1.0,4.9807233810424805,0.24137693643569946,,0,-1
final,159912,ppo_rev12_114505,1726,goal,44,1.0,1.0,0.0,0.0,0.0,0.0,0.0,0.0,0.0,0.0,nan,0.0,-1.0,3.019998073577881,0.250754177570343,,0,-1
final,159912,ppo_rev12_114505,1727,goal,178,1.0,1.0,0.0,0.0,0.0,0.0,0.0,0.0,0.0,0.0,4.150462627410889,0.0,-0.9500339031219482,19.04438018798828,0.29332035779953003,,0,-1
final,159912,ppo_rev12_114505,1728,goal,61,1.0,1.0,0.0,0.0,0.0,0.0,0.0,0.0,0.0,0.0,4.597127914428711,0.0,-1.0,5.945218086242676,0.26026079058647156,,0,-1
final,159912,ppo_rev12_114505,1729,goal,73,1.0,1.0,0.0,0.0,0.0,0.0,0.0,0.0,0.0,0.0,5.521867752075195,0.0,-1.0,6.677919387817383,0.24859575927257538,,0,-1
final,159912,ppo_rev12_114505,1730,goal,120,1.0,1.0,0.0,0.0,0.0,0.0,0.0,0.0,0.0,0.0,3.469982147216797,0.0,-1.0,11.194764137268066,0.26341134309768677,,0,-1
final,159912,ppo_rev12_114505,1731,stuck,154,-1.0,0.0,0.0,0.0,1.0,0.0,0.0,0.0,0.0,0.0,0.020584402605891228,0.0,-1.0,8.987174987792969,nan,,0,-1
final,159912,ppo_rev12_114505,1732,goal,113,1.0,1.0,0.0,0.0,0.0,0.0,0.0,0.0,0.0,0.0,2.6368722915649414,0.0,-0.08116590976715088,10.149374961853027,0.27172255516052246,,0,-1
final,159912,ppo_rev12_114505,1733,goal,72,1.0,1.0,0.0,0.0,0.0,0.0,0.0,0.0,0.0,0.0,5.080886363983154,0.0,-1.0,6.9184980392456055,0.2823927402496338,,0,-1
final,159912,ppo_rev12_114505,1734,goal,79,1.0,1.0,0.0,0.0,0.0,0.0,0.0,0.0,0.0,0.0,3.507303476333618,0.0,-0.16643941402435303,6.778012275695801,0.2961968779563904,,0,-1
final,159912,ppo_rev12_114505,1735,goal,90,1.0,1.0,0.0,0.0,0.0,0.0,0.0,0.0,0.0,0.0,5.526359558105469,0.0,-1.0,8.165580749511719,0.2708079218864441,,0,-1
final,159912,ppo_rev12_114505,1736,goal,86,1.0,1.0,0.0,0.0,0.0,0.0,0.0,0.0,0.0,0.0,5.522717475891113,0.0,-1.0,8.346656799316406,0.2802409827709198,,0,-1
final,159912,ppo_rev12_114505,1737,goal,89,1.0,1.0,0.0,0.0,0.0,0.0,0.0,0.0,0.0,0.0,4.7032341957092285,0.0,-1.0,8.969788551330566,0.1564449965953827,,0,-1
final,159912,ppo_rev12_114505,1738,goal,89,1.0,1.0,0.0,0.0,0.0,0.0,0.0,0.0,0.0,0.0449438202247191,4.134932041168213,0.0,-1.0,9.513611793518066,0.21263159811496735,,1,8
final,159912,ppo_rev12_114505,1739,goal,124,1.0,1.0,0.0,0.0,0.0,0.0,0.0,0.0,0.0,0.0,3.965426445007324,0.0,-0.1736222505569458,12.708086967468262,0.2818453907966614,,0,-1
final,159912,ppo_rev12_114505,1740,goal,99,1.0,1.0,0.0,0.0,0.0,0.0,0.0,0.0,0.0,0.0,2.600647211074829,0.0,0.21291112899780273,6.848593711853027,0.28506016731262207,,0,-1
final,159912,ppo_rev12_114505,1741,goal,86,1.0,1.0,0.0,0.0,0.0,0.0,0.0,0.0,0.0,0.03488372093023256,5.274918556213379,0.0,-0.8841730356216431,8.553443908691406,0.26593559980392456,,0,-1
final,159912,ppo_rev12_114505,1742,goal,91,1.0,1.0,0.0,0.0,0.0,0.0,0.0,0.0,0.0,0.01098901098901099,5.630787372589111,0.0,-1.0,9.31552505493164,0.26462119817733765,,0,-1
final,159912,ppo_rev12_114505,1743,goal,58,1.0,1.0,0.0,0.0,0.0,0.0,0.0,0.0,0.0,0.0,nan,0.0,-1.0,5.539762020111084,0.2872757911682129,,0,-1
final,159912,ppo_rev12_114505,1744,goal,151,1.0,1.0,0.0,0.0,0.0,0.0,0.0,0.0,0.0,0.0,4.044814109802246,0.0,-0.2535860538482666,15.174524307250977,0.2714899480342865,,0,-1
final,159912,ppo_rev12_114505,1745,goal,105,1.0,1.0,0.0,0.0,0.0,0.0,0.0,0.0,0.0,0.0,4.77398681640625,0.0,-1.0,11.322216033935547,0.11688827723264694,,0,-1
final,159912,ppo_rev12_114505,1746,goal,73,1.0,1.0,0.0,0.0,0.0,0.0,0.0,0.0,0.0,0.0,4.540747165679932,0.0,-1.0,7.257681846618652,0.2779546082019806,,0,-1
final,159912,ppo_rev12_114505,1747,goal,77,1.0,1.0,0.0,0.0,0.0,0.0,0.0,0.0,0.0,0.07792207792207792,5.1494245529174805,0.0,-1.0,7.831887245178223,0.15177275240421295,,0,-1
final,159912,ppo_rev12_114505,1748,goal,94,1.0,1.0,0.0,0.0,0.0,0.0,0.0,0.0,0.0,0.0,4.819364547729492,0.0,-1.0,10.543190002441406,0.25408416986465454,,1,7
final,159912,ppo_rev12_114505,1749,goal,104,1.0,1.0,0.0,0.0,0.0,0.0,0.0,0.0,0.0,0.0,1.5962778329849243,0.0,-0.748647928237915,7.607728004455566,0.2918362617492676,,0,-1
final,159912,ppo_rev12_114505,1750,goal,56,1.0,1.0,0.0,0.0,0.0,0.0,0.0,0.0,0.0,0.0,nan,0.0,-1.0,4.324825286865234,0.13714927434921265,,0,-1
final,159912,ppo_rev12_114505,1751,collision,6,-2.0,0.0,1.0,0.0,0.0,0.0,0.0,0.0,0.0,0.0,nan,0.0,1.0,0.4330352544784546,nan,obstacle,0,-1
final,159912,ppo_rev12_114505,1752,goal,132,1.0,1.0,0.0,0.0,0.0,0.0,0.0,0.0,0.0,0.0,1.3285410404205322,0.0,0.24075740575790405,11.44530963897705,0.2837159335613251,,0,-1
final,159912,ppo_rev12_114505,1753,goal,105,1.0,1.0,0.0,0.0,0.0,0.0,0.0,0.0,0.0,0.0,4.288789749145508,0.0,-1.0,10.457457542419434,0.2746795117855072,,0,-1
final,159912,ppo_rev12_114505,1754,goal,37,1.0,1.0,0.0,0.0,0.0,0.0,0.0,0.0,0.0,0.0,nan,0.0,-1.0,2.656381130218506,0.2688477337360382,,0,-1
final,159912,ppo_rev12_114505,1755,goal,128,1.0,1.0,0.0,0.0,0.0,0.0,0.0,0.0,0.0,0.0,2.2484841346740723,0.0,-0.5976507663726807,9.646005630493164,0.2791135013103485,,0,-1
final,159912,ppo_rev12_114505,1756,goal,56,1.0,1.0,0.0,0.0,0.0,0.0,0.0,0.0,0.0,0.0,nan,0.0,-1.0,5.687309265136719,0.13896004855632782,,0,-1
final,159912,ppo_rev12_114505,1757,goal,63,1.0,1.0,0.0,0.0,0.0,0.0,0.0,0.0,0.0,0.0,4.870875835418701,0.0,-0.6573840379714966,5.775214195251465,0.2963202893733978,,0,-1
final,159912,ppo_rev12_114505,1758,goal,87,1.0,1.0,0.0,0.0,0.0,0.0,0.0,0.0,0.0,0.0,5.400680065155029,0.0,-0.9898051023483276,9.452507972717285,0.2614925801753998,,1,7
final,159912,ppo_rev12_114505,1759,goal,97,1.0,1.0,0.0,0.0,0.0,0.0,0.0,0.0,0.0,0.0,4.618886947631836,0.0,-1.0,8.561565399169922,0.28541475534439087,,0,-1
final,159912,ppo_rev12_114505,1760,goal,80,1.0,1.0,0.0,0.0,0.0,0.0,0.0,0.0,0.0,0.0,5.963962554931641,0.0,-1.0,8.252340316772461,0.25754421949386597,,0,-1
final,159912,ppo_rev12_114505,1761,goal,79,1.0,1.0,0.0,0.0,0.0,0.0,0.0,0.0,0.0,0.0,5.897425174713135,0.0,-1.0,7.572585105895996,0.2623121440410614,,0,-1
final,159912,ppo_rev12_114505,1762,goal,87,1.0,1.0,0.0,0.0,0.0,0.0,0.0,0.0,0.0,0.0,3.9365577697753906,0.0,-1.0,8.871501922607422,0.2794746160507202,,0,-1
final,159912,ppo_rev12_114505,1763,goal,86,1.0,1.0,0.0,0.0,0.0,0.0,0.0,0.0,0.0,0.0,4.506525039672852,0.0,-1.0,8.037385940551758,0.16708627343177795,,1,10
final,159912,ppo_rev12_114505,1764,goal,56,1.0,1.0,0.0,0.0,0.0,0.0,0.0,0.0,0.0,0.0,nan,0.0,-1.0,5.0355730056762695,0.2940847873687744,,0,-1
final,159912,ppo_rev12_114505,1765,goal,168,1.0,1.0,0.0,0.0,0.0,0.0,0.0,0.0,0.0,0.0,1.5132946968078613,0.0,-1.0,14.29272747039795,0.24057099223136902,,0,-1
final,159912,ppo_rev12_114505,1766,goal,65,1.0,1.0,0.0,0.0,0.0,0.0,0.0,0.0,0.0,0.0,3.8267781734466553,0.0,-1.0,5.904036998748779,0.23968836665153503,,0,-1
final,159912,ppo_rev12_114505,1767,goal,84,1.0,1.0,0.0,0.0,0.0,0.0,0.0,0.0,0.0,0.0,5.894641399383545,0.0,-1.0,8.378278732299805,0.2142944484949112,,0,-1
final,159912,ppo_rev12_114505,1768,goal,47,1.0,1.0,0.0,0.0,0.0,0.0,0.0,0.0,0.0,0.0,nan,0.0,-1.0,3.6773087978363037,0.2819228172302246,,0,-1
final,159912,ppo_rev12_114505,1769,goal,75,1.0,1.0,0.0,0.0,0.0,0.0,0.0,0.0,0.0,0.0,4.920912265777588,0.0,-0.9303154945373535,6.712385654449463,0.26644542813301086,,0,-1
final,159912,ppo_rev12_114505,1770,goal,75,1.0,1.0,0.0,0.0,0.0,0.0,0.0,0.0,0.0,0.013333333333333334,5.610574245452881,0.0,-1.0,8.345880508422852,0.2226697951555252,,0,-1
final,159912,ppo_rev12_114505,1771,goal,68,1.0,1.0,0.0,0.0,0.0,0.0,0.0,0.0,0.0,0.0,5.762057781219482,0.0,-0.5449517965316772,6.96373987197876,0.26744094491004944,,0,-1
final,159912,ppo_rev12_114505,1772,goal,34,1.0,1.0,0.0,0.0,0.0,0.0,0.0,0.0,0.0,0.0,nan,0.0,-1.0,2.761007070541382,0.29263508319854736,,0,-1
final,159912,ppo_rev12_114505,1773,collision,183,-2.0,0.0,1.0,0.0,0.0,0.0,0.0,0.0,0.0,0.0,0.2366315871477127,0.0,1.0,7.782088756561279,nan,obstacle,0,-1
final,159912,ppo_rev12_114505,1774,goal,81,1.0,1.0,0.0,0.0,0.0,0.0,0.0,0.0,0.0,0.0,5.671196460723877,0.0,-1.0,7.670567989349365,0.2934994399547577,,0,-1
final,159912,ppo_rev12_114505,1775,goal,151,1.0,1.0,0.0,0.0,0.0,0.0,0.0,0.0,0.0,0.0,4.09686803817749,0.0,-0.3791322708129883,16.851303100585938,0.2524820864200592,,0,-1
final,159912,ppo_rev12_114505,1776,goal,80,1.0,1.0,0.0,0.0,0.0,0.0,0.0,0.0,0.0,0.0,5.223561763763428,0.0,-0.747642993927002,8.318991661071777,0.27175334095954895,,0,-1
final,159912,ppo_rev12_114505,1777,goal,63,1.0,1.0,0.0,0.0,0.0,0.0,0.0,0.0,0.0,0.0,3.4332962036132812,0.0,-1.0,5.690875053405762,0.2259337604045868,,0,-1
final,159912,ppo_rev12_114505,1778,goal,65,1.0,1.0,0.0,0.0,0.0,0.0,0.0,0.0,0.0,0.0,4.335659980773926,0.0,-1.0,5.694398880004883,0.2822120785713196,,0,-1
final,159912,ppo_rev12_114505,1779,goal,105,1.0,1.0,0.0,0.0,0.0,0.0,0.0,0.0,0.0,0.0,3.0954508781433105,0.0,-0.7019435167312622,9.735526084899902,0.288634330034256,,0,-1
final,159912,ppo_rev12_114505,1780,goal,79,1.0,1.0,0.0,0.0,0.0,0.0,0.0,0.0,0.0,0.0,5.536734580993652,0.0,-1.0,8.045077323913574,0.11788114160299301,,0,-1
final,159912,ppo_rev12_114505,1781,goal,77,1.0,1.0,0.0,0.0,0.0,0.0,0.0,0.0,0.0,0.0,3.3504204750061035,0.0,-0.929995059967041,6.722420692443848,0.07248257845640182,,0,-1
final,159912,ppo_rev12_114505,1782,goal,61,1.0,1.0,0.0,0.0,0.0,0.0,0.0,0.0,0.0,0.0,5.158097743988037,0.0,-1.0,5.819108963012695,0.2700764536857605,,0,-1
final,159912,ppo_rev12_114505,1783,collision,14,-2.0,0.0,1.0,0.0,0.0,0.0,0.0,0.0,0.0,0.0,nan,0.0,1.0,1.5425784587860107,nan,obstacle,0,-1
final,159912,ppo_rev12_114505,1784,goal,75,1.0,1.0,0.0,0.0,0.0,0.0,0.0,0.0,0.0,0.02666666666666667,3.783900022506714,0.0,0.37382835149765015,6.870830535888672,0.2539322078227997,,0,-1
final,159912,ppo_rev12_114505,1785,goal,50,1.0,1.0,0.0,0.0,0.0,0.0,0.0,0.0,0.0,0.0,nan,0.0,-1.0,3.0878593921661377,0.2518466114997864,,0,-1
final,159912,ppo_rev12_114505,1786,goal,70,1.0,1.0,0.0,0.0,0.0,0.0,0.0,0.0,0.0,0.0,5.099904537200928,0.0,-1.0,6.471329212188721,0.26111698150634766,,0,-1
final,159912,ppo_rev12_114505,1787,timeout,200,-0.5,0.0,0.0,0.0,0.0,1.0,0.0,0.0,0.0,0.0,0.5313261151313782,0.0,0.7977938055992126,9.217734336853027,nan,,0,-1
final,159912,ppo_rev12_114505,1788,goal,65,1.0,1.0,0.0,0.0,0.0,0.0,0.0,0.0,0.0,0.0,5.484399795532227,0.0,-1.0,5.97312593460083,0.274583101272583,,0,-1
final,159912,ppo_rev12_114505,1789,goal,60,1.0,1.0,0.0,0.0,0.0,0.0,0.0,0.0,0.0,0.0,4.30532169342041,0.0,-1.0,4.801555633544922,0.27517035603523254,,0,-1
final,159912,ppo_rev12_114505,1790,goal,70,1.0,1.0,0.0,0.0,0.0,0.0,0.0,0.0,0.0,0.0,5.166637420654297,0.0,-0.9907788038253784,7.015705585479736,0.2986917197704315,,0,-1
final,159912,ppo_rev12_114505,1791,goal,58,1.0,1.0,0.0,0.0,0.0,0.0,0.0,0.0,0.0,0.0,nan,0.0,-1.0,5.206419467926025,0.2728533148765564,,0,-1
final,159912,ppo_rev12_114505,1792,goal,88,1.0,1.0,0.0,0.0,0.0,0.0,0.0,0.0,0.0,0.0,5.3801655769348145,0.0,-1.0,8.739264488220215,0.2805260121822357,,0,-1
final,159912,ppo_rev12_114505,1793,goal,70,1.0,1.0,0.0,0.0,0.0,0.0,0.0,0.0,0.0,0.0,5.348801612854004,0.0,-1.0,6.456943988800049,0.2374858260154724,,0,-1
final,159912,ppo_rev12_114505,1794,goal,77,1.0,1.0,0.0,0.0,0.0,0.0,0.0,0.0,0.0,0.0,4.22736930847168,0.0,-0.015044689178466797,6.4543890953063965,0.27259933948516846,,0,-1
final,159912,ppo_rev12_114505,1795,goal,189,1.0,1.0,0.0,0.0,0.0,0.0,0.0,0.0,0.0,0.0,2.9856314659118652,0.0,-1.0,18.736167907714844,0.29369470477104187,,0,-1
final,159912,ppo_rev12_114505,1796,goal,71,1.0,1.0,0.0,0.0,0.0,0.0,0.0,0.0,0.0,0.0,4.145140171051025,0.0,-0.05229306221008301,6.807075500488281,0.25972914695739746,,0,-1
final,159912,ppo_rev12_114505,1797,goal,55,1.0,1.0,0.0,0.0,0.0,0.0,0.0,0.0,0.0,0.0,nan,0.0,-1.0,4.473495006561279,0.2517460882663727,,0,-1
final,159912,ppo_rev12_114505,1798,goal,67,1.0,1.0,0.0,0.0,0.0,0.0,0.0,0.0,0.0,0.0,5.2415618896484375,0.0,-1.0,6.529308319091797,0.23567236959934235,,0,-1
final,159912,ppo_rev12_114505,1799,goal,150,1.0,1.0,0.0,0.0,0.0,0.0,0.0,0.0,0.0,0.0,1.9096755981445312,0.0,0.924434244632721,12.003750801086426,0.2502603232860565,,0,-1
final,159912,ppo_rev12_114505,1800,goal,78,1.0,1.0,0.0,0.0,0.0,0.0,0.0,0.0,0.0,0.0,4.562815189361572,0.0,-1.0,8.062793731689453,0.2600199580192566,,0,-1
final,159912,ppo_rev12_114505,1801,goal,109,1.0,1.0,0.0,0.0,0.0,0.0,0.0,0.0,0.0,0.0,2.3890368938446045,0.0,-0.5726267099380493,8.876001358032227,0.24760577082633972,,0,-1
final,159912,ppo_rev12_114505,1802,goal,120,1.0,1.0,0.0,0.0,0.0,0.0,0.0,0.0,0.0,0.0,1.8586207628250122,0.0,-0.6116704940795898,8.459425926208496,0.29598474502563477,,0,-1
final,159912,ppo_rev12_114505,1803,goal,73,1.0,1.0,0.0,0.0,0.0,0.0,0.0,0.0,0.0,0.0547945205479452,4.7588605880737305,0.0,-0.20108604431152344,6.900734901428223,0.2635911703109741,,0,-1
final,159912,ppo_rev12_114505,1804,goal,57,1.0,1.0,0.0,0.0,0.0,0.0,0.0,0.0,0.0,0.0,nan,0.0,-1.0,4.746647834777832,0.280489444732666,,0,-1
final,159912,ppo_rev12_114505,1805,goal,86,1.0,1.0,0.0,0.0,0.0,0.0,0.0,0.0,0.0,0.0,2.508395195007324,0.0,-0.3682246208190918,7.063207626342773,0.2718457579612732,,0,-1
final,159912,ppo_rev12_114505,1806,goal,108,1.0,1.0,0.0,0.0,0.0,0.0,0.0,0.0,0.0,0.0,4.400711536407471,0.0,-0.7699929475784302,10.863363265991211,0.19965985417366028,,0,-1
final,159912,ppo_rev12_114505,1807,timeout,200,-0.5,0.0,0.0,0.0,0.0,1.0,0.0,0.0,0.0,0.035,1.1096923351287842,0.0,0.6282322406768799,14.777496337890625,nan,,0,-1
final,159912,ppo_rev12_114505,1808,collision,13,-2.0,0.0,1.0,0.0,0.0,0.0,0.0,0.0,0.0,0.0,nan,0.0,1.0,1.539963960647583,nan,obstacle,0,-1
final,159912,ppo_rev12_114505,1809,goal,61,1.0,1.0,0.0,0.0,0.0,0.0,0.0,0.0,0.0,0.0,3.887113571166992,0.0,-1.0,5.2781243324279785,0.2765313684940338,,0,-1
final,159912,ppo_rev12_114505,1810,goal,172,1.0,1.0,0.0,0.0,0.0,0.0,0.0,0.0,0.0,0.0,1.1294914484024048,0.0,0.8192824721336365,14.522836685180664,0.2560237944126129,,0,-1
final,159912,ppo_rev12_114505,1811,goal,45,1.0,1.0,0.0,0.0,0.0,0.0,0.0,0.0,0.0,0.0,nan,0.0,-1.0,3.9907941818237305,0.2731448709964752,,0,-1
final,159912,ppo_rev12_114505,1812,goal,75,1.0,1.0,0.0,0.0,0.0,0.0,0.0,0.0,0.0,0.0,4.3128662109375,0.0,-0.49889469146728516,7.841571807861328,0.2733133137226105,,0,-1
final,159912,ppo_rev12_114505,1813,timeout,200,-0.5,0.0,0.0,0.0,0.0,1.0,0.0,0.0,0.0,0.0,1.1236131191253662,0.0,-0.31274497509002686,14.906400680541992,nan,,0,-1
final,159912,ppo_rev12_114505,1814,goal,65,1.0,1.0,0.0,0.0,0.0,0.0,0.0,0.0,0.0,0.0,5.697597980499268,0.0,-1.0,6.275481224060059,0.09642958641052246,,0,-1
final,159912,ppo_rev12_114505,1815,goal,76,1.0,1.0,0.0,0.0,0.0,0.0,0.0,0.0,0.0,0.0,5.564012050628662,0.0,-0.8294500112533569,8.022960662841797,0.29429206252098083,,0,-1
final,159912,ppo_rev12_114505,1816,goal,96,1.0,1.0,0.0,0.0,0.0,0.0,0.0,0.0,0.0,0.0,5.136167049407959,0.0,-1.0,10.181388854980469,0.2725740373134613,,0,-1
final,159912,ppo_rev12_114505,1817,goal,90,1.0,1.0,0.0,0.0,0.0,0.0,0.0,0.0,0.0,0.0,4.544984340667725,0.0,-1.0,9.455130577087402,0.2760023772716522,,0,-1
final,159912,ppo_rev12_114505,1818,goal,127,1.0,1.0,0.0,0.0,0.0,0.0,0.0,0.0,0.0,0.0,4.325398921966553,0.0,-0.42487192153930664,14.07276725769043,0.2539750933647156,,0,-1
final,159912,ppo_rev12_114505,1819,collision,5,-2.0,0.0,1.0,0.0,0.0,0.0,0.0,0.0,0.0,0.0,nan,0.0,1.0,0.4033038020133972,nan,obstacle,0,-1
final,159912,ppo_rev12_114505,1820,goal,58,1.0,1.0,0.0,0.0,0.0,0.0,0.0,0.0,0.0,0.0,nan,0.0,-1.0,4.640798091888428,0.10644638538360596,,0,-1
final,159912,ppo_rev12_114505,1821,goal,61,1.0,1.0,0.0,0.0,0.0,0.0,0.0,0.0,0.0,0.0,3.240996837615967,0.0,-1.0,4.192813873291016,0.29622381925582886,,0,-1
final,159912,ppo_rev12_114505,1822,goal,123,1.0,1.0,0.0,0.0,0.0,0.0,0.0,0.0,0.0,0.04065040650406505,2.9621760845184326,0.0,0.021723270416259766,11.17767333984375,0.15370485186576843,,0,-1
final,159912,ppo_rev12_114505,1823,goal,47,1.0,1.0,0.0,0.0,0.0,0.0,0.0,0.0,0.0,0.0,nan,0.0,-1.0,3.928704261779785,0.27994346618652344,,0,-1
final,159912,ppo_rev12_114505,1824,goal,73,1.0,1.0,0.0,0.0,0.0,0.0,0.0,0.0,0.0,0.0,4.457810401916504,0.0,0.05760079622268677,7.011415481567383,0.292974054813385,,0,-1
final,159912,ppo_rev12_114505,1825,goal,72,1.0,1.0,0.0,0.0,0.0,0.0,0.0,0.0,0.0,0.0,4.421595096588135,0.0,-1.0,7.407347679138184,0.2607799172401428,,0,-1
final,159912,ppo_rev12_114505,1826,goal,180,1.0,1.0,0.0,0.0,0.0,0.0,0.0,0.0,0.0,0.0,1.6732962131500244,0.0,-0.4140470027923584,16.808067321777344,0.26511770486831665,,0,-1
final,159912,ppo_rev12_114505,1827,goal,142,1.0,1.0,0.0,0.0,0.0,0.0,0.0,0.0,0.0,0.02112676056338028,4.712353706359863,0.0,-1.0,16.00998306274414,0.27685368061065674,,0,-1
final,159912,ppo_rev12_114505,1828,goal,103,1.0,1.0,0.0,0.0,0.0,0.0,0.0,0.0,0.0,0.0,2.966656446456909,0.0,-0.8287107944488525,8.346002578735352,0.2854281961917877,,0,-1
final,159912,ppo_rev12_114505,1829,goal,41,1.0,1.0,0.0,0.0,0.0,0.0,0.0,0.0,0.0,0.0,nan,0.0,-1.0,3.300493001937866,0.290263295173645,,0,-1
final,159912,ppo_rev12_114505,1830,goal,171,1.0,1.0,0.0,0.0,0.0,0.0,0.0,0.0,0.0,0.0,3.0977671146392822,0.0,-0.8615832328796387,15.737290382385254,0.27892178297042847,,0,-1
final,159912,ppo_rev12_114505,1831,goal,111,1.0,1.0,0.0,0.0,0.0,0.0,0.0,0.0,0.0,0.018018018018018018,5.246727466583252,0.0,-1.0,11.526237487792969,0.28627362847328186,,0,-1
final,159912,ppo_rev12_114505,1832,goal,155,1.0,1.0,0.0,0.0,0.0,0.0,0.0,0.0,0.0,0.0,1.3703936338424683,0.0,-0.23706257343292236,12.926286697387695,0.12542679905891418,,0,-1
final,159912,ppo_rev12_114505,1833,goal,60,1.0,1.0,0.0,0.0,0.0,0.0,0.0,0.0,0.0,0.0,4.808987617492676,0.0,-0.5599349737167358,6.040003776550293,0.22083696722984314,,0,-1
final,159912,ppo_rev12_114505,1834,goal,42,1.0,1.0,0.0,0.0,0.0,0.0,0.0,0.0,0.0,0.0,nan,0.0,-1.0,2.8974318504333496,0.26889878511428833,,0,-1
final,159912,ppo_rev12_114505,1835,goal,182,1.0,1.0,0.0,0.0,0.0,0.0,0.0,0.0,0.0,0.0,2.1945888996124268,0.0,-0.22392058372497559,14.140466690063477,0.291002482175827,,0,-1
final,159912,ppo_rev12_114505,1836,goal,57,1.0,1.0,0.0,0.0,0.0,0.0,0.0,0.0,0.0,0.0,nan,0.0,0.7049291133880615,4.891241073608398,0.29153719544410706,,0,-1
final,159912,ppo_rev12_114505,1837,goal,131,1.0,1.0,0.0,0.0,0.0,0.0,0.0,0.0,0.0,0.03816793893129771,2.887225866317749,0.0,-0.13018417358398438,11.015856742858887,0.25763431191444397,,0,-1
final,159912,ppo_rev12_114505,1838,goal,61,1.0,1.0,0.0,0.0,0.0,0.0,0.0,0.0,0.0,0.0,4.211860179901123,0.0,-1.0,5.251008987426758,0.28908872604370117,,0,-1
final,159912,ppo_rev12_114505,1839,goal,65,1.0,1.0,0.0,0.0,0.0,0.0,0.0,0.0,0.0,0.0,2.574974298477173,0.0,-1.0,3.6283721923828125,0.15014493465423584,,0,-1
final,159912,ppo_rev12_114505,1840,goal,115,1.0,1.0,0.0,0.0,0.0,0.0,0.0,0.0,0.0,0.0,2.347520589828491,0.0,-0.7690376043319702,10.188735961914062,0.28406575322151184,,0,-1
final,159912,ppo_rev12_114505,1841,goal,68,1.0,1.0,0.0,0.0,0.0,0.0,0.0,0.0,0.0,0.0,5.603404998779297,0.0,-1.0,6.7435431480407715,0.1026981920003891,,0,-1
final,159912,ppo_rev12_114505,1842,goal,81,1.0,1.0,0.0,0.0,0.0,0.0,0.0,0.0,0.0,0.037037037037037035,4.821747779846191,0.0,-1.0,7.883436679840088,0.27279600501060486,,0,-1
final,159912,ppo_rev12_114505,1843,goal,78,1.0,1.0,0.0,0.0,0.0,0.0,0.0,0.0,0.0,0.0,5.394423961639404,0.0,-1.0,7.295214653015137,0.15215180814266205,,0,-1
final,159912,ppo_rev12_114505,1844,goal,101,1.0,1.0,0.0,0.0,0.0,0.0,0.0,0.0,0.0,0.0,4.477685928344727,0.0,0.12420529127120972,10.373666763305664,0.26104339957237244,,0,-1
final,159912,ppo_rev12_114505,1845,goal,76,1.0,1.0,0.0,0.0,0.0,0.0,0.0,0.0,0.0,0.0,6.0303850173950195,0.0,-1.0,7.8732194900512695,0.23948341608047485,,0,-1
final,159912,ppo_rev12_114505,1846,collision,41,-2.0,0.0,1.0,0.0,0.0,0.0,0.0,0.0,0.0,0.0,nan,0.0,1.0,3.0760624408721924,nan,obstacle,0,-1
final,159912,ppo_rev12_114505,1847,collision,81,-2.0,0.0,1.0,0.0,0.0,0.0,0.0,0.0,0.0,0.0,3.8079288005828857,0.0,1.0,6.542874336242676,nan,obstacle,0,-1
final,159912,ppo_rev12_114505,1848,goal,73,1.0,1.0,0.0,0.0,0.0,0.0,0.0,0.0,0.0,0.0,5.2713236808776855,0.0,-1.0,7.756882667541504,0.2982993423938751,,0,-1
final,159912,ppo_rev12_114505,1849,goal,98,1.0,1.0,0.0,0.0,0.0,0.0,0.0,0.0,0.0,0.0,5.171428680419922,0.0,-1.0,10.157672882080078,0.2884834110736847,,0,-1
final,159912,ppo_rev12_114505,1850,goal,159,1.0,1.0,0.0,0.0,0.0,0.0,0.0,0.0,0.0,0.0,2.7439420223236084,0.0,0.22833245992660522,12.154401779174805,0.29637062549591064,,0,-1
final,159912,ppo_rev12_114505,1851,goal,89,1.0,1.0,0.0,0.0,0.0,0.0,0.0,0.0,0.0,0.0,5.57206916809082,0.0,-1.0,9.00352668762207,0.2671368718147278,,1,7
final,159912,ppo_rev12_114505,1852,goal,173,1.0,1.0,0.0,0.0,0.0,0.0,0.0,0.0,0.0,0.0,0.5398615002632141,0.0,-0.8053855895996094,11.764008522033691,0.2668265998363495,,0,-1
final,159912,ppo_rev12_114505,1853,goal,64,1.0,1.0,0.0,0.0,0.0,0.0,0.0,0.0,0.0,0.0,4.569858074188232,0.0,0.4713834524154663,5.710948944091797,0.29619300365448,,0,-1
final,159912,ppo_rev12_114505,1854,goal,88,1.0,1.0,0.0,0.0,0.0,0.0,0.0,0.0,0.0,0.0,5.501640319824219,0.0,-1.0,9.80579948425293,0.27558550238609314,,0,-1
final,159912,ppo_rev12_114505,1855,goal,59,1.0,1.0,0.0,0.0,0.0,0.0,0.0,0.0,0.0,0.0,nan,0.0,-1.0,4.655351638793945,0.25924718379974365,,0,-1
final,159912,ppo_rev12_114505,1856,goal,72,1.0,1.0,0.0,0.0,0.0,0.0,0.0,0.0,0.0,0.0,4.478886127471924,0.0,-1.0,7.334070205688477,0.29408690333366394,,0,-1
final,159912,ppo_rev12_114505,1857,goal,91,1.0,1.0,0.0,0.0,0.0,0.0,0.0,0.0,0.0,0.0,5.133733749389648,0.0,-1.0,9.64255142211914,0.26705822348594666,,0,-1
final,159912,ppo_rev12_114505,1858,goal,81,1.0,1.0,0.0,0.0,0.0,0.0,0.0,0.0,0.0,0.012345679012345678,4.362757682800293,0.0,-0.5149075984954834,7.039445400238037,0.1804003268480301,,0,-1
final,159912,ppo_rev12_114505,1859,goal,52,1.0,1.0,0.0,0.0,0.0,0.0,0.0,0.0,0.0,0.0,nan,0.0,-1.0,4.480225086212158,0.29701077938079834,,0,-1
final,159912,ppo_rev12_114505,1860,goal,98,1.0,1.0,0.0,0.0,0.0,0.0,0.0,0.0,0.0,0.0,3.3326878547668457,0.0,-1.0,9.358343124389648,0.2223687618970871,,0,-1
final,159912,ppo_rev12_114505,1861,goal,63,1.0,1.0,0.0,0.0,0.0,0.0,0.0,0.0,0.0,0.0,5.243476390838623,0.0,-0.36090993881225586,5.919656276702881,0.053190357983112335,,0,-1
final,159912,ppo_rev12_114505,1862,goal,70,1.0,1.0,0.0,0.0,0.0,0.0,0.0,0.0,0.0,0.0,2.695284843444824,0.0,0.42589348554611206,6.125608444213867,0.09896589815616608,,0,-1
final,159912,ppo_rev12_114505,1863,goal,160,1.0,1.0,0.0,0.0,0.0,0.0,0.0,0.0,0.0,0.0,2.513443946838379,0.0,-0.9211735725402832,11.930211067199707,0.019069291651248932,,0,-1
final,159912,ppo_rev12_114505,1864,goal,112,1.0,1.0,0.0,0.0,0.0,0.0,0.0,0.0,0.0,0.0,1.9282665252685547,0.0,-0.3812013864517212,7.256938457489014,0.2765478491783142,,0,-1
final,159912,ppo_rev12_114505,1865,goal,79,1.0,1.0,0.0,0.0,0.0,0.0,0.0,0.0,0.0,0.0,5.887996673583984,0.0,-1.0,8.320697784423828,0.2908615171909332,,0,-1
final,159912,ppo_rev12_114505,1866,goal,91,1.0,1.0,0.0,0.0,0.0,0.0,0.0,0.0,0.0,0.0,3.777092933654785,0.0,0.5847693681716919,8.295738220214844,0.29486599564552307,,0,-1
final,159912,ppo_rev12_114505,1867,goal,88,1.0,1.0,0.0,0.0,0.0,0.0,0.0,0.0,0.0,0.0,3.218151092529297,0.0,-0.43375229835510254,7.4126811027526855,0.24064993858337402,,0,-1
final,159912,ppo_rev12_114505,1868,goal,84,1.0,1.0,0.0,0.0,0.0,0.0,0.0,0.0,0.0,0.023809523809523808,3.411555767059326,0.0,0.17147976160049438,6.69242000579834,0.2364959418773651,,0,-1
final,159912,ppo_rev12_114505,1869,goal,38,1.0,1.0,0.0,0.0,0.0,0.0,0.0,0.0,0.0,0.0,nan,0.0,-0.5345028638839722,3.3677165508270264,0.24262432754039764,,0,-1
final,159912,ppo_rev12_114505,1870,goal,70,1.0,1.0,0.0,0.0,0.0,0.0,0.0,0.0,0.0,0.0,4.2293524742126465,0.0,-1.0,6.7710490226745605,0.23365579545497894,,0,-1
final,159912,ppo_rev12_114505,1871,goal,89,1.0,1.0,0.0,0.0,0.0,0.0,0.0,0.0,0.0,0.0,5.524159908294678,0.0,-1.0,10.06301498413086,0.26935479044914246,,0,-1
final,159912,ppo_rev12_114505,1872,goal,133,1.0,1.0,0.0,0.0,0.0,0.0,0.0,0.0,0.0,0.0,3.7546048164367676,0.0,-0.8593206405639648,12.726207733154297,0.2807951867580414,,0,-1
final,159912,ppo_rev12_114505,1873,goal,83,1.0,1.0,0.0,0.0,0.0,0.0,0.0,0.0,0.0,0.0,3.9829070568084717,0.0,-0.5417524576187134,6.6704182624816895,0.293768048286438,,0,-1
final,159912,ppo_rev12_114505,1874,goal,55,1.0,1.0,0.0,0.0,0.0,0.0,0.0,0.0,0.0,0.0,nan,0.0,-1.0,4.989179611206055,0.25346502661705017,,0,-1
final,159912,ppo_rev12_114505,1875,goal,101,1.0,1.0,0.0,0.0,0.0,0.0,0.0,0.0,0.0,0.0,1.7991794347763062,0.0,-1.0,6.948850631713867,0.050946544855833054,,0,-1
final,159912,ppo_rev12_114505,1876,goal,151,1.0,1.0,0.0,0.0,0.0,0.0,0.0,0.0,0.0,0.0,3.125938653945923,0.0,-0.5081218481063843,15.350415229797363,0.2828819751739502,,0,-1
final,159912,ppo_rev12_114505,1877,goal,88,1.0,1.0,0.0,0.0,0.0,0.0,0.0,0.0,0.0,0.0,2.4895780086517334,0.0,-0.5280958414077759,5.777959823608398,0.29235270619392395,,0,-1
final,159912,ppo_rev12_114505,1878,timeout,200,-0.5,0.0,0.0,0.0,0.0,1.0,0.0,0.0,0.0,0.0,0.6348146796226501,0.0,-0.055103421211242676,10.655028343200684,nan,,0,-1
final,159912,ppo_rev12_114505,1879,goal,64,1.0,1.0,0.0,0.0,0.0,0.0,0.0,0.0,0.0,0.0,5.087279319763184,0.0,-0.46515607833862305,6.359376430511475,0.29368072748184204,,0,-1
final,159912,ppo_rev12_114505,1880,goal,55,1.0,1.0,0.0,0.0,0.0,0.0,0.0,0.0,0.0,0.0,nan,0.0,-1.0,4.9977264404296875,0.05489542707800865,,0,-1
final,159912,ppo_rev12_114505,1881,goal,102,1.0,1.0,0.0,0.0,0.0,0.0,0.0,0.0,0.0,0.0,3.2059884071350098,0.0,-0.5510879755020142,9.49991226196289,0.22698743641376495,,0,-1
final,159912,ppo_rev12_114505,1882,goal,76,1.0,1.0,0.0,0.0,0.0,0.0,0.0,0.0,0.0,0.0,5.925023078918457,0.0,-1.0,7.693204879760742,0.2658178508281708,,0,-1
final,159912,ppo_rev12_114505,1883,goal,86,1.0,1.0,0.0,0.0,0.0,0.0,0.0,0.0,0.0,0.0,3.061089038848877,0.0,-1.0,7.186108589172363,0.2650395333766937,,0,-1
final,159912,ppo_rev12_114505,1884,goal,94,1.0,1.0,0.0,0.0,0.0,0.0,0.0,0.0,0.0,0.0,5.757481575012207,0.0,-1.0,10.105947494506836,0.18448568880558014,,0,-1
final,159912,ppo_rev12_114505,1885,goal,60,1.0,1.0,0.0,0.0,0.0,0.0,0.0,0.0,0.0,0.0,4.230581760406494,0.0,-1.0,4.774477958679199,0.28372588753700256,,0,-1
final,159912,ppo_rev12_114505,1886,collision,71,-2.0,0.0,1.0,0.0,0.0,0.0,0.0,0.0,0.0,0.0,4.580560684204102,0.0,1.0,6.147653579711914,nan,obstacle,0,-1
final,159912,ppo_rev12_114505,1887,goal,47,1.0,1.0,0.0,0.0,0.0,0.0,0.0,0.0,0.0,0.0,nan,0.0,-1.0,3.515139102935791,0.28523436188697815,,0,-1
final,159912,ppo_rev12_114505,1888,goal,58,1.0,1.0,0.0,0.0,0.0,0.0,0.0,0.0,0.0,0.0,nan,0.0,-1.0,5.2156982421875,0.26179394125938416,,0,-1
final,159912,ppo_rev12_114505,1889,goal,106,1.0,1.0,0.0,0.0,0.0,0.0,0.0,0.0,0.0,0.0,3.5877583026885986,0.0,-0.6475909948348999,9.086969375610352,0.26057496666908264,,1,5
final,159912,ppo_rev12_114505,1890,goal,73,1.0,1.0,0.0,0.0,0.0,0.0,0.0,0.0,0.0,0.0,5.193228721618652,0.0,-0.8962703943252563,6.712472438812256,0.28472059965133667,,0,-1
final,159912,ppo_rev12_114505,1891,goal,61,1.0,1.0,0.0,0.0,0.0,0.0,0.0,0.0,0.0,0.0,2.4562580585479736,0.0,-1.0,5.0774407386779785,0.2771264612674713,,0,-1
final,159912,ppo_rev12_114505,1892,goal,48,1.0,1.0,0.0,0.0,0.0,0.0,0.0,0.0,0.0,0.0,nan,0.0,-1.0,3.9609222412109375,0.27246609330177307,,0,-1
final,159912,ppo_rev12_114505,1893,timeout,200,-0.5,0.0,0.0,0.0,0.0,1.0,0.0,0.0,0.0,0.0,1.1436699628829956,0.0,0.18431365489959717,15.016010284423828,nan,,0,-1
final,159912,ppo_rev12_114505,1894,goal,86,1.0,1.0,0.0,0.0,0.0,0.0,0.0,0.0,0.0,0.0,5.501977920532227,0.0,-0.5663566589355469,7.467411994934082,0.2762795090675354,,0,-1
final,159912,ppo_rev12_114505,1895,goal,89,1.0,1.0,0.0,0.0,0.0,0.0,0.0,0.0,0.0,0.0,4.525302886962891,0.0,-0.14143788814544678,8.337044715881348,0.2978288233280182,,0,-1
final,159912,ppo_rev12_114505,1896,timeout,200,-0.5,0.0,0.0,0.0,0.0,1.0,0.0,0.0,0.0,0.0,1.8007093667984009,0.0,-0.6622002124786377,15.826122283935547,nan,,0,-1
final,159912,ppo_rev12_114505,1897,goal,77,1.0,1.0,0.0,0.0,0.0,0.0,0.0,0.0,0.0,0.0,5.535730361938477,0.0,-1.0,7.2762932777404785,0.2950519621372223,,0,-1
final,159912,ppo_rev12_114505,1898,goal,108,1.0,1.0,0.0,0.0,0.0,0.0,0.0,0.0,0.0,0.0,4.00161075592041,0.0,-1.0,9.768917083740234,0.2600269019603729,,0,-1
final,159912,ppo_rev12_114505,1899,goal,74,1.0,1.0,0.0,0.0,0.0,0.0,0.0,0.0,0.0,0.06756756756756757,3.007456064224243,0.0,-0.35097265243530273,6.662310600280762,0.2877916991710663,,0,-1
final,159912,ppo_rev12_114505,1900,goal,81,1.0,1.0,0.0,0.0,0.0,0.0,0.0,0.0,0.0,0.0,5.127309799194336,0.0,-1.0,8.215845108032227,0.2919808030128479,,0,-1
final,159912,ppo_rev12_114505,1901,goal,54,1.0,1.0,0.0,0.0,0.0,0.0,0.0,0.0,0.0,0.0,nan,0.0,-1.0,4.182429313659668,0.2789439260959625,,0,-1
final,159912,ppo_rev12_114505,1902,goal,55,1.0,1.0,0.0,0.0,0.0,0.0,0.0,0.0,0.0,0.0,nan,0.0,-1.0,4.275346279144287,0.2628564238548279,,0,-1
final,159912,ppo_rev12_114505,1903,goal,74,1.0,1.0,0.0,0.0,0.0,0.0,0.0,0.0,0.0,0.02702702702702703,5.763569355010986,0.0,-1.0,7.842237949371338,0.2826384902000427,,0,-1
final,159912,ppo_rev12_114505,1904,goal,47,1.0,1.0,0.0,0.0,0.0,0.0,0.0,0.0,0.0,0.0,nan,0.0,-1.0,4.3778486251831055,0.28435757756233215,,0,-1
final,159912,ppo_rev12_114505,1905,goal,114,1.0,1.0,0.0,0.0,0.0,0.0,0.0,0.0,0.0,0.0,5.160806655883789,0.0,-1.0,11.93779468536377,0.29808861017227173,,1,7
final,159912,ppo_rev12_114505,1906,goal,107,1.0,1.0,0.0,0.0,0.0,0.0,0.0,0.0,0.0,0.0,3.377110004425049,0.0,-1.0,10.669063568115234,0.28570038080215454,,0,-1
final,159912,ppo_rev12_114505,1907,goal,56,1.0,1.0,0.0,0.0,0.0,0.0,0.0,0.0,0.0,0.0,nan,0.0,-1.0,5.156728267669678,0.2998785674571991,,0,-1
final,159912,ppo_rev12_114505,1908,goal,159,1.0,1.0,0.0,0.0,0.0,0.0,0.0,0.0,0.0,0.006289308176100629,2.6442294120788574,0.0,0.9654988050460815,15.03178596496582,0.299500435590744,,0,-1
final,159912,ppo_rev12_114505,1909,goal,79,1.0,1.0,0.0,0.0,0.0,0.0,0.0,0.0,0.0,0.0,4.8002729415893555,0.0,-0.3780001401901245,7.0217461585998535,0.2870006561279297,,0,-1
final,159912,ppo_rev12_114505,1910,goal,76,1.0,1.0,0.0,0.0,0.0,0.0,0.0,0.0,0.0,0.0,4.6378631591796875,0.0,-1.0,7.709903240203857,0.28992676734924316,,0,-1
final,159912,ppo_rev12_114505,1911,goal,123,1.0,1.0,0.0,0.0,0.0,0.0,0.0,0.0,0.0,0.0,3.7617037296295166,0.0,-1.0,10.577106475830078,0.27539774775505066,,0,-1
final,159912,ppo_rev12_114505,1912,collision,12,-2.0,0.0,1.0,0.0,0.0,0.0,0.0,0.0,0.0,0.08333333333333333,nan,0.0,1.0,1.2489168643951416,nan,obstacle,0,-1
final,159912,ppo_rev12_114505,1913,goal,74,1.0,1.0,0.0,0.0,0.0,0.0,0.0,0.0,0.0,0.0,5.314753532409668,0.0,-1.0,7.522839546203613,0.2693476676940918,,0,-1
final,159912,ppo_rev12_114505,1914,goal,76,1.0,1.0,0.0,0.0,0.0,0.0,0.0,0.0,0.0,0.0,5.519923210144043,0.0,-1.0,6.563967704772949,0.2815183103084564,,0,-1
final,159912,ppo_rev12_114505,1915,goal,105,1.0,1.0,0.0,0.0,0.0,0.0,0.0,0.0,0.0,0.0,5.38918924331665,0.0,-1.0,11.196657180786133,0.2669263184070587,,0,-1
final,159912,ppo_rev12_114505,1916,goal,56,1.0,1.0,0.0,0.0,0.0,0.0,0.0,0.0,0.0,0.0,nan,0.0,-1.0,4.28486442565918,0.2694731652736664,,0,-1
final,159912,ppo_rev12_114505,1917,goal,73,1.0,1.0,0.0,0.0,0.0,0.0,0.0,0.0,0.0,0.0,6.076809406280518,0.0,-1.0,7.615075588226318,0.09041666984558105,,0,-1
final,159912,ppo_rev12_114505,1918,collision,101,-2.0,0.0,1.0,0.0,0.0,0.0,0.0,0.0,0.0,0.0,5.630892753601074,0.0,1.0,11.422001838684082,nan,obstacle,0,-1
final,159912,ppo_rev12_114505,1919,goal,96,1.0,1.0,0.0,0.0,0.0,0.0,0.0,0.0,0.0,0.0,5.4959516525268555,0.0,-0.20910167694091797,10.619293212890625,0.2399243414402008,,0,-1
final,159912,ppo_rev12_114505,1920,goal,78,1.0,1.0,0.0,0.0,0.0,0.0,0.0,0.0,0.0,0.0,3.6763455867767334,0.0,-1.0,5.910491466522217,0.2699736952781677,,0,-1
final,159912,ppo_rev12_114505,1921,goal,84,1.0,1.0,0.0,0.0,0.0,0.0,0.0,0.0,0.0,0.0,5.608059406280518,0.0,-1.0,8.572443008422852,0.237137570977211,,0,-1
final,159912,ppo_rev12_114505,1922,goal,117,1.0,1.0,0.0,0.0,0.0,0.0,0.0,0.0,0.0,0.0,4.00952672958374,0.0,0.4344009757041931,12.995004653930664,0.28289321064949036,,0,-1
final,159912,ppo_rev12_114505,1923,goal,134,1.0,1.0,0.0,0.0,0.0,0.0,0.0,0.0,0.0,0.0,3.3902533054351807,0.0,-0.10324347019195557,12.69072151184082,0.2911970615386963,,0,-1
final,159912,ppo_rev12_114505,1924,goal,57,1.0,1.0,0.0,0.0,0.0,0.0,0.0,0.0,0.0,0.0,nan,0.0,-1.0,5.387812614440918,0.2939489781856537,,0,-1
final,159912,ppo_rev12_114505,1925,goal,190,1.0,1.0,0.0,0.0,0.0,0.0,0.0,0.0,0.0,0.005263157894736842,1.736802577972412,0.0,-0.41499996185302734,16.175350189208984,0.15186385810375214,,1,9
final,159912,ppo_rev12_114505,1926,goal,98,1.0,1.0,0.0,0.0,0.0,0.0,0.0,0.0,0.0,0.0,5.201930046081543,0.0,-1.0,10.320972442626953,0.2943577468395233,,0,-1
final,159912,ppo_rev12_114505,1927,goal,52,1.0,1.0,0.0,0.0,0.0,0.0,0.0,0.0,0.0,0.0,nan,0.0,-1.0,3.8150527477264404,0.2926569879055023,,0,-1
final,159912,ppo_rev12_114505,1928,collision,4,-2.0,0.0,1.0,0.0,0.0,0.0,0.0,0.0,0.0,0.0,nan,0.0,1.0,0.32294195890426636,nan,obstacle,0,-1
final,159912,ppo_rev12_114505,1929,goal,51,1.0,1.0,0.0,0.0,0.0,0.0,0.0,0.0,0.0,0.0,nan,0.0,-0.5085508823394775,3.9241695404052734,0.27111104130744934,,0,-1
final,159912,ppo_rev12_114505,1930,goal,66,1.0,1.0,0.0,0.0,0.0,0.0,0.0,0.0,0.0,0.0,1.9908367395401,0.0,-0.6263447999954224,4.986802101135254,0.2949380576610565,,0,-1
final,159912,ppo_rev12_114505,1931,goal,50,1.0,1.0,0.0,0.0,0.0,0.0,0.0,0.0,0.0,0.0,nan,0.0,-1.0,4.904514312744141,0.2910424768924713,,0,-1
final,159912,ppo_rev12_114505,1932,goal,59,1.0,1.0,0.0,0.0,0.0,0.0,0.0,0.0,0.0,0.0,nan,0.0,-1.0,5.799083709716797,0.1068752333521843,,0,-1
final,159912,ppo_rev12_114505,1933,goal,96,1.0,1.0,0.0,0.0,0.0,0.0,0.0,0.0,0.0,0.0,5.267770767211914,0.0,-1.0,10.158269882202148,0.2939412295818329,,0,-1
final,159912,ppo_rev12_114505,1934,goal,66,1.0,1.0,0.0,0.0,0.0,0.0,0.0,0.0,0.0,0.0,3.108888864517212,0.0,-0.6220728158950806,5.367245197296143,0.29281342029571533,,0,-1
final,159912,ppo_rev12_114505,1935,goal,113,1.0,1.0,0.0,0.0,0.0,0.0,0.0,0.0,0.0,0.0,3.428912401199341,0.0,-0.12327408790588379,10.28790283203125,0.29371803998947144,,0,-1
final,159912,ppo_rev12_114505,1936,goal,50,1.0,1.0,0.0,0.0,0.0,0.0,0.0,0.0,0.0,0.0,nan,0.0,-0.19601786136627197,4.089276313781738,0.23497745394706726,,0,-1
final,159912,ppo_rev12_114505,1937,goal,90,1.0,1.0,0.0,0.0,0.0,0.0,0.0,0.0,0.0,0.0,4.4666666984558105,0.0,0.7524598836898804,8.212621688842773,0.25039318203926086,,0,-1
final,159912,ppo_rev12_114505,1938,goal,101,1.0,1.0,0.0,0.0,0.0,0.0,0.0,0.0,0.0,0.0,4.096048355102539,0.0,0.3110692501068115,9.063579559326172,0.2937764525413513,,0,-1
final,159912,ppo_rev12_114505,1939,goal,68,1.0,1.0,0.0,0.0,0.0,0.0,0.0,0.0,0.0,0.0,5.23531436920166,0.0,-1.0,6.1443867683410645,0.28380241990089417,,0,-1
final,159912,ppo_rev12_114505,1940,goal,110,1.0,1.0,0.0,0.0,0.0,0.0,0.0,0.0,0.0,0.0,2.427304267883301,0.0,-0.3232731819152832,7.099551200866699,0.2477302849292755,,0,-1
final,159912,ppo_rev12_114505,1941,goal,56,1.0,1.0,0.0,0.0,0.0,0.0,0.0,0.0,0.0,0.0,nan,0.0,-1.0,3.3180551528930664,0.25150173902511597,,0,-1
final,159912,ppo_rev12_114505,1942,goal,51,1.0,1.0,0.0,0.0,0.0,0.0,0.0,0.0,0.0,0.0,nan,0.0,-0.45674192905426025,3.4869890213012695,0.28376129269599915,,0,-1
final,159912,ppo_rev12_114505,1943,goal,92,1.0,1.0,0.0,0.0,0.0,0.0,0.0,0.0,0.0,0.0,3.29252552986145,0.0,-0.21915721893310547,8.612886428833008,0.27156862616539,,0,-1
final,159912,ppo_rev12_114505,1944,goal,137,1.0,1.0,0.0,0.0,0.0,0.0,0.0,0.0,0.0,0.0,2.0528228282928467,0.0,-0.22380495071411133,10.719945907592773,0.23592674732208252,,0,-1
final,159912,ppo_rev12_114505,1945,goal,73,1.0,1.0,0.0,0.0,0.0,0.0,0.0,0.0,0.0,0.0,4.427361965179443,0.0,-1.0,6.66165828704834,0.29564300179481506,,0,-1
final,159912,ppo_rev12_114505,1946,goal,84,1.0,1.0,0.0,0.0,0.0,0.0,0.0,0.0,0.0,0.0,2.3222405910491943,0.0,-1.0,7.079905986785889,0.059371914714574814,,0,-1
final,159912,ppo_rev12_114505,1947,goal,47,1.0,1.0,0.0,0.0,0.0,0.0,0.0,0.0,0.0,0.0,nan,0.0,-1.0,3.5258288383483887,0.26531779766082764,,0,-1
final,159912,ppo_rev12_114505,1948,goal,90,1.0,1.0,0.0,0.0,0.0,0.0,0.0,0.0,0.0,0.0,4.236245632171631,0.0,-1.0,7.6984639167785645,0.29415544867515564,,0,-1
final,159912,ppo_rev12_114505,1949,goal,80,1.0,1.0,0.0,0.0,0.0,0.0,0.0,0.0,0.0,0.0,6.188627243041992,0.0,-1.0,8.799392700195312,0.2886922359466553,,0,-1
final,159912,ppo_rev12_114505,1950,goal,89,1.0,1.0,0.0,0.0,0.0,0.0,0.0,0.0,0.0,0.0,5.245420455932617,0.0,-1.0,9.10047435760498,0.17040440440177917,,0,-1
final,159912,ppo_rev12_114505,1951,goal,59,1.0,1.0,0.0,0.0,0.0,0.0,0.0,0.0,0.0,0.0,nan,0.0,-1.0,5.407577037811279,0.2616972327232361,,0,-1
final,159912,ppo_rev12_114505,1952,goal,49,1.0,1.0,0.0,0.0,0.0,0.0,0.0,0.0,0.0,0.0,nan,0.0,-1.0,4.600048065185547,0.2902600169181824,,0,-1
final,159912,ppo_rev12_114505,1953,goal,87,1.0,1.0,0.0,0.0,0.0,0.0,0.0,0.0,0.0,0.0,3.5833747386932373,0.0,-1.0,8.894804954528809,0.2569463849067688,,0,-1
final,159912,ppo_rev12_114505,1954,goal,159,1.0,1.0,0.0,0.0,0.0,0.0,0.0,0.0,0.0,0.0,2.249333143234253,0.0,-0.4226992130279541,14.619552612304688,0.29652535915374756,,0,-1
final,159912,ppo_rev12_114505,1955,goal,103,1.0,1.0,0.0,0.0,0.0,0.0,0.0,0.0,0.0,0.0,4.1126837730407715,0.0,-1.0,10.445707321166992,0.2928698658943176,,0,-1
final,159912,ppo_rev12_114505,1956,goal,96,1.0,1.0,0.0,0.0,0.0,0.0,0.0,0.0,0.0,0.0,3.2907485961914062,0.0,-0.9135013818740845,6.658171653747559,0.2596175968647003,,0,-1
final,159912,ppo_rev12_114505,1957,goal,86,1.0,1.0,0.0,0.0,0.0,0.0,0.0,0.0,0.0,0.011627906976744186,4.734543800354004,0.0,-1.0,9.138755798339844,0.2339102327823639,,0,-1
final,159912,ppo_rev12_114505,1958,goal,49,1.0,1.0,0.0,0.0,0.0,0.0,0.0,0.0,0.0,0.0,nan,0.0,-1.0,4.184267997741699,0.2945463955402374,,0,-1
final,159912,ppo_rev12_114505,1959,goal,79,1.0,1.0,0.0,0.0,0.0,0.0,0.0,0.0,0.0,0.0,4.137172222137451,0.0,-1.0,6.909198760986328,0.1504211723804474,,0,-1
final,159912,ppo_rev12_114505,1960,goal,194,1.0,1.0,0.0,0.0,0.0,0.0,0.0,0.0,0.0,0.005154639175257732,1.3782837390899658,0.0,-0.11191928386688232,14.524374961853027,0.28480038046836853,,0,-1
final,159912,ppo_rev12_114505,1961,goal,66,1.0,1.0,0.0,0.0,0.0,0.0,0.0,0.0,0.0,0.0,5.0030717849731445,0.0,-1.0,6.542500972747803,0.299375057220459,,0,-1
final,159912,ppo_rev12_114505,1962,stuck,146,-1.0,0.0,0.0,0.0,1.0,0.0,0.0,0.0,0.0,0.0,0.02003699541091919,0.0,-1.0,10.402143478393555,nan,,0,-1
final,159912,ppo_rev12_114505,1963,goal,67,1.0,1.0,0.0,0.0,0.0,0.0,0.0,0.0,0.0,0.0,3.7487781047821045,0.0,-0.9973757266998291,7.151872634887695,0.2913070619106293,,0,-1
final,159912,ppo_rev12_114505,1964,goal,101,1.0,1.0,0.0,0.0,0.0,0.0,0.0,0.0,0.0,0.0,4.881959915161133,0.0,-1.0,10.514364242553711,0.22935062646865845,,0,-1
final,159912,ppo_rev12_114505,1965,goal,65,1.0,1.0,0.0,0.0,0.0,0.0,0.0,0.0,0.0,0.0,6.1389336585998535,0.0,-1.0,6.8730034828186035,0.2514214813709259,,0,-1
final,159912,ppo_rev12_114505,1966,goal,66,1.0,1.0,0.0,0.0,0.0,0.0,0.0,0.0,0.0,0.07575757575757576,4.101292610168457,0.0,-1.0,6.5480146408081055,0.26762905716896057,,1,5
final,159912,ppo_rev12_114505,1967,goal,49,1.0,1.0,0.0,0.0,0.0,0.0,0.0,0.0,0.0,0.0,nan,0.0,-1.0,4.226480484008789,0.25397780537605286,,0,-1
final,159912,ppo_rev12_114505,1968,goal,59,1.0,1.0,0.0,0.0,0.0,0.0,0.0,0.0,0.0,0.01694915254237288,nan,0.0,0.03446775674819946,4.984532356262207,0.26942893862724304,,0,-1
final,159912,ppo_rev12_114505,1969,goal,71,1.0,1.0,0.0,0.0,0.0,0.0,0.0,0.0,0.0,0.014084507042253521,4.772567272186279,0.0,-1.0,6.991137981414795,0.26802971959114075,,0,-1
final,159912,ppo_rev12_114505,1970,timeout,200,-0.5,0.0,0.0,0.0,0.0,1.0,0.0,0.0,0.0,0.0,0.6661506295204163,0.0,-0.6231949329376221,10.375814437866211,nan,,0,-1
final,159912,ppo_rev12_114505,1971,goal,70,1.0,1.0,0.0,0.0,0.0,0.0,0.0,0.0,0.0,0.0,5.47507381439209,0.0,-1.0,6.228301048278809,0.27285802364349365,,0,-1
final,159912,ppo_rev12_114505,1972,goal,52,1.0,1.0,0.0,0.0,0.0,0.0,0.0,0.0,0.0,0.0,nan,0.0,-1.0,4.754770278930664,0.2847481667995453,,0,-1
final,159912,ppo_rev12_114505,1973,timeout,200,-0.5,0.0,0.0,0.0,0.0,1.0,0.0,0.0,0.0,0.0,0.561213493347168,0.0,0.5803642272949219,10.049375534057617,nan,,0,-1
final,159912,ppo_rev12_114505,1974,collision,8,-2.0,0.0,1.0,0.0,0.0,0.0,0.0,0.0,0.0,0.0,nan,0.0,1.0,0.5860569477081299,nan,obstacle,0,-1
final,159912,ppo_rev12_114505,1975,goal,140,1.0,1.0,0.0,0.0,0.0,0.0,0.0,0.0,0.0,0.0,4.026030540466309,0.0,0.13928985595703125,14.86727237701416,0.2872258126735687,,0,-1
final,159912,ppo_rev12_114505,1976,goal,85,1.0,1.0,0.0,0.0,0.0,0.0,0.0,0.0,0.0,0.0,6.209965229034424,0.0,-1.0,9.500711441040039,0.27194565534591675,,0,-1
final,159912,ppo_rev12_114505,1977,goal,81,1.0,1.0,0.0,0.0,0.0,0.0,0.0,0.0,0.0,0.0,4.560268878936768,0.0,-1.0,7.1027116775512695,0.28218650817871094,,0,-1
final,159912,ppo_rev12_114505,1978,goal,73,1.0,1.0,0.0,0.0,0.0,0.0,0.0,0.0,0.0,0.0,5.511550426483154,0.0,-1.0,6.753805160522461,0.2782135605812073,,0,-1
final,159912,ppo_rev12_114505,1979,goal,77,1.0,1.0,0.0,0.0,0.0,0.0,0.0,0.0,0.0,0.025974025974025976,3.9983654022216797,0.0,-1.0,7.540288925170898,0.2732635736465454,,0,-1
final,159912,ppo_rev12_114505,1980,goal,106,1.0,1.0,0.0,0.0,0.0,0.0,0.0,0.0,0.0,0.0,4.935030460357666,0.0,-0.9939535856246948,11.452302932739258,0.2504795491695404,,0,-1
final,159912,ppo_rev12_114505,1981,collision,15,-2.0,0.0,1.0,0.0,0.0,0.0,0.0,0.0,0.0,0.5333333333333333,nan,0.0,1.0,1.7291558980941772,nan,obstacle,0,-1
final,159912,ppo_rev12_114505,1982,goal,72,1.0,1.0,0.0,0.0,0.0,0.0,0.0,0.0,0.0,0.041666666666666664,4.754223823547363,0.0,-0.7155998945236206,6.484151363372803,0.15828783810138702,,0,-1
final,159912,ppo_rev12_114505,1983,goal,111,1.0,1.0,0.0,0.0,0.0,0.0,0.0,0.0,0.0,0.036036036036036036,4.243505954742432,0.0,-0.5071578025817871,11.280250549316406,0.2657325863838196,,0,-1
final,159912,ppo_rev12_114505,1984,goal,69,1.0,1.0,0.0,0.0,0.0,0.0,0.0,0.0,0.0,0.0,4.912856101989746,0.0,-1.0,6.327276706695557,0.29791584610939026,,0,-1
final,159912,ppo_rev12_114505,1985,goal,83,1.0,1.0,0.0,0.0,0.0,0.0,0.0,0.0,0.0,0.012048192771084338,4.250210285186768,0.0,-0.8402416706085205,7.461235523223877,0.2611827552318573,,0,-1
final,159912,ppo_rev12_114505,1986,goal,131,1.0,1.0,0.0,0.0,0.0,0.0,0.0,0.0,0.0,0.0,4.164809703826904,0.0,-1.0,13.832015991210938,0.26051005721092224,,0,-1
final,159912,ppo_rev12_114505,1987,goal,91,1.0,1.0,0.0,0.0,0.0,0.0,0.0,0.0,0.0,0.0,3.946477174758911,0.0,-0.4372122287750244,7.424556732177734,0.27538058161735535,,0,-1
final,159912,ppo_rev12_114505,1988,goal,42,1.0,1.0,0.0,0.0,0.0,0.0,0.0,0.0,0.0,0.0,nan,0.0,-1.0,3.2426509857177734,0.2832713723182678,,0,-1
final,159912,ppo_rev12_114505,1989,goal,67,1.0,1.0,0.0,0.0,0.0,0.0,0.0,0.0,0.0,0.0,5.788052558898926,0.0,0.360862672328949,6.51276969909668,0.25494179129600525,,0,-1
final,159912,ppo_rev12_114505,1990,goal,64,1.0,1.0,0.0,0.0,0.0,0.0,0.0,0.0,0.0,0.0,3.826420545578003,0.0,0.0848919153213501,4.786859512329102,0.29079535603523254,,0,-1
final,159912,ppo_rev12_114505,1991,goal,82,1.0,1.0,0.0,0.0,0.0,0.0,0.0,0.0,0.0,0.0,5.765512466430664,0.0,-1.0,8.933679580688477,0.28977149724960327,,0,-1
final,159912,ppo_rev12_114505,1992,goal,80,1.0,1.0,0.0,0.0,0.0,0.0,0.0,0.0,0.0,0.0,3.025585174560547,0.0,-0.8606113195419312,6.752068042755127,0.28323858976364136,,0,-1
final,159912,ppo_rev12_114505,1993,goal,63,1.0,1.0,0.0,0.0,0.0,0.0,0.0,0.0,0.0,0.0,3.3239095211029053,0.0,0.16831356287002563,5.310811519622803,0.26385876536369324,,0,-1
final,159912,ppo_rev12_114505,1994,goal,69,1.0,1.0,0.0,0.0,0.0,0.0,0.0,0.0,0.0,0.014492753623188406,4.873049736022949,0.0,-1.0,7.060784816741943,0.2893218696117401,,0,-1
final,159912,ppo_rev12_114505,1995,goal,56,1.0,1.0,0.0,0.0,0.0,0.0,0.0,0.0,0.0,0.1607142857142857,nan,0.0,-1.0,5.87607479095459,0.2949133515357971,,0,-1
final,159912,ppo_rev12_114505,1996,goal,120,1.0,1.0,0.0,0.0,0.0,0.0,0.0,0.0,0.0,0.0,3.4178593158721924,0.0,0.41296952962875366,11.73630142211914,0.28425219655036926,,0,-1
final,159912,ppo_rev12_114505,1997,goal,106,1.0,1.0,0.0,0.0,0.0,0.0,0.0,0.0,0.0,0.0,2.6416330337524414,0.0,0.04516935348510742,9.707293510437012,0.2767094671726227,,0,-1
final,159912,ppo_rev12_114505,1998,goal,76,1.0,1.0,0.0,0.0,0.0,0.0,0.0,0.0,0.0,0.0,4.399668216705322,0.0,-1.0,7.7806806564331055,0.2610199749469757,,0,-1
final,159912,ppo_rev12_114505,1999,goal,77,1.0,1.0,0.0,0.0,0.0,0.0,0.0,0.0,0.0,0.0,4.599123954772949,0.0,-1.0,7.024679183959961,0.28150495886802673,,0,-1
