mode,step,ckpt_name,episode_idx,outcome,n_steps,cps_episode,reach,collision,oob,stuck,timeout,infeasible_step_frac,empty_step_frac,singular_step_frac,saturation_step_frac,min_window_displacement,mean_proj_mag,max_h,traj_path_len,angrate_at_reach,collision_cause,band_crossings,first_crossing_step
final,159912,ppo_rev12_114505,0,goal,114,1.0,1.0,0.0,0.0,0.0,0.0,0.0,0.0,0.0,0.0,1.4024853706359863,0.0,-1.0,8.389822006225586,0.29014042019844055,,0,-1
final,159912,ppo_rev12_114505,1,goal,98,1.0,1.0,0.0,0.0,0.0,0.0,0.0,0.0,0.0,0.0,4.197930812835693,0.0,-0.05102407932281494,8.521207809448242,0.2550380527973175,,0,-1
final,159912,ppo_rev12_114505,2,goal,53,1.0,1.0,0.0,0.0,0.0,0.0,0.0,0.0,0.0,0.0,nan,0.0,-0.5132104158401489,4.084475040435791,0.28667348623275757,,0,-1
final,159912,ppo_rev12_114505,3,goal,52,1.0,1.0,0.0,0.0,0.0,0.0,0.0,0.0,0.0,0.0,nan,0.0,-1.0,4.567312240600586,0.2852684557437897,,0,-1
final,159912,ppo_rev12_114505,4,goal,68,1.0,1.0,0.0,0.0,0.0,0.0,0.0,0.0,0.0,0.0,5.681907653808594,0.0,-1.0,6.4829912185668945,0.2505844533443451,,0,-1
final,159912,ppo_rev12_114505,5,goal,69,1.0,1.0,0.0,0.0,0.0,0.0,0.0,0.0,0.0,0.0,4.46209716796875,0.0,-1.0,6.21567440032959,0.2758561372756958,,0,-1
final,159912,ppo_rev12_114505,6,goal,57,1.0,1.0,0.0,0.0,0.0,0.0,0.0,0.0,0.0,0.0,nan,0.0,0.1782051920890808,4.427865982055664,0.24946239590644836,,0,-1
final,159912,ppo_rev12_114505,7,goal,64,1.0,1.0,0.0,0.0,0.0,0.0,0.0,0.0,0.0,0.0,5.050405025482178,0.0,-0.5210210084915161,5.604482173919678,0.2724588215351105,,0,-1
final,159912,ppo_rev12_114505,8,goal,112,1.0,1.0,0.0,0.0,0.0,0.0,0.0,0.0,0.0,0.0,4.130261421203613,0.0,-1.0,11.479936599731445,0.265315979719162,,0,-1
final,159912,ppo_rev12_114505,9,goal,46,1.0,1.0,0.0,0.0,0.0,0.0,0.0,0.0,0.0,0.0,nan,0.0,-1.0,4.067930221557617,0.129938542842865,,0,-1
final,159912,ppo_rev12_114505,10,goal,79,1.0,1.0,0.0,0.0,0.0,0.0,0.0,0.0,0.0,0.0,4.816431522369385,0.0,-0.49777257442474365,7.069601058959961,0.22705884277820587,,0,-1
final,159912,ppo_rev12_114505,11,stuck,134,-1.0,0.0,0.0,0.0,1.0,0.0,0.0,0.0,0.0,0.0,0.04924508556723595,0.0,-1.0,7.22493314743042,nan,,0,-1
final,159912,ppo_rev12_114505,12,goal,71,1.0,1.0,0.0,0.0,0.0,0.0,0.0,0.0,0.0,0.0,4.9358015060424805,0.0,0.44930994510650635,6.104056358337402,0.25927212834358215,,0,-1
final,159912,ppo_rev12_114505,13,goal,105,1.0,1.0,0.0,0.0,0.0,0.0,0.0,0.0,0.0,0.0,4.664834499359131,0.0,-1.0,11.102612495422363,0.29343652725219727,,0,-1
final,159912,ppo_rev12_114505,14,goal,95,1.0,1.0,0.0,0.0,0.0,0.0,0.0,0.0,0.0,0.0,4.839703559875488,0.0,-1.0,8.896820068359375,0.1036149114370346,,0,-1
final,159912,ppo_rev12_114505,15,goal,134,1.0,1.0,0.0,0.0,0.0,0.0,0.0,0.0,0.0,0.0,3.8958611488342285,0.0,-0.6255440711975098,14.018224716186523,0.287847638130188,,0,-1
final,159912,ppo_rev12_114505,16,collision,71,-2.0,0.0,1.0,0.0,0.0,0.0,0.0,0.0,0.0,0.0,1.3635015487670898,0.0,1.0,2.9385180473327637,nan,obstacle,0,-1
final,159912,ppo_rev12_114505,17,goal,100,1.0,1.0,0.0,0.0,0.0,0.0,0.0,0.0,0.0,0.0,5.0394182205200195,0.0,-0.9488093852996826,9.961668014526367,0.28820493817329407,,0,-1
final,159912,ppo_rev12_114505,18,goal,103,1.0,1.0,0.0,0.0,0.0,0.0,0.0,0.0,0.0,0.0,3.3627395629882812,0.0,-1.0,8.800796508789062,0.20902730524539948,,0,-1
final,159912,ppo_rev12_114505,19,goal,57,1.0,1.0,0.0,0.0,0.0,0.0,0.0,0.0,0.0,0.0,nan,0.0,-1.0,5.8019256591796875,0.28258395195007324,,0,-1
final,159912,ppo_rev12_114505,20,goal,126,1.0,1.0,0.0,0.0,0.0,0.0,0.0,0.0,0.0,0.0,2.5911474227905273,0.0,-1.0,9.252792358398438,0.29827332496643066,,0,-1
final,159912,ppo_rev12_114505,21,goal,68,1.0,1.0,0.0,0.0,0.0,0.0,0.0,0.0,0.0,0.0,4.939579963684082,0.0,-1.0,6.229658126831055,0.2923832833766937,,0,-1
final,159912,ppo_rev12_114505,22,goal,84,1.0,1.0,0.0,0.0,0.0,0.0,0.0,0.0,0.0,0.0,3.3553295135498047,0.0,-0.3123130798339844,6.594116687774658,0.28115513920783997,,0,-1
final,159912,ppo_rev12_114505,23,goal,82,1.0,1.0,0.0,0.0,0.0,0.0,0.0,0.0,0.0,0.0,4.6389079093933105,0.0,-0.7050014734268188,7.931615829467773,0.2660689055919647,,0,-1
final,159912,ppo_rev12_114505,24,goal,50,1.0,1.0,0.0,0.0,0.0,0.0,0.0,0.0,0.0,0.0,nan,0.0,-1.0,3.2961201667785645,0.25620004534721375,,0,-1
final,159912,ppo_rev12_114505,25,goal,120,1.0,1.0,0.0,0.0,0.0,0.0,0.0,0.0,0.0,0.0,2.708059549331665,0.0,-1.0,8.886797904968262,0.26923683285713196,,0,-1
final,159912,ppo_rev12_114505,26,goal,107,1.0,1.0,0.0,0.0,0.0,0.0,0.0,0.0,0.0,0.0,4.3900628089904785,0.0,-1.0,10.178767204284668,0.28577131032943726,,0,-1
final,159912,ppo_rev12_114505,27,goal,121,1.0,1.0,0.0,0.0,0.0,0.0,0.0,0.0,0.0,0.0,2.7148616313934326,0.0,0.35431987047195435,8.14049243927002,0.2893231213092804,,0,-1
final,159912,ppo_rev12_114505,28,goal,57,1.0,1.0,0.0,0.0,0.0,0.0,0.0,0.0,0.0,0.0,nan,0.0,-1.0,4.978403091430664,0.23712150752544403,,0,-1
final,159912,ppo_rev12_114505,29,goal,51,1.0,1.0,0.0,0.0,0.0,0.0,0.0,0.0,0.0,0.0,nan,0.0,-1.0,4.208422660827637,0.2840469777584076,,0,-1
final,159912,ppo_rev12_114505,30,goal,78,1.0,1.0,0.0,0.0,0.0,0.0,0.0,0.0,0.0,0.0,5.066471576690674,0.0,-1.0,7.617653846740723,0.2888382077217102,,0,-1
final,159912,ppo_rev12_114505,31,goal,141,1.0,1.0,0.0,0.0,0.0,0.0,0.0,0.0,0.0,0.0,2.806885004043579,0.0,-1.0,14.62080192565918,0.2708098888397217,,0,-1
final,159912,ppo_rev12_114505,32,goal,50,1.0,1.0,0.0,0.0,0.0,0.0,0.0,0.0,0.0,0.0,nan,0.0,-0.5149847269058228,2.31994891166687,0.2594846487045288,,0,-1
final,159912,ppo_rev12_114505,33,goal,74,1.0,1.0,0.0,0.0,0.0,0.0,0.0,0.0,0.0,0.0,3.7911648750305176,0.0,0.48026078939437866,5.110470771789551,0.2959388494491577,,0,-1
final,159912,ppo_rev12_114505,34,stuck,107,-1.0,0.0,0.0,0.0,1.0,0.0,0.0,0.0,0.0,0.0,0.004476859234273434,0.0,-1.0,2.9846930503845215,nan,,0,-1
final,159912,ppo_rev12_114505,35,goal,160,1.0,1.0,0.0,0.0,0.0,0.0,0.0,0.0,0.0,0.0,2.8830976486206055,0.0,-1.0,14.553752899169922,0.2478320300579071,,0,-1
final,159912,ppo_rev12_114505,36,goal,53,1.0,1.0,0.0,0.0,0.0,0.0,0.0,0.0,0.0,0.0,nan,0.0,-1.0,4.736525535583496,0.18194358050823212,,0,-1
final,159912,ppo_rev12_114505,37,goal,75,1.0,1.0,0.0,0.0,0.0,0.0,0.0,0.0,0.0,0.0,4.240996837615967,0.0,-0.9803633689880371,5.22861385345459,0.2941558361053467,,0,-1
final,159912,ppo_rev12_114505,38,goal,60,1.0,1.0,0.0,0.0,0.0,0.0,0.0,0.0,0.0,0.0,4.742069244384766,0.0,-1.0,5.300385475158691,0.29061150550842285,,0,-1
final,159912,ppo_rev12_114505,39,goal,90,1.0,1.0,0.0,0.0,0.0,0.0,0.0,0.0,0.0,0.0,5.227221965789795,0.0,-1.0,8.22252082824707,0.2897684574127197,,0,-1
final,159912,ppo_rev12_114505,40,goal,142,1.0,1.0,0.0,0.0,0.0,0.0,0.0,0.0,0.0,0.0,1.9525190591812134,0.0,0.03092038631439209,9.798439979553223,0.18793407082557678,,0,-1
final,159912,ppo_rev12_114505,41,goal,93,1.0,1.0,0.0,0.0,0.0,0.0,0.0,0.0,0.0,0.0,2.8445589542388916,0.0,0.052996277809143066,7.10551643371582,0.24128906428813934,,0,-1
final,159912,ppo_rev12_114505,42,goal,63,1.0,1.0,0.0,0.0,0.0,0.0,0.0,0.0,0.0,0.0,3.5607142448425293,0.0,-1.0,5.083758354187012,0.21706275641918182,,0,-1
final,159912,ppo_rev12_114505,43,goal,70,1.0,1.0,0.0,0.0,0.0,0.0,0.0,0.0,0.0,0.0,5.147817611694336,0.0,-1.0,6.604467391967773,0.2623031735420227,,0,-1
final,159912,ppo_rev12_114505,44,goal,132,1.0,1.0,0.0,0.0,0.0,0.0,0.0,0.0,0.0,0.0,1.6643518209457397,0.0,-0.3100813627243042,8.648958206176758,0.29202720522880554,,0,-1
final,159912,ppo_rev12_114505,45,goal,75,1.0,1.0,0.0,0.0,0.0,0.0,0.0,0.0,0.0,0.0,3.908238410949707,0.0,-0.8518465757369995,6.4566802978515625,0.2507084608078003,,0,-1
final,159912,ppo_rev12_114505,46,goal,55,1.0,1.0,0.0,0.0,0.0,0.0,0.0,0.0,0.0,0.0,nan,0.0,-0.4052591323852539,4.939748764038086,0.27766093611717224,,0,-1
final,159912,ppo_rev12_114505,47,goal,70,1.0,1.0,0.0,0.0,0.0,0.0,0.0,0.0,0.0,0.0,2.580476760864258,0.0,0.037927865982055664,3.8478641510009766,0.21575972437858582,,0,-1
final,159912,ppo_rev12_114505,48,goal,121,1.0,1.0,0.0,0.0,0.0,0.0,0.0,0.0,0.0,0.0,3.5703961849212646,0.0,-1.0,10.905691146850586,0.23730802536010742,,0,-1
final,159912,ppo_rev12_114505,49,goal,81,1.0,1.0,0.0,0.0,0.0,0.0,0.0,0.0,0.0,0.0,6.116209030151367,0.0,-0.9257926940917969,9.105218887329102,0.27842170000076294,,0,-1
final,159912,ppo_rev12_114505,50,goal,58,1.0,1.0,0.0,0.0,0.0,0.0,0.0,0.0,0.0,0.0,nan,0.0,-1.0,4.910516738891602,0.25906914472579956,,0,-1
final,159912,ppo_rev12_114505,51,goal,112,1.0,1.0,0.0,0.0,0.0,0.0,0.0,0.0,0.0,0.0,3.2480218410491943,0.0,-1.0,11.91455078125,0.2814033031463623,,0,-1
final,159912,ppo_rev12_114505,52,goal,65,1.0,1.0,0.0,0.0,0.0,0.0,0.0,0.0,0.0,0.0,4.852245807647705,0.0,-1.0,5.165328025817871,0.28057587146759033,,0,-1
final,159912,ppo_rev12_114505,53,goal,40,1.0,1.0,0.0,0.0,0.0,0.0,0.0,0.0,0.0,0.0,nan,0.0,-1.0,3.211146354675293,0.1208539605140686,,0,-1
final,159912,ppo_rev12_114505,54,goal,58,1.0,1.0,0.0,0.0,0.0,0.0,0.0,0.0,0.0,0.0,nan,0.0,-1.0,5.023438453674316,0.2510748505592346,,0,-1
final,159912,ppo_rev12_114505,55,goal,78,1.0,1.0,0.0,0.0,0.0,0.0,0.0,0.0,0.0,0.0,5.288100242614746,0.0,-1.0,7.024973392486572,0.17497128248214722,,0,-1
final,159912,ppo_rev12_114505,56,goal,154,1.0,1.0,0.0,0.0,0.0,0.0,0.0,0.0,0.0,0.0,2.711139678955078,0.0,-0.6836490631103516,13.55570125579834,0.28968045115470886,,0,-1
final,159912,ppo_rev12_114505,57,goal,109,1.0,1.0,0.0,0.0,0.0,0.0,0.0,0.0,0.0,0.0,3.0197601318359375,0.0,-0.4610801935195923,10.897737503051758,0.28450489044189453,,0,-1
final,159912,ppo_rev12_114505,58,goal,52,1.0,1.0,0.0,0.0,0.0,0.0,0.0,0.0,0.0,0.0,nan,0.0,-0.38843679428100586,3.646322250366211,0.2665596604347229,,0,-1
final,159912,ppo_rev12_114505,59,goal,45,1.0,1.0,0.0,0.0,0.0,0.0,0.0,0.0,0.0,0.0,nan,0.0,-1.0,2.968646287918091,0.26391157507896423,,0,-1
final,159912,ppo_rev12_114505,60,goal,65,1.0,1.0,0.0,0.0,0.0,0.0,0.0,0.0,0.0,0.0,4.693430423736572,0.0,-0.7804629802703857,5.618629455566406,0.2972380518913269,,0,-1
final,159912,ppo_rev12_114505,61,goal,70,1.0,1.0,0.0,0.0,0.0,0.0,0.0,0.0,0.0,0.0,5.274814128875732,0.0,0.7336755394935608,6.615668296813965,0.26925286650657654,,0,-1
final,159912,ppo_rev12_114505,62,goal,80,1.0,1.0,0.0,0.0,0.0,0.0,0.0,0.0,0.0,0.0,2.8825345039367676,0.0,-0.6577235460281372,5.691559791564941,0.275325745344162,,0,-1
final,159912,ppo_rev12_114505,63,goal,29,1.0,1.0,0.0,0.0,0.0,0.0,0.0,0.0,0.0,0.0,nan,0.0,-1.0,1.7674648761749268,0.23220939934253693,,0,-1
final,159912,ppo_rev12_114505,64,goal,75,1.0,1.0,0.0,0.0,0.0,0.0,0.0,0.0,0.0,0.0,5.163573741912842,0.0,-1.0,7.280191898345947,0.2832512855529785,,0,-1
final,159912,ppo_rev12_114505,65,goal,78,1.0,1.0,0.0,0.0,0.0,0.0,0.0,0.0,0.0,0.0,3.063976526260376,0.0,0.10432165861129761,5.307538986206055,0.20653745532035828,,0,-1
final,159912,ppo_rev12_114505,66,goal,68,1.0,1.0,0.0,0.0,0.0,0.0,0.0,0.0,0.0,0.0,5.722640037536621,0.0,-1.0,6.378361701965332,0.2579098045825958,,0,-1
final,159912,ppo_rev12_114505,67,goal,100,1.0,1.0,0.0,0.0,0.0,0.0,0.0,0.0,0.0,0.0,2.8376617431640625,0.0,0.1205785870552063,6.1129255294799805,0.2969713807106018,,0,-1
final,159912,ppo_rev12_114505,68,goal,107,1.0,1.0,0.0,0.0,0.0,0.0,0.0,0.0,0.0,0.0,5.192323207855225,0.0,-1.0,11.313872337341309,0.24771973490715027,,0,-1
final,159912,ppo_rev12_114505,69,goal,110,1.0,1.0,0.0,0.0,0.0,0.0,0.0,0.0,0.0,0.0,4.312652587890625,0.0,-0.28893280029296875,10.04025650024414,0.2960205674171448,,0,-1
final,159912,ppo_rev12_114505,70,goal,149,1.0,1.0,0.0,0.0,0.0,0.0,0.0,0.0,0.0,0.0,4.588520526885986,0.0,-1.0,15.18351936340332,0.2947886288166046,,0,-1
final,159912,ppo_rev12_114505,71,goal,132,1.0,1.0,0.0,0.0,0.0,0.0,0.0,0.0,0.0,0.0,2.7109806537628174,0.0,-0.8323162794113159,11.90277099609375,0.27001726627349854,,0,-1
final,159912,ppo_rev12_114505,72,goal,59,1.0,1.0,0.0,0.0,0.0,0.0,0.0,0.0,0.0,0.0,nan,0.0,-1.0,5.202716827392578,0.2675762176513672,,0,-1
final,159912,ppo_rev12_114505,73,goal,64,1.0,1.0,0.0,0.0,0.0,0.0,0.0,0.0,0.0,0.0,5.250583648681641,0.0,-1.0,5.974665641784668,0.2741444706916809,,0,-1
final,159912,ppo_rev12_114505,74,timeout,200,-0.5,0.0,0.0,0.0,0.0,1.0,0.0,0.0,0.0,0.0,0.8590334057807922,0.0,0.058751583099365234,14.554817199707031,nan,,0,-1
final,159912,ppo_rev12_114505,75,goal,64,1.0,1.0,0.0,0.0,0.0,0.0,0.0,0.0,0.0,0.0,5.5992937088012695,0.0,-1.0,6.209029674530029,0.25819653272628784,,0,-1
final,159912,ppo_rev12_114505,76,goal,51,1.0,1.0,0.0,0.0,0.0,0.0,0.0,0.0,0.0,0.0,nan,0.0,-1.0,4.380048751831055,0.25606316328048706,,0,-1
final,159912,ppo_rev12_114505,77,goal,191,1.0,1.0,0.0,0.0,0.0,0.0,0.0,0.0,0.0,0.0,1.9558063745498657,0.0,0.08080148696899414,16.159643173217773,0.2952194809913635,,0,-1
final,159912,ppo_rev12_114505,78,goal,58,1.0,1.0,0.0,0.0,0.0,0.0,0.0,0.0,0.0,0.0,nan,0.0,-1.0,5.049620628356934,0.2755868136882782,,0,-1
final,159912,ppo_rev12_114505,79,goal,64,1.0,1.0,0.0,0.0,0.0,0.0,0.0,0.0,0.0,0.0,4.203729629516602,0.0,-1.0,6.196291923522949,0.29785382747650146,,0,-1
final,159912,ppo_rev12_114505,80,goal,45,1.0,1.0,0.0,0.0,0.0,0.0,0.0,0.0,0.0,0.0,nan,0.0,-1.0,3.9206783771514893,0.2467445433139801,,0,-1
final,159912,ppo_rev12_114505,81,goal,50,1.0,1.0,0.0,0.0,0.0,0.0,0.0,0.0,0.0,0.0,nan,0.0,-1.0,4.712686538696289,0.20244835317134857,,0,-1
final,159912,ppo_rev12_114505,82,goal,64,1.0,1.0,0.0,0.0,0.0,0.0,0.0,0.0,0.0,0.0,5.679528713226318,0.0,-1.0,6.072539329528809,0.23571515083312988,,0,-1
final,159912,ppo_rev12_114505,83,goal,96,1.0,1.0,0.0,0.0,0.0,0.0,0.0,0.0,0.0,0.0,5.3749189376831055,0.0,-1.0,9.761316299438477,0.2840527594089508,,0,-1
final,159912,ppo_rev12_114505,84,goal,67,1.0,1.0,0.0,0.0,0.0,0.0,0.0,0.0,0.0,0.0,6.003682613372803,0.0,-1.0,7.0169901847839355,0.17620734870433807,,0,-1
final,159912,ppo_rev12_114505,85,goal,85,1.0,1.0,0.0,0.0,0.0,0.0,0.0,0.0,0.0,0.0,5.38538932800293,0.0,0.10926920175552368,8.529583930969238,0.11937960237264633,,0,-1
final,159912,ppo_rev12_114505,86,goal,70,1.0,1.0,0.0,0.0,0.0,0.0,0.0,0.0,0.0,0.0,4.75350284576416,0.0,-1.0,6.158050060272217,0.2798303961753845,,0,-1
final,159912,ppo_rev12_114505,87,goal,68,1.0,1.0,0.0,0.0,0.0,0.0,0.0,0.0,0.0,0.0,5.699885368347168,0.0,-1.0,7.229928493499756,0.24800094962120056,,0,-1
final,159912,ppo_rev12_114505,88,goal,108,1.0,1.0,0.0,0.0,0.0,0.0,0.0,0.0,0.0,0.0,5.259069442749023,0.0,-0.9247570037841797,11.727219581604004,0.2743173837661743,,0,-1
final,159912,ppo_rev12_114505,89,goal,111,1.0,1.0,0.0,0.0,0.0,0.0,0.0,0.0,0.0,0.0,4.474444389343262,0.0,-1.0,11.004085540771484,0.2867995798587799,,0,-1
final,159912,ppo_rev12_114505,90,goal,107,1.0,1.0,0.0,0.0,0.0,0.0,0.0,0.0,0.0,0.0,4.421040058135986,0.0,-0.12852847576141357,9.46597671508789,0.23799754679203033,,0,-1
final,159912,ppo_rev12_114505,91,goal,84,1.0,1.0,0.0,0.0,0.0,0.0,0.0,0.0,0.0,0.0,4.9186811447143555,0.0,-1.0,7.762397766113281,0.2437877207994461,,0,-1
final,159912,ppo_rev12_114505,92,goal,38,1.0,1.0,0.0,0.0,0.0,0.0,0.0,0.0,0.0,0.0,nan,0.0,-1.0,2.8668465614318848,0.2541004717350006,,0,-1
final,159912,ppo_rev12_114505,93,goal,199,1.0,1.0,0.0,0.0,0.0,0.0,0.0,0.0,0.0,0.0,1.7838345766067505,0.0,-0.43377482891082764,15.57125473022461,0.2774154841899872,,0,-1
final,159912,ppo_rev12_114505,94,goal,82,1.0,1.0,0.0,0.0,0.0,0.0,0.0,0.0,0.0,0.0,5.004157066345215,0.0,-1.0,7.948144912719727,0.2664535641670227,,0,-1
final,159912,ppo_rev12_114505,95,goal,67,1.0,1.0,0.0,0.0,0.0,0.0,0.0,0.0,0.0,0.0,5.772552490234375,0.0,-0.24266529083251953,6.691042900085449,0.24417880177497864,,0,-1
final,159912,ppo_rev12_114505,96,goal,74,1.0,1.0,0.0,0.0,0.0,0.0,0.0,0.0,0.0,0.0,5.48724889755249,0.0,-1.0,7.778322696685791,0.17969278991222382,,0,-1
final,159912,ppo_rev12_114505,97,goal,80,1.0,1.0,0.0,0.0,0.0,0.0,0.0,0.0,0.0,0.0,4.631805896759033,0.0,-1.0,7.447012424468994,0.27377015352249146,,0,-1
final,159912,ppo_rev12_114505,98,goal,46,1.0,1.0,0.0,0.0,0.0,0.0,0.0,0.0,0.0,0.0,nan,0.0,-1.0,4.1352949142456055,0.28016093373298645,,0,-1
final,159912,ppo_rev12_114505,99,goal,95,1.0,1.0,0.0,0.0,0.0,0.0,0.0,0.0,0.0,0.0,4.944465637207031,0.0,0.16582173109054565,9.231731414794922,0.23041898012161255,,0,-1
final,159912,ppo_rev12_114505,100,goal,149,1.0,1.0,0.0,0.0,0.0,0.0,0.0,0.0,0.0,0.0,1.7467142343521118,0.0,-0.635395884513855,10.887067794799805,0.26118960976600647,,0,-1
final,159912,ppo_rev12_114505,101,goal,81,1.0,1.0,0.0,0.0,0.0,0.0,0.0,0.0,0.0,0.0,5.511361598968506,0.0,-1.0,8.309443473815918,0.28942087292671204,,0,-1
final,159912,ppo_rev12_114505,102,goal,48,1.0,1.0,0.0,0.0,0.0,0.0,0.0,0.0,0.0,0.0,nan,0.0,-1.0,3.4937045574188232,0.2747001647949219,,0,-1
final,159912,ppo_rev12_114505,103,goal,90,1.0,1.0,0.0,0.0,0.0,0.0,0.0,0.0,0.0,0.0,4.624325275421143,0.0,-1.0,8.241792678833008,0.12588191032409668,,0,-1
final,159912,ppo_rev12_114505,104,goal,54,1.0,1.0,0.0,0.0,0.0,0.0,0.0,0.0,0.0,0.0,nan,0.0,-1.0,5.019475936889648,0.11028701812028885,,0,-1
final,159912,ppo_rev12_114505,105,goal,77,1.0,1.0,0.0,0.0,0.0,0.0,0.0,0.0,0.0,0.0,3.7176456451416016,0.0,-0.8643049001693726,5.6764235496521,0.2740057110786438,,0,-1
final,159912,ppo_rev12_114505,106,goal,164,1.0,1.0,0.0,0.0,0.0,0.0,0.0,0.0,0.0,0.0,2.394333600997925,0.0,-0.32282209396362305,11.341693878173828,0.29514259099960327,,0,-1
final,159912,ppo_rev12_114505,107,goal,72,1.0,1.0,0.0,0.0,0.0,0.0,0.0,0.0,0.0,0.0,5.117371082305908,0.0,-1.0,6.534830093383789,0.14949190616607666,,0,-1
final,159912,ppo_rev12_114505,108,goal,77,1.0,1.0,0.0,0.0,0.0,0.0,0.0,0.0,0.0,0.0,5.17323112487793,0.0,0.4555005431175232,6.64400577545166,0.29624462127685547,,0,-1
final,159912,ppo_rev12_114505,109,goal,120,1.0,1.0,0.0,0.0,0.0,0.0,0.0,0.0,0.0,0.0,2.778398275375366,0.0,0.5656163692474365,9.383737564086914,0.25607267022132874,,0,-1
final,159912,ppo_rev12_114505,110,goal,78,1.0,1.0,0.0,0.0,0.0,0.0,0.0,0.0,0.0,0.0,3.433589220046997,0.0,0.38400691747665405,4.967744827270508,0.2848327159881592,,0,-1
final,159912,ppo_rev12_114505,111,goal,75,1.0,1.0,0.0,0.0,0.0,0.0,0.0,0.0,0.0,0.0,4.903606414794922,0.0,-1.0,6.129741668701172,0.2899610698223114,,0,-1
final,159912,ppo_rev12_114505,112,goal,42,1.0,1.0,0.0,0.0,0.0,0.0,0.0,0.0,0.0,0.0,nan,0.0,-1.0,2.678534507751465,0.29347553849220276,,0,-1
final,159912,ppo_rev12_114505,113,goal,88,1.0,1.0,0.0,0.0,0.0,0.0,0.0,0.0,0.0,0.022727272727272728,4.77129602432251,0.0,-1.0,8.602169036865234,0.2877085506916046,,0,-1
final,159912,ppo_rev12_114505,114,goal,37,1.0,1.0,0.0,0.0,0.0,0.0,0.0,0.0,0.0,0.0,nan,0.0,-1.0,2.6005492210388184,0.2500799000263214,,0,-1
final,159912,ppo_rev12_114505,115,goal,96,1.0,1.0,0.0,0.0,0.0,0.0,0.0,0.0,0.0,0.0,4.721209526062012,0.0,-0.9216647148132324,9.758696556091309,0.29531434178352356,,0,-1
final,159912,ppo_rev12_114505,116,goal,71,1.0,1.0,0.0,0.0,0.0,0.0,0.0,0.0,0.0,0.0,6.011112689971924,0.0,-1.0,7.433988571166992,0.2510811388492584,,0,-1
final,159912,ppo_rev12_114505,117,goal,182,1.0,1.0,0.0,0.0,0.0,0.0,0.0,0.0,0.0,0.0,2.34002685546875,0.0,0.18002158403396606,14.339306831359863,0.11363959312438965,,0,-1
final,159912,ppo_rev12_114505,118,goal,66,1.0,1.0,0.0,0.0,0.0,0.0,0.0,0.0,0.0,0.0,5.862874984741211,0.0,-1.0,6.598818778991699,0.2240651547908783,,0,-1
final,159912,ppo_rev12_114505,119,goal,135,1.0,1.0,0.0,0.0,0.0,0.0,0.0,0.0,0.0,0.0,2.1940388679504395,0.0,-0.7077142000198364,9.841922760009766,0.27986472845077515,,0,-1
final,159912,ppo_rev12_114505,120,timeout,200,-0.5,0.0,0.0,0.0,0.0,1.0,0.0,0.0,0.0,0.0,0.9828780889511108,0.0,0.09462994337081909,12.065184593200684,nan,,0,-1
final,159912,ppo_rev12_114505,121,goal,74,1.0,1.0,0.0,0.0,0.0,0.0,0.0,0.0,0.0,0.013513513513513514,5.107335567474365,0.0,0.7659925222396851,6.680105209350586,0.284588098526001,,0,-1
final,159912,ppo_rev12_114505,122,goal,69,1.0,1.0,0.0,0.0,0.0,0.0,0.0,0.0,0.0,0.0,6.252128601074219,0.0,-1.0,7.239048004150391,0.2825770080089569,,0,-1
final,159912,ppo_rev12_114505,123,goal,184,1.0,1.0,0.0,0.0,0.0,0.0,0.0,0.0,0.0,0.0,2.3485617637634277,0.0,0.31515008211135864,15.616569519042969,0.26054438948631287,,0,-1
final,159912,ppo_rev12_114505,124,goal,52,1.0,1.0,0.0,0.0,0.0,0.0,0.0,0.0,0.0,0.0,nan,0.0,-1.0,3.77724552154541,0.2977478802204132,,0,-1
final,159912,ppo_rev12_114505,125,collision,3,-2.0,0.0,1.0,0.0,0.0,0.0,0.0,0.0,0.0,0.0,nan,0.0,1.0,0.1780436635017395,nan,obstacle,0,-1
final,159912,ppo_rev12_114505,126,goal,63,1.0,1.0,0.0,0.0,0.0,0.0,0.0,0.0,0.0,0.0,4.425879955291748,0.0,-1.0,5.285397529602051,0.27713844180107117,,0,-1
final,159912,ppo_rev12_114505,127,goal,151,1.0,1.0,0.0,0.0,0.0,0.0,0.0,0.0,0.0,0.0,3.131160259246826,0.0,-1.0,14.223302841186523,0.1937524676322937,,0,-1
final,159912,ppo_rev12_114505,128,goal,67,1.0,1.0,0.0,0.0,0.0,0.0,0.0,0.0,0.0,0.0,5.446681976318359,0.0,-1.0,6.013070106506348,0.26268935203552246,,0,-1
final,159912,ppo_rev12_114505,129,goal,102,1.0,1.0,0.0,0.0,0.0,0.0,0.0,0.0,0.0,0.0,5.157487392425537,0.0,-1.0,10.053411483764648,0.28626683354377747,,0,-1
final,159912,ppo_rev12_114505,130,goal,120,1.0,1.0,0.0,0.0,0.0,0.0,0.0,0.0,0.0,0.0,3.7477123737335205,0.0,-1.0,10.24374008178711,0.2816172242164612,,0,-1
final,159912,ppo_rev12_114505,131,goal,102,1.0,1.0,0.0,0.0,0.0,0.0,0.0,0.0,0.0,0.0,4.649913311004639,0.0,-0.8955115079879761,10.531296730041504,0.29377439618110657,,0,-1
final,159912,ppo_rev12_114505,132,goal,83,1.0,1.0,0.0,0.0,0.0,0.0,0.0,0.0,0.0,0.0,4.818268775939941,0.0,-0.06589901447296143,7.296017646789551,0.22166074812412262,,0,-1
final,159912,ppo_rev12_114505,133,goal,98,1.0,1.0,0.0,0.0,0.0,0.0,0.0,0.0,0.0,0.0,3.7983410358428955,0.0,-0.23487937450408936,8.229190826416016,0.2866491377353668,,0,-1
final,159912,ppo_rev12_114505,134,goal,92,1.0,1.0,0.0,0.0,0.0,0.0,0.0,0.0,0.0,0.0,4.72348690032959,0.0,-0.5739873647689819,8.776549339294434,0.2740495800971985,,0,-1
final,159912,ppo_rev12_114505,135,goal,74,1.0,1.0,0.0,0.0,0.0,0.0,0.0,0.0,0.0,0.0,5.601931571960449,0.0,-0.7249031066894531,7.2561259269714355,0.2749083638191223,,0,-1
final,159912,ppo_rev12_114505,136,goal,94,1.0,1.0,0.0,0.0,0.0,0.0,0.0,0.0,0.0,0.0,2.886584758758545,0.0,0.6564890146255493,7.4058122634887695,0.2757367789745331,,0,-1
final,159912,ppo_rev12_114505,137,goal,77,1.0,1.0,0.0,0.0,0.0,0.0,0.0,0.0,0.0,0.0,3.4972784519195557,0.0,0.5419164896011353,4.988089561462402,0.12854495644569397,,0,-1
final,159912,ppo_rev12_114505,138,goal,108,1.0,1.0,0.0,0.0,0.0,0.0,0.0,0.0,0.0,0.0,3.394965648651123,0.0,-0.06958591938018799,7.6925578117370605,0.10538772493600845,,0,-1
final,159912,ppo_rev12_114505,139,goal,86,1.0,1.0,0.0,0.0,0.0,0.0,0.0,0.0,0.0,0.0,4.614902496337891,0.0,0.5120617151260376,6.628655433654785,0.24308064579963684,,0,-1
final,159912,ppo_rev12_114505,140,goal,61,1.0,1.0,0.0,0.0,0.0,0.0,0.0,0.0,0.0,0.0,4.050845623016357,0.0,-0.1696639060974121,4.991058349609375,0.2611801028251648,,0,-1
final,159912,ppo_rev12_114505,141,goal,114,1.0,1.0,0.0,0.0,0.0,0.0,0.0,0.0,0.0,0.0,5.5703654289245605,0.0,-1.0,11.934577941894531,0.29900097846984863,,0,-1
final,159912,ppo_rev12_114505,142,timeout,200,-0.5,0.0,0.0,0.0,0.0,1.0,0.0,0.0,0.0,0.0,1.1484622955322266,0.0,0.13749712705612183,16.551549911499023,nan,,0,-1
final,159912,ppo_rev12_114505,143,goal,62,1.0,1.0,0.0,0.0,0.0,0.0,0.0,0.0,0.0,0.0,3.937096357345581,0.0,-1.0,4.985230922698975,0.28677937388420105,,0,-1
final,159912,ppo_rev12_114505,144,goal,87,1.0,1.0,0.0,0.0,0.0,0.0,0.0,0.0,0.0,0.0,6.186873912811279,0.0,-1.0,9.183699607849121,0.2994084656238556,,0,-1
final,159912,ppo_rev12_114505,145,goal,128,1.0,1.0,0.0,0.0,0.0,0.0,0.0,0.0,0.0,0.0,4.234978199005127,0.0,-1.0,12.043638229370117,0.2671622037887573,,0,-1
final,159912,ppo_rev12_114505,146,goal,72,1.0,1.0,0.0,0.0,0.0,0.0,0.0,0.0,0.0,0.0,5.109459400177002,0.0,-0.46768808364868164,6.588213920593262,0.29406866431236267,,0,-1
final,159912,ppo_rev12_114505,147,goal,157,1.0,1.0,0.0,0.0,0.0,0.0,0.0,0.0,0.0,0.0,2.782639503479004,0.0,-0.18437492847442627,13.738361358642578,0.28009599447250366,,0,-1
final,159912,ppo_rev12_114505,148,goal,49,1.0,1.0,0.0,0.0,0.0,0.0,0.0,0.0,0.0,0.0,nan,0.0,-1.0,4.655427932739258,0.13847918808460236,,0,-1
final,159912,ppo_rev12_114505,149,goal,68,1.0,1.0,0.0,0.0,0.0,0.0,0.0,0.0,0.0,0.0,5.402873516082764,0.0,-1.0,6.369318962097168,0.279523640871048,,0,-1
final,159912,ppo_rev12_114505,150,goal,77,1.0,1.0,0.0,0.0,0.0,0.0,0.0,0.0,0.0,0.0,6.0656280517578125,0.0,-1.0,8.363130569458008,0.1670869141817093,,0,-1
final,159912,ppo_rev12_114505,151,goal,75,1.0,1.0,0.0,0.0,0.0,0.0,0.0,0.0,0.0,0.0,5.557596683502197,0.0,-1.0,7.904381275177002,0.29503414034843445,,0,-1
final,159912,ppo_rev12_114505,152,goal,87,1.0,1.0,0.0,0.0,0.0,0.0,0.0,0.0,0.0,0.0,5.58289909362793,0.0,-1.0,8.980104446411133,0.298440158367157,,0,-1
final,159912,ppo_rev12_114505,153,goal,124,1.0,1.0,0.0,0.0,0.0,0.0,0.0,0.0,0.0,0.0,2.7005181312561035,0.0,-0.08029842376708984,8.97130012512207,0.2999950647354126,,0,-1
final,159912,ppo_rev12_114505,154,goal,101,1.0,1.0,0.0,0.0,0.0,0.0,0.0,0.0,0.0,0.0,4.592574596405029,0.0,0.04014617204666138,9.746747970581055,0.2663167417049408,,0,-1
final,159912,ppo_rev12_114505,155,collision,8,-2.0,0.0,1.0,0.0,0.0,0.0,0.0,0.0,0.0,0.0,nan,0.0,1.0,0.6061993837356567,nan,obstacle,0,-1
final,159912,ppo_rev12_114505,156,goal,73,1.0,1.0,0.0,0.0,0.0,0.0,0.0,0.0,0.0,0.0,4.838629245758057,0.0,-1.0,5.867166519165039,0.2758077085018158,,0,-1
final,159912,ppo_rev12_114505,157,goal,102,1.0,1.0,0.0,0.0,0.0,0.0,0.0,0.0,0.0,0.0,3.779876470565796,0.0,-0.28347277641296387,8.014516830444336,0.2974109351634979,,0,-1
final,159912,ppo_rev12_114505,158,goal,66,1.0,1.0,0.0,0.0,0.0,0.0,0.0,0.0,0.0,0.0,6.050755500793457,0.0,-1.0,6.464434623718262,0.2669019401073456,,0,-1
final,159912,ppo_rev12_114505,159,goal,138,1.0,1.0,0.0,0.0,0.0,0.0,0.0,0.0,0.0,0.0,1.9893977642059326,0.0,0.3699195981025696,10.232423782348633,0.26696619391441345,,0,-1
final,159912,ppo_rev12_114505,160,goal,79,1.0,1.0,0.0,0.0,0.0,0.0,0.0,0.0,0.0,0.0,5.9678850173950195,0.0,-0.7561756372451782,8.144845008850098,0.2880766689777374,,0,-1
final,159912,ppo_rev12_114505,161,goal,111,1.0,1.0,0.0,0.0,0.0,0.0,0.0,0.0,0.0,0.0,0.30245497822761536,0.0,-1.0,6.077187538146973,0.1096767783164978,,0,-1
final,159912,ppo_rev12_114505,162,goal,90,1.0,1.0,0.0,0.0,0.0,0.0,0.0,0.0,0.0,0.0,5.895936489105225,0.0,-1.0,10.212599754333496,0.1920340210199356,,0,-1
final,159912,ppo_rev12_114505,163,goal,68,1.0,1.0,0.0,0.0,0.0,0.0,0.0,0.0,0.0,0.0,4.719064235687256,0.0,-0.9643181562423706,5.4544677734375,0.2931942343711853,,0,-1
final,159912,ppo_rev12_114505,164,goal,150,1.0,1.0,0.0,0.0,0.0,0.0,0.0,0.0,0.0,0.0,1.024450659751892,0.0,-1.0,11.852237701416016,0.2748073935508728,,0,-1
final,159912,ppo_rev12_114505,165,goal,103,1.0,1.0,0.0,0.0,0.0,0.0,0.0,0.0,0.0,0.0,4.190421104431152,0.0,-0.09410762786865234,8.9557523727417,0.2918701469898224,,0,-1
final,159912,ppo_rev12_114505,166,goal,105,1.0,1.0,0.0,0.0,0.0,0.0,0.0,0.0,0.0,0.0,4.851070880889893,0.0,-0.6610220670700073,10.96566390991211,0.28326350450515747,,0,-1
final,159912,ppo_rev12_114505,167,goal,127,1.0,1.0,0.0,0.0,0.0,0.0,0.0,0.0,0.0,0.0,4.355838298797607,0.0,0.050507426261901855,12.9065580368042,0.27535107731819153,,0,-1
final,159912,ppo_rev12_114505,168,goal,62,1.0,1.0,0.0,0.0,0.0,0.0,0.0,0.0,0.0,0.0,4.567327499389648,0.0,-1.0,6.500788688659668,0.28652653098106384,,0,-1
final,159912,ppo_rev12_114505,169,goal,77,1.0,1.0,0.0,0.0,0.0,0.0,0.0,0.0,0.0,0.0,4.593888759613037,0.0,-1.0,6.788998603820801,0.2531786561012268,,0,-1
final,159912,ppo_rev12_114505,170,goal,79,1.0,1.0,0.0,0.0,0.0,0.0,0.0,0.0,0.0,0.0,4.938601493835449,0.0,-0.545610785484314,6.537372589111328,0.28336119651794434,,0,-1
final,159912,ppo_rev12_114505,171,goal,65,1.0,1.0,0.0,0.0,0.0,0.0,0.0,0.0,0.0,0.0,2.708008289337158,0.0,-0.5154014825820923,3.6670994758605957,0.2574591040611267,,0,-1
final,159912,ppo_rev12_114505,172,goal,51,1.0,1.0,0.0,0.0,0.0,0.0,0.0,0.0,0.0,0.0,nan,0.0,-1.0,3.8740720748901367,0.2837286591529846,,0,-1
final,159912,ppo_rev12_114505,173,goal,73,1.0,1.0,0.0,0.0,0.0,0.0,0.0,0.0,0.0,0.0,4.722721099853516,0.0,-0.8190493583679199,6.051379680633545,0.2603340446949005,,0,-1
final,159912,ppo_rev12_114505,174,goal,44,1.0,1.0,0.0,0.0,0.0,0.0,0.0,0.0,0.0,0.0,nan,0.0,-0.3359318971633911,2.9720656871795654,0.2455073446035385,,0,-1
final,159912,ppo_rev12_114505,175,goal,66,1.0,1.0,0.0,0.0,0.0,0.0,0.0,0.0,0.0,0.0,3.479659080505371,0.0,0.20636719465255737,4.1572489738464355,0.055760737508535385,,0,-1
final,159912,ppo_rev12_114505,176,goal,47,1.0,1.0,0.0,0.0,0.0,0.0,0.0,0.0,0.0,0.0,nan,0.0,-1.0,3.283991813659668,0.2812938392162323,,0,-1
final,159912,ppo_rev12_114505,177,goal,39,1.0,1.0,0.0,0.0,0.0,0.0,0.0,0.0,0.0,0.0,nan,0.0,-1.0,2.397693157196045,0.270720899105072,,0,-1
final,159912,ppo_rev12_114505,178,goal,78,1.0,1.0,0.0,0.0,0.0,0.0,0.0,0.0,0.0,0.0,4.33005952835083,0.0,0.3653758764266968,6.422165870666504,0.2738993167877197,,0,-1
final,159912,ppo_rev12_114505,179,goal,68,1.0,1.0,0.0,0.0,0.0,0.0,0.0,0.0,0.0,0.0,4.702909469604492,0.0,-0.7522941827774048,5.568338394165039,0.2328454703092575,,0,-1
final,159912,ppo_rev12_114505,180,goal,68,1.0,1.0,0.0,0.0,0.0,0.0,0.0,0.0,0.0,0.0,5.796546459197998,0.0,-1.0,6.90338659286499,0.2909659147262573,,0,-1
final,159912,ppo_rev12_114505,181,goal,60,1.0,1.0,0.0,0.0,0.0,0.0,0.0,0.0,0.0,0.0,5.659300327301025,0.0,-1.0,5.872851371765137,0.1629735827445984,,0,-1
final,159912,ppo_rev12_114505,182,goal,94,1.0,1.0,0.0,0.0,0.0,0.0,0.0,0.0,0.0,0.0,3.5708558559417725,0.0,-1.0,8.907391548156738,0.2727489173412323,,0,-1
final,159912,ppo_rev12_114505,183,goal,96,1.0,1.0,0.0,0.0,0.0,0.0,0.0,0.0,0.0,0.0,5.18771505355835,0.0,-1.0,10.678821563720703,0.26754581928253174,,0,-1
final,159912,ppo_rev12_114505,184,goal,61,1.0,1.0,0.0,0.0,0.0,0.0,0.0,0.0,0.0,0.0,4.914958953857422,0.0,-1.0,5.721732139587402,0.23767095804214478,,0,-1
final,159912,ppo_rev12_114505,185,goal,64,1.0,1.0,0.0,0.0,0.0,0.0,0.0,0.0,0.0,0.0,3.126584768295288,0.0,-0.2567424774169922,5.474099636077881,0.2522316873073578,,0,-1
final,159912,ppo_rev12_114505,186,collision,5,-2.0,0.0,1.0,0.0,0.0,0.0,0.0,0.0,0.0,0.0,nan,0.0,1.0,0.3912079632282257,nan,obstacle,0,-1
final,159912,ppo_rev12_114505,187,collision,95,-2.0,0.0,1.0,0.0,0.0,0.0,0.0,0.0,0.0,0.0,1.480067253112793,0.0,1.0,4.763001441955566,nan,obstacle,0,-1
final,159912,ppo_rev12_114505,188,goal,101,1.0,1.0,0.0,0.0,0.0,0.0,0.0,0.0,0.0,0.0,6.0210957527160645,0.0,-1.0,10.927732467651367,0.2896435558795929,,0,-1
final,159912,ppo_rev12_114505,189,goal,168,1.0,1.0,0.0,0.0,0.0,0.0,0.0,0.0,0.0,0.0,3.8214447498321533,0.0,-1.0,16.76150131225586,0.2540954053401947,,0,-1
final,159912,ppo_rev12_114505,190,goal,46,1.0,1.0,0.0,0.0,0.0,0.0,0.0,0.0,0.0,0.0,nan,0.0,-1.0,3.368939161300659,0.24233074486255646,,0,-1
final,159912,ppo_rev12_114505,191,goal,135,1.0,1.0,0.0,0.0,0.0,0.0,0.0,0.0,0.0,0.0,1.3457025289535522,0.0,-0.19549107551574707,6.446940898895264,0.25624462962150574,,0,-1
final,159912,ppo_rev12_114505,192,goal,71,1.0,1.0,0.0,0.0,0.0,0.0,0.0,0.0,0.0,0.0,5.268001556396484,0.0,-0.12780332565307617,6.665078639984131,0.2976180613040924,,0,-1
final,159912,ppo_rev12_114505,193,goal,102,1.0,1.0,0.0,0.0,0.0,0.0,0.0,0.0,0.0,0.0,4.495819091796875,0.0,-1.0,10.224702835083008,0.299780935049057,,0,-1
final,159912,ppo_rev12_114505,194,goal,80,1.0,1.0,0.0,0.0,0.0,0.0,0.0,0.0,0.0,0.037500000000000006,5.888818740844727,0.0,-0.5844653844833374,8.354369163513184,0.27474677562713623,,0,-1
final,159912,ppo_rev12_114505,195,goal,71,1.0,1.0,0.0,0.0,0.0,0.0,0.0,0.0,0.0,0.0,5.784440994262695,0.0,-1.0,6.979323863983154,0.27140533924102783,,0,-1
final,159912,ppo_rev12_114505,196,goal,72,1.0,1.0,0.0,0.0,0.0,0.0,0.0,0.0,0.0,0.0,6.233590602874756,0.0,-1.0,7.631159782409668,0.22170619666576385,,0,-1
final,159912,ppo_rev12_114505,197,goal,81,1.0,1.0,0.0,0.0,0.0,0.0,0.0,0.0,0.0,0.0,5.661936283111572,0.0,-0.740280270576477,8.019426345825195,0.2919355630874634,,0,-1
final,159912,ppo_rev12_114505,198,goal,109,1.0,1.0,0.0,0.0,0.0,0.0,0.0,0.0,0.0,0.0,4.9227447509765625,0.0,0.34612172842025757,10.709587097167969,0.28107064962387085,,0,-1
final,159912,ppo_rev12_114505,199,goal,53,1.0,1.0,0.0,0.0,0.0,0.0,0.0,0.0,0.0,0.0,nan,0.0,-1.0,4.68442964553833,0.269529789686203,,0,-1
final,159912,ppo_rev12_114505,200,goal,158,1.0,1.0,0.0,0.0,0.0,0.0,0.0,0.0,0.0,0.0,2.7261738777160645,0.0,-0.33314788341522217,15.694701194763184,0.2359902411699295,,0,-1
final,159912,ppo_rev12_114505,201,goal,117,1.0,1.0,0.0,0.0,0.0,0.0,0.0,0.0,0.0,0.0,3.0659892559051514,0.0,-0.2907679080963135,9.495576858520508,0.27876463532447815,,0,-1
final,159912,ppo_rev12_114505,202,goal,124,1.0,1.0,0.0,0.0,0.0,0.0,0.0,0.0,0.0,0.0,1.1940336227416992,0.0,-1.0,8.870906829833984,0.2855571508407593,,0,-1
final,159912,ppo_rev12_114505,203,stuck,130,-1.0,0.0,0.0,0.0,1.0,0.0,0.0,0.0,0.0,0.0,0.04944868013262749,0.0,-1.0,6.840132236480713,nan,,0,-1
final,159912,ppo_rev12_114505,204,goal,45,1.0,1.0,0.0,0.0,0.0,0.0,0.0,0.0,0.0,0.0,nan,0.0,-1.0,3.0126023292541504,0.2863474488258362,,0,-1
final,159912,ppo_rev12_114505,205,goal,76,1.0,1.0,0.0,0.0,0.0,0.0,0.0,0.0,0.0,0.0,5.569694519042969,0.0,-1.0,7.9434356689453125,0.29399240016937256,,0,-1
final,159912,ppo_rev12_114505,206,goal,68,1.0,1.0,0.0,0.0,0.0,0.0,0.0,0.0,0.0,0.0,5.500153064727783,0.0,-0.5840721130371094,6.435785293579102,0.29559609293937683,,0,-1
final,159912,ppo_rev12_114505,207,goal,75,1.0,1.0,0.0,0.0,0.0,0.0,0.0,0.0,0.0,0.0,5.620484828948975,0.0,-1.0,6.719149589538574,0.2983011305332184,,0,-1
final,159912,ppo_rev12_114505,208,collision,93,-2.0,0.0,1.0,0.0,0.0,0.0,0.0,0.0,0.0,0.0,1.5181471109390259,0.0,-1.0,5.951533317565918,nan,band_upper,0,-1
final,159912,ppo_rev12_114505,209,goal,70,1.0,1.0,0.0,0.0,0.0,0.0,0.0,0.0,0.0,0.0,4.492498874664307,0.0,-1.0,6.3448805809021,0.26763054728507996,,0,-1
final,159912,ppo_rev12_114505,210,goal,84,1.0,1.0,0.0,0.0,0.0,0.0,0.0,0.0,0.0,0.0,5.842707633972168,0.0,-1.0,8.91881275177002,0.23124751448631287,,0,-1
final,159912,ppo_rev12_114505,211,goal,50,1.0,1.0,0.0,0.0,0.0,0.0,0.0,0.0,0.0,0.0,nan,0.0,-1.0,4.334973335266113,0.2944725453853607,,0,-1
final,159912,ppo_rev12_114505,212,goal,74,1.0,1.0,0.0,0.0,0.0,0.0,0.0,0.0,0.0,0.0,5.373957633972168,0.0,-0.1954202651977539,7.056917190551758,0.29723823070526123,,0,-1
final,159912,ppo_rev12_114505,213,goal,192,1.0,1.0,0.0,0.0,0.0,0.0,0.0,0.0,0.0,0.0,0.4662916958332062,0.0,0.14375370740890503,12.558027267456055,0.2663500905036926,,0,-1
final,159912,ppo_rev12_114505,214,goal,69,1.0,1.0,0.0,0.0,0.0,0.0,0.0,0.0,0.0,0.0,3.280418872833252,0.0,-1.0,4.989900588989258,0.20954757928848267,,0,-1
final,159912,ppo_rev12_114505,215,goal,82,1.0,1.0,0.0,0.0,0.0,0.0,0.0,0.0,0.0,0.0,5.43135404586792,0.0,-1.0,8.887231826782227,0.2778050899505615,,0,-1
final,159912,ppo_rev12_114505,216,goal,80,1.0,1.0,0.0,0.0,0.0,0.0,0.0,0.0,0.0,0.0,4.8413519859313965,0.0,-0.6323232650756836,7.406047344207764,0.29158446192741394,,0,-1
final,159912,ppo_rev12_114505,217,goal,42,1.0,1.0,0.0,0.0,0.0,0.0,0.0,0.0,0.0,0.0,nan,0.0,-1.0,3.321298122406006,0.24304035305976868,,0,-1
final,159912,ppo_rev12_114505,218,goal,54,1.0,1.0,0.0,0.0,0.0,0.0,0.0,0.0,0.0,0.0,nan,0.0,-0.23147320747375488,3.0225157737731934,0.2596542239189148,,0,-1
final,159912,ppo_rev12_114505,219,goal,51,1.0,1.0,0.0,0.0,0.0,0.0,0.0,0.0,0.0,0.0,nan,0.0,-1.0,3.696988344192505,0.19434267282485962,,0,-1
final,159912,ppo_rev12_114505,220,goal,147,1.0,1.0,0.0,0.0,0.0,0.0,0.0,0.0,0.0,0.0,1.351211428642273,0.0,0.318972647190094,11.58380126953125,0.23803578317165375,,0,-1
final,159912,ppo_rev12_114505,221,goal,72,1.0,1.0,0.0,0.0,0.0,0.0,0.0,0.0,0.0,0.0,5.346636772155762,0.0,-1.0,6.665163993835449,0.17630505561828613,,0,-1
final,159912,ppo_rev12_114505,222,goal,63,1.0,1.0,0.0,0.0,0.0,0.0,0.0,0.0,0.0,0.0,5.222937107086182,0.0,-1.0,5.638350486755371,0.28087693452835083,,0,-1
final,159912,ppo_rev12_114505,223,timeout,200,-0.5,0.0,0.0,0.0,0.0,1.0,0.0,0.0,0.0,0.0,0.502075731754303,0.0,0.6210881471633911,10.415773391723633,nan,,0,-1
final,159912,ppo_rev12_114505,224,goal,165,1.0,1.0,0.0,0.0,0.0,0.0,0.0,0.0,0.0,0.0,2.4566171169281006,0.0,-1.0,15.36722183227539,0.27803993225097656,,0,-1
final,159912,ppo_rev12_114505,225,goal,61,1.0,1.0,0.0,0.0,0.0,0.0,0.0,0.0,0.0,0.0,5.195623397827148,0.0,-1.0,5.987632751464844,0.2997252643108368,,0,-1
final,159912,ppo_rev12_114505,226,goal,88,1.0,1.0,0.0,0.0,0.0,0.0,0.0,0.0,0.0,0.0,4.940992832183838,0.0,-0.5002187490463257,8.422576904296875,0.25040119886398315,,0,-1
final,159912,ppo_rev12_114505,227,goal,88,1.0,1.0,0.0,0.0,0.0,0.0,0.0,0.0,0.0,0.0,4.577598571777344,0.0,0.837295651435852,7.817866325378418,0.27385154366493225,,0,-1
final,159912,ppo_rev12_114505,228,goal,86,1.0,1.0,0.0,0.0,0.0,0.0,0.0,0.0,0.0,0.0,5.203982830047607,0.0,-1.0,9.003205299377441,0.26648595929145813,,0,-1
final,159912,ppo_rev12_114505,229,goal,47,1.0,1.0,0.0,0.0,0.0,0.0,0.0,0.0,0.0,0.0,nan,0.0,-1.0,4.427665710449219,0.17622174322605133,,0,-1
final,159912,ppo_rev12_114505,230,goal,77,1.0,1.0,0.0,0.0,0.0,0.0,0.0,0.0,0.0,0.0,5.689749717712402,0.0,-1.0,6.875405311584473,0.2546209990978241,,0,-1
final,159912,ppo_rev12_114505,231,goal,76,1.0,1.0,0.0,0.0,0.0,0.0,0.0,0.0,0.0,0.0,3.155801296234131,0.0,-1.0,5.3030290603637695,0.19500750303268433,,0,-1
final,159912,ppo_rev12_114505,232,goal,83,1.0,1.0,0.0,0.0,0.0,0.0,0.0,0.0,0.0,0.0,5.685622215270996,0.0,-0.06235229969024658,8.76762580871582,0.27941539883613586,,0,-1
final,159912,ppo_rev12_114505,233,goal,62,1.0,1.0,0.0,0.0,0.0,0.0,0.0,0.0,0.0,0.0,4.301691055297852,0.0,-1.0,5.311084747314453,0.2823358476161957,,0,-1
final,159912,ppo_rev12_114505,234,goal,74,1.0,1.0,0.0,0.0,0.0,0.0,0.0,0.0,0.0,0.0,3.8982667922973633,0.0,-0.262060284614563,6.243654251098633,0.21428579092025757,,0,-1
final,159912,ppo_rev12_114505,235,goal,77,1.0,1.0,0.0,0.0,0.0,0.0,0.0,0.0,0.0,0.0,5.345357418060303,0.0,-1.0,7.929630279541016,0.26065561175346375,,0,-1
final,159912,ppo_rev12_114505,236,goal,81,1.0,1.0,0.0,0.0,0.0,0.0,0.0,0.0,0.0,0.0,1.5220845937728882,0.0,-0.25803446769714355,4.102039337158203,0.27993887662887573,,0,-1
final,159912,ppo_rev12_114505,237,goal,141,1.0,1.0,0.0,0.0,0.0,0.0,0.0,0.0,0.0,0.0,2.0475404262542725,0.0,0.037007927894592285,12.26216983795166,0.27786198258399963,,0,-1
final,159912,ppo_rev12_114505,238,goal,55,1.0,1.0,0.0,0.0,0.0,0.0,0.0,0.0,0.0,0.0,nan,0.0,-1.0,4.719723701477051,0.2895612418651581,,0,-1
final,159912,ppo_rev12_114505,239,goal,46,1.0,1.0,0.0,0.0,0.0,0.0,0.0,0.0,0.0,0.0,nan,0.0,-1.0,3.1484594345092773,0.2640227675437927,,0,-1
final,159912,ppo_rev12_114505,240,goal,60,1.0,1.0,0.0,0.0,0.0,0.0,0.0,0.0,0.0,0.0,3.813178062438965,0.0,-1.0,4.220998287200928,0.11904340237379074,,0,-1
final,159912,ppo_rev12_114505,241,goal,72,1.0,1.0,0.0,0.0,0.0,0.0,0.0,0.0,0.0,0.0,5.3522138595581055,0.0,-1.0,6.729886054992676,0.25655409693717957,,0,-1
final,159912,ppo_rev12_114505,242,goal,74,1.0,1.0,0.0,0.0,0.0,0.0,0.0,0.0,0.0,0.0,4.593616008758545,0.0,-0.13930726051330566,7.446165084838867,0.2857782244682312,,0,-1
final,159912,ppo_rev12_114505,243,goal,140,1.0,1.0,0.0,0.0,0.0,0.0,0.0,0.0,0.0,0.0,2.0624020099639893,0.0,0.11771601438522339,10.50084114074707,0.2848854660987854,,0,-1
final,159912,ppo_rev12_114505,244,timeout,200,-0.5,0.0,0.0,0.0,0.0,1.0,0.0,0.0,0.0,0.0,0.7447914481163025,0.0,-1.0,17.54363250732422,nan,,0,-1
final,159912,ppo_rev12_114505,245,goal,78,1.0,1.0,0.0,0.0,0.0,0.0,0.0,0.0,0.0,0.0,5.68169641494751,0.0,-1.0,7.835634231567383,0.24933089315891266,,0,-1
final,159912,ppo_rev12_114505,246,goal,36,1.0,1.0,0.0,0.0,0.0,0.0,0.0,0.0,0.0,0.0,nan,0.0,-1.0,2.6419730186462402,0.29003971815109253,,0,-1
final,159912,ppo_rev12_114505,247,goal,42,1.0,1.0,0.0,0.0,0.0,0.0,0.0,0.0,0.0,0.0,nan,0.0,-1.0,2.6838910579681396,0.21702061593532562,,0,-1
final,159912,ppo_rev12_114505,248,goal,63,1.0,1.0,0.0,0.0,0.0,0.0,0.0,0.0,0.0,0.0,4.367959976196289,0.0,-1.0,5.10970401763916,0.2842617928981781,,0,-1
final,159912,ppo_rev12_114505,249,goal,38,1.0,1.0,0.0,0.0,0.0,0.0,0.0,0.0,0.0,0.0,nan,0.0,-1.0,3.345733404159546,0.2500858008861542,,0,-1
final,159912,ppo_rev12_114505,250,goal,117,1.0,1.0,0.0,0.0,0.0,0.0,0.0,0.0,0.0,0.0,1.747579574584961,0.0,-0.8358571529388428,7.303924560546875,0.28537026047706604,,0,-1
final,159912,ppo_rev12_114505,251,goal,95,1.0,1.0,0.0,0.0,0.0,0.0,0.0,0.0,0.0,0.0,5.962255477905273,0.0,-1.0,9.96214485168457,0.2955927550792694,,0,-1
final,159912,ppo_rev12_114505,252,goal,105,1.0,1.0,0.0,0.0,0.0,0.0,0.0,0.0,0.0,0.0,3.482323408126831,0.0,-0.27539360523223877,8.909530639648438,0.28894108533859253,,0,-1
final,159912,ppo_rev12_114505,253,goal,55,1.0,1.0,0.0,0.0,0.0,0.0,0.0,0.0,0.0,0.0,nan,0.0,-0.2684931755065918,4.378955841064453,0.2895541191101074,,0,-1
final,159912,ppo_rev12_114505,254,goal,88,1.0,1.0,0.0,0.0,0.0,0.0,0.0,0.0,0.0,0.0,2.032519817352295,0.0,0.700054943561554,6.25174617767334,0.21247361600399017,,0,-1
final,159912,ppo_rev12_114505,255,goal,53,1.0,1.0,0.0,0.0,0.0,0.0,0.0,0.0,0.0,0.0,nan,0.0,-1.0,5.065422058105469,0.24978172779083252,,0,-1
final,159912,ppo_rev12_114505,256,goal,110,1.0,1.0,0.0,0.0,0.0,0.0,0.0,0.0,0.0,0.0,2.595461130142212,0.0,-0.3973259925842285,7.3837785720825195,0.2177412360906601,,0,-1
final,159912,ppo_rev12_114505,257,goal,64,1.0,1.0,0.0,0.0,0.0,0.0,0.0,0.0,0.0,0.0,4.148670673370361,0.0,-1.0,5.880086898803711,0.08824833482503891,,0,-1
final,159912,ppo_rev12_114505,258,goal,54,1.0,1.0,0.0,0.0,0.0,0.0,0.0,0.0,0.0,0.0,nan,0.0,-1.0,4.263608932495117,0.25617915391921997,,0,-1
final,159912,ppo_rev12_114505,259,goal,75,1.0,1.0,0.0,0.0,0.0,0.0,0.0,0.0,0.0,0.0,5.344165802001953,0.0,-1.0,7.358534812927246,0.2790502905845642,,0,-1
final,159912,ppo_rev12_114505,260,goal,75,1.0,1.0,0.0,0.0,0.0,0.0,0.0,0.0,0.0,0.0,4.741901874542236,0.0,-0.48024284839630127,6.572037696838379,0.27146482467651367,,0,-1
final,159912,ppo_rev12_114505,261,goal,71,1.0,1.0,0.0,0.0,0.0,0.0,0.0,0.0,0.0,0.0,2.993776321411133,0.0,-1.0,4.752922058105469,0.2930411398410797,,0,-1
final,159912,ppo_rev12_114505,262,goal,66,1.0,1.0,0.0,0.0,0.0,0.0,0.0,0.0,0.0,0.0,5.597926616668701,0.0,-1.0,5.915021896362305,0.2948247790336609,,0,-1
final,159912,ppo_rev12_114505,263,goal,102,1.0,1.0,0.0,0.0,0.0,0.0,0.0,0.0,0.0,0.0,4.492340564727783,0.0,-1.0,9.404707908630371,0.27133265137672424,,0,-1
final,159912,ppo_rev12_114505,264,goal,94,1.0,1.0,0.0,0.0,0.0,0.0,0.0,0.0,0.0,0.0,6.082170009613037,0.0,-1.0,9.99333381652832,0.2702697217464447,,0,-1
final,159912,ppo_rev12_114505,265,goal,78,1.0,1.0,0.0,0.0,0.0,0.0,0.0,0.0,0.0,0.0,6.0727667808532715,0.0,-1.0,8.042947769165039,0.2982114255428314,,0,-1
final,159912,ppo_rev12_114505,266,goal,37,1.0,1.0,0.0,0.0,0.0,0.0,0.0,0.0,0.0,0.0,nan,0.0,-1.0,2.540165901184082,0.11824861913919449,,0,-1
final,159912,ppo_rev12_114505,267,goal,102,1.0,1.0,0.0,0.0,0.0,0.0,0.0,0.0,0.0,0.0,4.842960357666016,0.0,-1.0,9.694656372070312,0.2851172089576721,,0,-1
final,159912,ppo_rev12_114505,268,goal,62,1.0,1.0,0.0,0.0,0.0,0.0,0.0,0.0,0.0,0.0,4.563860893249512,0.0,0.3134649991989136,5.384730339050293,0.19491969048976898,,0,-1
final,159912,ppo_rev12_114505,269,goal,91,1.0,1.0,0.0,0.0,0.0,0.0,0.0,0.0,0.0,0.0,4.135599136352539,0.0,-1.0,6.3258819580078125,0.2567732334136963,,0,-1
final,159912,ppo_rev12_114505,270,goal,62,1.0,1.0,0.0,0.0,0.0,0.0,0.0,0.0,0.0,0.0,5.90415620803833,0.0,-1.0,6.557598114013672,0.1971236914396286,,0,-1
final,159912,ppo_rev12_114505,271,goal,106,1.0,1.0,0.0,0.0,0.0,0.0,0.0,0.0,0.0,0.0,3.738967180252075,0.0,0.3804083466529846,10.704809188842773,0.2398071587085724,,0,-1
final,159912,ppo_rev12_114505,272,goal,99,1.0,1.0,0.0,0.0,0.0,0.0,0.0,0.0,0.0,0.0,2.6809873580932617,0.0,-0.6543813943862915,8.618078231811523,0.28811487555503845,,0,-1
final,159912,ppo_rev12_114505,273,goal,95,1.0,1.0,0.0,0.0,0.0,0.0,0.0,0.0,0.0,0.0,5.014401435852051,0.0,-0.10876882076263428,9.439563751220703,0.07519495487213135,,0,-1
final,159912,ppo_rev12_114505,274,goal,85,1.0,1.0,0.0,0.0,0.0,0.0,0.0,0.0,0.0,0.0,6.270142078399658,0.0,-1.0,9.170485496520996,0.2600977122783661,,0,-1
final,159912,ppo_rev12_114505,275,goal,51,1.0,1.0,0.0,0.0,0.0,0.0,0.0,0.0,0.0,0.0,nan,0.0,-0.7621285915374756,3.544419527053833,0.28952088952064514,,0,-1
final,159912,ppo_rev12_114505,276,goal,37,1.0,1.0,0.0,0.0,0.0,0.0,0.0,0.0,0.0,0.0,nan,0.0,-1.0,2.7392067909240723,0.2553471326828003,,0,-1
final,159912,ppo_rev12_114505,277,goal,104,1.0,1.0,0.0,0.0,0.0,0.0,0.0,0.0,0.0,0.0,3.685755729675293,0.0,-1.0,8.747787475585938,0.2903597056865692,,0,-1
final,159912,ppo_rev12_114505,278,goal,56,1.0,1.0,0.0,0.0,0.0,0.0,0.0,0.0,0.0,0.0,nan,0.0,-1.0,5.359157085418701,0.2674412131309509,,0,-1
final,159912,ppo_rev12_114505,279,goal,73,1.0,1.0,0.0,0.0,0.0,0.0,0.0,0.0,0.0,0.0,4.855503082275391,0.0,-1.0,6.521945953369141,0.22065263986587524,,0,-1
final,159912,ppo_rev12_114505,280,goal,139,1.0,1.0,0.0,0.0,0.0,0.0,0.0,0.0,0.0,0.0,2.785506248474121,0.0,0.5402038097381592,9.845172882080078,0.2641166150569916,,0,-1
final,159912,ppo_rev12_114505,281,goal,47,1.0,1.0,0.0,0.0,0.0,0.0,0.0,0.0,0.0,0.0,nan,0.0,-1.0,3.1934399604797363,0.24282146990299225,,0,-1
final,159912,ppo_rev12_114505,282,goal,157,1.0,1.0,0.0,0.0,0.0,0.0,0.0,0.0,0.0,0.0,0.8722603917121887,0.0,-0.133233904838562,10.844527244567871,0.2667646110057831,,0,-1
final,159912,ppo_rev12_114505,283,goal,67,1.0,1.0,0.0,0.0,0.0,0.0,0.0,0.0,0.0,0.0,5.680994033813477,0.0,-1.0,6.216216087341309,0.10571256279945374,,0,-1
final,159912,ppo_rev12_114505,284,goal,57,1.0,1.0,0.0,0.0,0.0,0.0,0.0,0.0,0.0,0.0,nan,0.0,-0.20555269718170166,4.215481281280518,0.2891683280467987,,0,-1
final,159912,ppo_rev12_114505,285,collision,28,-2.0,0.0,1.0,0.0,0.0,0.0,0.0,0.0,0.0,0.0,nan,0.0,1.0,1.9322514533996582,nan,obstacle,0,-1
final,159912,ppo_rev12_114505,286,goal,61,1.0,1.0,0.0,0.0,0.0,0.0,0.0,0.0,0.0,0.0,4.648889064788818,0.0,-1.0,5.436450004577637,0.27757492661476135,,0,-1
final,159912,ppo_rev12_114505,287,goal,102,1.0,1.0,0.0,0.0,0.0,0.0,0.0,0.0,0.0,0.0,3.7341339588165283,0.0,-0.8877942562103271,9.668307304382324,0.269738107919693,,0,-1
final,159912,ppo_rev12_114505,288,goal,151,1.0,1.0,0.0,0.0,0.0,0.0,0.0,0.0,0.0,0.0,3.1443042755126953,0.0,0.21348482370376587,13.750642776489258,0.2861401438713074,,0,-1
final,159912,ppo_rev12_114505,289,goal,45,1.0,1.0,0.0,0.0,0.0,0.0,0.0,0.0,0.0,0.0,nan,0.0,-1.0,2.9389026165008545,0.28622889518737793,,0,-1
final,159912,ppo_rev12_114505,290,goal,108,1.0,1.0,0.0,0.0,0.0,0.0,0.0,0.0,0.0,0.0,2.620496988296509,0.0,-1.0,9.391160011291504,0.21274173259735107,,0,-1
final,159912,ppo_rev12_114505,291,goal,51,1.0,1.0,0.0,0.0,0.0,0.0,0.0,0.0,0.0,0.0,nan,0.0,-1.0,3.2993545532226562,0.29521703720092773,,0,-1
final,159912,ppo_rev12_114505,292,goal,48,1.0,1.0,0.0,0.0,0.0,0.0,0.0,0.0,0.0,0.0,nan,0.0,-1.0,3.9874656200408936,0.25611889362335205,,0,-1
final,159912,ppo_rev12_114505,293,goal,106,1.0,1.0,0.0,0.0,0.0,0.0,0.0,0.0,0.0,0.0,4.379317760467529,0.0,-1.0,10.60355281829834,0.27763456106185913,,0,-1
final,159912,ppo_rev12_114505,294,goal,71,1.0,1.0,0.0,0.0,0.0,0.0,0.0,0.0,0.0,0.0,4.90753698348999,0.0,-1.0,6.8444342613220215,0.27888065576553345,,0,-1
final,159912,ppo_rev12_114505,295,goal,87,1.0,1.0,0.0,0.0,0.0,0.0,0.0,0.0,0.0,0.0,6.1803131103515625,0.0,-1.0,9.012919425964355,0.2945994436740875,,0,-1
final,159912,ppo_rev12_114505,296,goal,65,1.0,1.0,0.0,0.0,0.0,0.0,0.0,0.0,0.0,0.0,4.381038665771484,0.0,-0.3018087148666382,5.843467712402344,0.2893751859664917,,0,-1
final,159912,ppo_rev12_114505,297,goal,60,1.0,1.0,0.0,0.0,0.0,0.0,0.0,0.0,0.0,0.016666666666666666,5.926237106323242,0.0,-1.0,6.255873680114746,0.20706699788570404,,0,-1
final,159912,ppo_rev12_114505,298,goal,155,1.0,1.0,0.0,0.0,0.0,0.0,0.0,0.0,0.0,0.0,3.358339309692383,0.0,0.20536959171295166,14.759075164794922,0.29632508754730225,,0,-1
final,159912,ppo_rev12_114505,299,goal,53,1.0,1.0,0.0,0.0,0.0,0.0,0.0,0.0,0.0,0.0,nan,0.0,-1.0,4.957911491394043,0.0885133445262909,,0,-1
final,159912,ppo_rev12_114505,300,goal,54,1.0,1.0,0.0,0.0,0.0,0.0,0.0,0.0,0.0,0.0,nan,0.0,-1.0,4.411616325378418,0.23149600625038147,,0,-1
final,159912,ppo_rev12_114505,301,goal,98,1.0,1.0,0.0,0.0,0.0,0.0,0.0,0.0,0.0,0.0,2.9077141284942627,0.0,-0.14958834648132324,9.56808853149414,0.28998541831970215,,0,-1
final,159912,ppo_rev12_114505,302,collision,61,-2.0,0.0,1.0,0.0,0.0,0.0,0.0,0.0,0.0,0.0,4.733530521392822,0.0,1.0,5.508744239807129,nan,obstacle,0,-1
final,159912,ppo_rev12_114505,303,goal,102,1.0,1.0,0.0,0.0,0.0,0.0,0.0,0.0,0.0,0.0,2.43527889251709,0.0,-0.1381000280380249,7.145676612854004,0.2960592210292816,,0,-1
final,159912,ppo_rev12_114505,304,goal,65,1.0,1.0,0.0,0.0,0.0,0.0,0.0,0.0,0.0,0.0,6.088316917419434,0.0,-1.0,6.545011043548584,0.21566241979599,,0,-1
final,159912,ppo_rev12_114505,305,goal,55,1.0,1.0,0.0,0.0,0.0,0.0,0.0,0.0,0.0,0.01818181818181818,nan,0.0,0.1753210425376892,4.584807872772217,0.2801816165447235,,0,-1
final,159912,ppo_rev12_114505,306,goal,100,1.0,1.0,0.0,0.0,0.0,0.0,0.0,0.0,0.0,0.0,3.5818212032318115,0.0,-1.0,8.125593185424805,0.23358921706676483,,0,-1
final,159912,ppo_rev12_114505,307,goal,65,1.0,1.0,0.0,0.0,0.0,0.0,0.0,0.0,0.0,0.0,5.32001256942749,0.0,-1.0,6.055446147918701,0.2798919677734375,,0,-1
final,159912,ppo_rev12_114505,308,goal,190,1.0,1.0,0.0,0.0,0.0,0.0,0.0,0.0,0.0,0.0,1.5589038133621216,0.0,0.38110828399658203,18.241077423095703,0.24627429246902466,,0,-1
final,159912,ppo_rev12_114505,309,goal,94,1.0,1.0,0.0,0.0,0.0,0.0,0.0,0.0,0.0,0.0,2.1169497966766357,0.0,0.8164455890655518,6.448210716247559,0.27914994955062866,,0,-1
final,159912,ppo_rev12_114505,310,goal,119,1.0,1.0,0.0,0.0,0.0,0.0,0.0,0.0,0.0,0.0,5.783258438110352,0.0,-1.0,13.576797485351562,0.1295548975467682,,0,-1
final,159912,ppo_rev12_114505,311,goal,153,1.0,1.0,0.0,0.0,0.0,0.0,0.0,0.0,0.0,0.0,3.5594449043273926,0.0,-0.8299692869186401,13.35154914855957,0.29506534337997437,,0,-1
final,159912,ppo_rev12_114505,312,goal,73,1.0,1.0,0.0,0.0,0.0,0.0,0.0,0.0,0.0,0.0,5.073806285858154,0.0,-1.0,6.409251689910889,0.267444908618927,,0,-1
final,159912,ppo_rev12_114505,313,goal,126,1.0,1.0,0.0,0.0,0.0,0.0,0.0,0.0,0.0,0.0,2.4794487953186035,0.0,-0.08474338054656982,7.968891143798828,0.299938827753067,,0,-1
final,159912,ppo_rev12_114505,314,goal,46,1.0,1.0,0.0,0.0,0.0,0.0,0.0,0.0,0.0,0.0,nan,0.0,-0.8055875301361084,3.2346744537353516,0.28531914949417114,,0,-1
final,159912,ppo_rev12_114505,315,goal,129,1.0,1.0,0.0,0.0,0.0,0.0,0.0,0.0,0.0,0.0,3.4495866298675537,0.0,0.6866750717163086,10.968589782714844,0.2859646677970886,,0,-1
final,159912,ppo_rev12_114505,316,goal,93,1.0,1.0,0.0,0.0,0.0,0.0,0.0,0.0,0.0,0.0,4.829226970672607,0.0,-0.563522219657898,9.034829139709473,0.2994786202907562,,0,-1
final,159912,ppo_rev12_114505,317,goal,53,1.0,1.0,0.0,0.0,0.0,0.0,0.0,0.0,0.0,0.0,nan,0.0,-0.9347337484359741,3.786524772644043,0.2498638778924942,,0,-1
final,159912,ppo_rev12_114505,318,goal,56,1.0,1.0,0.0,0.0,0.0,0.0,0.0,0.0,0.0,0.0,nan,0.0,-1.0,4.1460041999816895,0.1513168066740036,,0,-1
final,159912,ppo_rev12_114505,319,goal,58,1.0,1.0,0.0,0.0,0.0,0.0,0.0,0.0,0.0,0.0,nan,0.0,0.25288915634155273,3.9079716205596924,0.29893574118614197,,0,-1
final,159912,ppo_rev12_114505,320,goal,60,1.0,1.0,0.0,0.0,0.0,0.0,0.0,0.0,0.0,0.0,4.652998447418213,0.0,-0.4351844787597656,5.49003791809082,0.29777732491493225,,0,-1
final,159912,ppo_rev12_114505,321,collision,37,-2.0,0.0,1.0,0.0,0.0,0.0,0.0,0.0,0.0,0.0,nan,0.0,1.0,2.9168691635131836,nan,obstacle,0,-1
final,159912,ppo_rev12_114505,322,goal,66,1.0,1.0,0.0,0.0,0.0,0.0,0.0,0.0,0.0,0.0,5.626927375793457,0.0,-1.0,6.95505428314209,0.2889717221260071,,0,-1
final,159912,ppo_rev12_114505,323,goal,69,1.0,1.0,0.0,0.0,0.0,0.0,0.0,0.0,0.0,0.0,4.492739200592041,0.0,-1.0,5.803261756896973,0.29691845178604126,,0,-1
final,159912,ppo_rev12_114505,324,goal,84,1.0,1.0,0.0,0.0,0.0,0.0,0.0,0.0,0.0,0.0,5.973886966705322,0.0,-1.0,8.883054733276367,0.1353544294834137,,0,-1
final,159912,ppo_rev12_114505,325,goal,100,1.0,1.0,0.0,0.0,0.0,0.0,0.0,0.0,0.0,0.0,4.620487689971924,0.0,-0.7148498296737671,9.4790678024292,0.2655499279499054,,0,-1
final,159912,ppo_rev12_114505,326,goal,83,1.0,1.0,0.0,0.0,0.0,0.0,0.0,0.0,0.0,0.0,4.836746692657471,0.0,-1.0,7.218319416046143,0.27082282304763794,,0,-1
final,159912,ppo_rev12_114505,327,goal,76,1.0,1.0,0.0,0.0,0.0,0.0,0.0,0.0,0.0,0.0,5.339387893676758,0.0,-0.0032083988189697266,6.818116188049316,0.28139007091522217,,0,-1
final,159912,ppo_rev12_114505,328,timeout,200,-0.5,0.0,0.0,0.0,0.0,1.0,0.0,0.0,0.0,0.0,0.5454853773117065,0.0,0.24981874227523804,11.541130065917969,nan,,0,-1
final,159912,ppo_rev12_114505,329,goal,78,1.0,1.0,0.0,0.0,0.0,0.0,0.0,0.0,0.0,0.0,5.005459308624268,0.0,-1.0,7.09891414642334,0.23904208838939667,,0,-1
final,159912,ppo_rev12_114505,330,goal,92,1.0,1.0,0.0,0.0,0.0,0.0,0.0,0.0,0.0,0.0,5.565235614776611,0.0,-0.800072193145752,9.252086639404297,0.29624608159065247,,0,-1
final,159912,ppo_rev12_114505,331,goal,117,1.0,1.0,0.0,0.0,0.0,0.0,0.0,0.0,0.0,0.0,4.142138481140137,0.0,-0.12400496006011963,10.694735527038574,0.2401028275489807,,0,-1
final,159912,ppo_rev12_114505,332,goal,109,1.0,1.0,0.0,0.0,0.0,0.0,0.0,0.0,0.0,0.0,1.531358242034912,0.0,-0.7903958559036255,7.29425573348999,0.2442454844713211,,0,-1
final,159912,ppo_rev12_114505,333,goal,94,1.0,1.0,0.0,0.0,0.0,0.0,0.0,0.0,0.0,0.0,3.045767068862915,0.0,-1.0,6.677417755126953,0.2412237972021103,,0,-1
final,159912,ppo_rev12_114505,334,goal,97,1.0,1.0,0.0,0.0,0.0,0.0,0.0,0.0,0.0,0.0,3.0869133472442627,0.0,-0.6024957895278931,6.739053726196289,0.2789555490016937,,0,-1
final,159912,ppo_rev12_114505,335,goal,79,1.0,1.0,0.0,0.0,0.0,0.0,0.0,0.0,0.0,0.0,4.9211297035217285,0.0,-0.14237511157989502,6.216421127319336,0.12437620013952255,,0,-1
final,159912,ppo_rev12_114505,336,goal,89,1.0,1.0,0.0,0.0,0.0,0.0,0.0,0.0,0.0,0.0,3.8800458908081055,0.0,-0.43171584606170654,7.857668876647949,0.2699320316314697,,0,-1
final,159912,ppo_rev12_114505,337,goal,156,1.0,1.0,0.0,0.0,0.0,0.0,0.0,0.0,0.0,0.0,0.8801748752593994,0.0,0.7518120408058167,8.709686279296875,0.2766551375389099,,0,-1
final,159912,ppo_rev12_114505,338,goal,99,1.0,1.0,0.0,0.0,0.0,0.0,0.0,0.0,0.0,0.0,5.578558444976807,0.0,-1.0,10.737037658691406,0.2630438804626465,,0,-1
final,159912,ppo_rev12_114505,339,goal,104,1.0,1.0,0.0,0.0,0.0,0.0,0.0,0.0,0.0,0.0,4.724509239196777,0.0,-1.0,10.006778717041016,0.1511191874742508,,0,-1
final,159912,ppo_rev12_114505,340,goal,37,1.0,1.0,0.0,0.0,0.0,0.0,0.0,0.0,0.0,0.0,nan,0.0,-1.0,2.793057918548584,0.2195519357919693,,0,-1
final,159912,ppo_rev12_114505,341,goal,146,1.0,1.0,0.0,0.0,0.0,0.0,0.0,0.0,0.0,0.0,3.5828793048858643,0.0,-0.5442126989364624,14.12649154663086,0.27644458413124084,,0,-1
final,159912,ppo_rev12_114505,342,goal,66,1.0,1.0,0.0,0.0,0.0,0.0,0.0,0.0,0.0,0.0,4.198450088500977,0.0,-0.8985997438430786,5.229353427886963,0.26327306032180786,,0,-1
final,159912,ppo_rev12_114505,343,goal,140,1.0,1.0,0.0,0.0,0.0,0.0,0.0,0.0,0.0,0.014285714285714285,2.6776604652404785,0.0,-0.522699236869812,11.063018798828125,0.17850413918495178,,0,-1
final,159912,ppo_rev12_114505,344,goal,90,1.0,1.0,0.0,0.0,0.0,0.0,0.0,0.0,0.0,0.0,4.382321834564209,0.0,-0.3417365550994873,8.032329559326172,0.28877803683280945,,0,-1
final,159912,ppo_rev12_114505,345,goal,65,1.0,1.0,0.0,0.0,0.0,0.0,0.0,0.0,0.0,0.0,5.759943008422852,0.0,-1.0,6.23878288269043,0.16938690841197968,,0,-1
final,159912,ppo_rev12_114505,346,goal,70,1.0,1.0,0.0,0.0,0.0,0.0,0.0,0.0,0.0,0.0,4.924304008483887,0.0,-0.8723883628845215,6.4548492431640625,0.25388213992118835,,0,-1
final,159912,ppo_rev12_114505,347,goal,67,1.0,1.0,0.0,0.0,0.0,0.0,0.0,0.0,0.0,0.0,4.900012016296387,0.0,-1.0,5.985031604766846,0.2761634588241577,,0,-1
final,159912,ppo_rev12_114505,348,goal,44,1.0,1.0,0.0,0.0,0.0,0.0,0.0,0.0,0.0,0.0,nan,0.0,-0.5395125150680542,2.6341850757598877,0.2961971163749695,,0,-1
final,159912,ppo_rev12_114505,349,goal,75,1.0,1.0,0.0,0.0,0.0,0.0,0.0,0.0,0.0,0.0,3.3962032794952393,0.0,-1.0,6.805464267730713,0.293139785528183,,0,-1
final,159912,ppo_rev12_114505,350,goal,52,1.0,1.0,0.0,0.0,0.0,0.0,0.0,0.0,0.0,0.0,nan,0.0,-1.0,3.870516061782837,0.26329490542411804,,0,-1
final,159912,ppo_rev12_114505,351,collision,6,-2.0,0.0,1.0,0.0,0.0,0.0,0.0,0.0,0.0,0.0,nan,0.0,1.0,0.4410878121852875,nan,obstacle,0,-1
final,159912,ppo_rev12_114505,352,goal,106,1.0,1.0,0.0,0.0,0.0,0.0,0.0,0.0,0.0,0.0,3.3296823501586914,0.0,0.39578431844711304,8.84042739868164,0.13422533869743347,,0,-1
final,159912,ppo_rev12_114505,353,goal,77,1.0,1.0,0.0,0.0,0.0,0.0,0.0,0.0,0.0,0.0,5.323437213897705,0.0,0.38268929719924927,6.64497184753418,0.2526503801345825,,0,-1
final,159912,ppo_rev12_114505,354,goal,75,1.0,1.0,0.0,0.0,0.0,0.0,0.0,0.0,0.0,0.0,5.678922176361084,0.0,0.3313683867454529,7.330635070800781,0.29204896092414856,,0,-1
final,159912,ppo_rev12_114505,355,goal,73,1.0,1.0,0.0,0.0,0.0,0.0,0.0,0.0,0.0,0.0,5.021896839141846,0.0,-1.0,6.7328362464904785,0.1557687669992447,,0,-1
final,159912,ppo_rev12_114505,356,goal,57,1.0,1.0,0.0,0.0,0.0,0.0,0.0,0.0,0.0,0.0,nan,0.0,-1.0,4.830142021179199,0.2552124559879303,,0,-1
final,159912,ppo_rev12_114505,357,goal,87,1.0,1.0,0.0,0.0,0.0,0.0,0.0,0.0,0.0,0.0,4.779691219329834,0.0,-1.0,8.575933456420898,0.2658192813396454,,0,-1
final,159912,ppo_rev12_114505,358,goal,79,1.0,1.0,0.0,0.0,0.0,0.0,0.0,0.0,0.0,0.0,5.094921112060547,0.0,-1.0,7.258039474487305,0.2870030999183655,,0,-1
final,159912,ppo_rev12_114505,359,goal,60,1.0,1.0,0.0,0.0,0.0,0.0,0.0,0.0,0.0,0.0,5.491039752960205,0.0,-1.0,5.788435935974121,0.25115689635276794,,0,-1
final,159912,ppo_rev12_114505,360,goal,74,1.0,1.0,0.0,0.0,0.0,0.0,0.0,0.0,0.0,0.0,5.835060119628906,0.0,-0.922910213470459,7.409076690673828,0.2662704288959503,,0,-1
final,159912,ppo_rev12_114505,361,goal,158,1.0,1.0,0.0,0.0,0.0,0.0,0.0,0.0,0.0,0.0,2.6860511302948,0.0,-1.0,12.560035705566406,0.29444506764411926,,0,-1
final,159912,ppo_rev12_114505,362,goal,87,1.0,1.0,0.0,0.0,0.0,0.0,0.0,0.0,0.0,0.0,4.473057270050049,0.0,-0.12770795822143555,7.820652961730957,0.24772290885448456,,0,-1
final,159912,ppo_rev12_114505,363,goal,131,1.0,1.0,0.0,0.0,0.0,0.0,0.0,0.0,0.0,0.0,1.7567888498306274,0.0,-0.3074064254760742,10.147916793823242,0.2938357889652252,,0,-1
final,159912,ppo_rev12_114505,364,goal,75,1.0,1.0,0.0,0.0,0.0,0.0,0.0,0.0,0.0,0.0,5.388503551483154,0.0,-1.0,7.133864402770996,0.23884983360767365,,0,-1
final,159912,ppo_rev12_114505,365,goal,86,1.0,1.0,0.0,0.0,0.0,0.0,0.0,0.0,0.0,0.0,5.32043981552124,0.0,-1.0,8.641777992248535,0.26781782507896423,,0,-1
final,159912,ppo_rev12_114505,366,goal,49,1.0,1.0,0.0,0.0,0.0,0.0,0.0,0.0,0.0,0.0,nan,0.0,-0.8294035196304321,3.746551513671875,0.2827816903591156,,0,-1
final,159912,ppo_rev12_114505,367,goal,133,1.0,1.0,0.0,0.0,0.0,0.0,0.0,0.0,0.0,0.0,4.552760601043701,0.0,0.29772287607192993,13.0653076171875,0.27775683999061584,,0,-1
final,159912,ppo_rev12_114505,368,goal,77,1.0,1.0,0.0,0.0,0.0,0.0,0.0,0.0,0.0,0.0,5.692875385284424,0.0,-1.0,6.9230170249938965,0.23338377475738525,,0,-1
final,159912,ppo_rev12_114505,369,goal,100,1.0,1.0,0.0,0.0,0.0,0.0,0.0,0.0,0.0,0.0,4.365971565246582,0.0,-1.0,8.969646453857422,0.289755642414093,,0,-1
final,159912,ppo_rev12_114505,370,goal,69,1.0,1.0,0.0,0.0,0.0,0.0,0.0,0.0,0.0,0.0,5.903861045837402,0.0,-1.0,6.87216329574585,0.2870982885360718,,0,-1
final,159912,ppo_rev12_114505,371,goal,71,1.0,1.0,0.0,0.0,0.0,0.0,0.0,0.0,0.0,0.0,5.047661781311035,0.0,-0.6858100891113281,6.608942031860352,0.26088663935661316,,0,-1
final,159912,ppo_rev12_114505,372,goal,51,1.0,1.0,0.0,0.0,0.0,0.0,0.0,0.0,0.0,0.0,nan,0.0,-0.8407526016235352,3.9462954998016357,0.20455779135227203,,0,-1
final,159912,ppo_rev12_114505,373,goal,53,1.0,1.0,0.0,0.0,0.0,0.0,0.0,0.0,0.0,0.0,nan,0.0,0.1382036805152893,3.297196865081787,0.23370473086833954,,0,-1
final,159912,ppo_rev12_114505,374,goal,119,1.0,1.0,0.0,0.0,0.0,0.0,0.0,0.0,0.0,0.0,3.003321647644043,0.0,-0.44799649715423584,11.310379028320312,0.294423371553421,,0,-1
final,159912,ppo_rev12_114505,375,goal,89,1.0,1.0,0.0,0.0,0.0,0.0,0.0,0.0,0.0,0.0,3.073221445083618,0.0,-0.05768752098083496,8.303630828857422,0.25685134530067444,,0,-1
final,159912,ppo_rev12_114505,376,goal,57,1.0,1.0,0.0,0.0,0.0,0.0,0.0,0.0,0.0,0.0,nan,0.0,-0.6712417602539062,4.75472354888916,0.28355148434638977,,0,-1
final,159912,ppo_rev12_114505,377,goal,82,1.0,1.0,0.0,0.0,0.0,0.0,0.0,0.0,0.0,0.0,5.647491931915283,0.0,-0.2968785762786865,8.202588081359863,0.20854397118091583,,0,-1
final,159912,ppo_rev12_114505,378,goal,65,1.0,1.0,0.0,0.0,0.0,0.0,0.0,0.0,0.0,0.0,6.272845268249512,0.0,-1.0,6.966314315795898,0.16407443583011627,,0,-1
final,159912,ppo_rev12_114505,379,collision,35,-2.0,0.0,1.0,0.0,0.0,0.0,0.0,0.0,0.0,0.0,nan,0.0,1.0,3.2743043899536133,nan,obstacle,0,-1
final,159912,ppo_rev12_114505,380,collision,6,-2.0,0.0,1.0,0.0,0.0,0.0,0.0,0.0,0.0,0.0,nan,0.0,1.0,0.3852790594100952,nan,obstacle,0,-1
final,159912,ppo_rev12_114505,381,goal,75,1.0,1.0,0.0,0.0,0.0,0.0,0.0,0.0,0.0,0.0,4.681431293487549,0.0,0.4408290386199951,6.860840797424316,0.2839077413082123,,0,-1
final,159912,ppo_rev12_114505,382,goal,123,1.0,1.0,0.0,0.0,0.0,0.0,0.0,0.0,0.0,0.0,3.4164273738861084,0.0,-0.37683427333831787,12.205142974853516,0.1576157510280609,,0,-1
final,159912,ppo_rev12_114505,383,goal,107,1.0,1.0,0.0,0.0,0.0,0.0,0.0,0.0,0.0,0.0,5.170088768005371,0.0,-0.043190598487854004,10.00993537902832,0.2846451699733734,,0,-1
final,159912,ppo_rev12_114505,384,goal,69,1.0,1.0,0.0,0.0,0.0,0.0,0.0,0.0,0.0,0.0,6.165394306182861,0.0,-1.0,7.154277324676514,0.1063990592956543,,0,-1
final,159912,ppo_rev12_114505,385,goal,44,1.0,1.0,0.0,0.0,0.0,0.0,0.0,0.0,0.0,0.0,nan,0.0,-1.0,3.1119556427001953,0.26926690340042114,,0,-1
final,159912,ppo_rev12_114505,386,goal,99,1.0,1.0,0.0,0.0,0.0,0.0,0.0,0.0,0.0,0.0,3.662505626678467,0.0,-0.6732093095779419,9.698309898376465,0.2531711757183075,,0,-1
final,159912,ppo_rev12_114505,387,goal,52,1.0,1.0,0.0,0.0,0.0,0.0,0.0,0.0,0.0,0.0,nan,0.0,-0.5270471572875977,4.93125581741333,0.26776057481765747,,0,-1
final,159912,ppo_rev12_114505,388,goal,61,1.0,1.0,0.0,0.0,0.0,0.0,0.0,0.0,0.0,0.0,4.292089939117432,0.0,-0.8620072603225708,4.955826759338379,0.19872473180294037,,0,-1
final,159912,ppo_rev12_114505,389,goal,60,1.0,1.0,0.0,0.0,0.0,0.0,0.0,0.0,0.0,0.0,5.264703273773193,0.0,-1.0,5.664914131164551,0.27245286107063293,,0,-1
final,159912,ppo_rev12_114505,390,goal,88,1.0,1.0,0.0,0.0,0.0,0.0,0.0,0.0,0.0,0.0,5.881540298461914,0.0,-0.6407020092010498,8.491201400756836,0.29567673802375793,,0,-1
final,159912,ppo_rev12_114505,391,goal,71,1.0,1.0,0.0,0.0,0.0,0.0,0.0,0.0,0.0,0.0,5.901847839355469,0.0,-1.0,6.888635635375977,0.21501745283603668,,0,-1
final,159912,ppo_rev12_114505,392,goal,35,1.0,1.0,0.0,0.0,0.0,0.0,0.0,0.0,0.0,0.0,nan,0.0,-1.0,2.1301419734954834,0.25145646929740906,,0,-1
final,159912,ppo_rev12_114505,393,goal,73,1.0,1.0,0.0,0.0,0.0,0.0,0.0,0.0,0.0,0.0,4.644076347351074,0.0,-1.0,6.194300651550293,0.25673428177833557,,0,-1
final,159912,ppo_rev12_114505,394,goal,63,1.0,1.0,0.0,0.0,0.0,0.0,0.0,0.0,0.0,0.0,4.413199424743652,0.0,0.11561691761016846,4.982982635498047,0.2672480344772339,,0,-1
final,159912,ppo_rev12_114505,395,goal,56,1.0,1.0,0.0,0.0,0.0,0.0,0.0,0.0,0.0,0.0,nan,0.0,-0.3921114206314087,4.641530990600586,0.29059135913848877,,0,-1
final,159912,ppo_rev12_114505,396,goal,63,1.0,1.0,0.0,0.0,0.0,0.0,0.0,0.0,0.0,0.0,4.024610996246338,0.0,-1.0,5.219585418701172,0.28129929304122925,,0,-1
final,159912,ppo_rev12_114505,397,goal,70,1.0,1.0,0.0,0.0,0.0,0.0,0.0,0.0,0.0,0.0,5.563547134399414,0.0,-1.0,6.509273529052734,0.20974035561084747,,0,-1
final,159912,ppo_rev12_114505,398,goal,70,1.0,1.0,0.0,0.0,0.0,0.0,0.0,0.0,0.0,0.0,2.777331590652466,0.0,0.5163083076477051,5.276801586151123,0.29722318053245544,,0,-1
final,159912,ppo_rev12_114505,399,goal,169,1.0,1.0,0.0,0.0,0.0,0.0,0.0,0.0,0.0,0.0,1.7375918626785278,0.0,0.3224581480026245,11.361265182495117,0.10151681303977966,,0,-1
final,159912,ppo_rev12_114505,400,goal,39,1.0,1.0,0.0,0.0,0.0,0.0,0.0,0.0,0.0,0.0,nan,0.0,-1.0,2.8502283096313477,0.1755901575088501,,0,-1
final,159912,ppo_rev12_114505,401,goal,67,1.0,1.0,0.0,0.0,0.0,0.0,0.0,0.0,0.0,0.0,4.256324768066406,0.0,0.531934916973114,5.145488262176514,0.2999142110347748,,0,-1
final,159912,ppo_rev12_114505,402,goal,90,1.0,1.0,0.0,0.0,0.0,0.0,0.0,0.0,0.0,0.0,5.757268905639648,0.0,-0.5554454326629639,9.184408187866211,0.26826223731040955,,0,-1
final,159912,ppo_rev12_114505,403,goal,140,1.0,1.0,0.0,0.0,0.0,0.0,0.0,0.0,0.0,0.0,0.9507055282592773,0.0,0.11205393075942993,8.531881332397461,0.09055477380752563,,0,-1
final,159912,ppo_rev12_114505,404,collision,103,-2.0,0.0,1.0,0.0,0.0,0.0,0.0,0.0,0.0,0.0,3.3633604049682617,0.0,1.0,7.202184677124023,nan,obstacle,0,-1
final,159912,ppo_rev12_114505,405,goal,52,1.0,1.0,0.0,0.0,0.0,0.0,0.0,0.0,0.0,0.0,nan,0.0,-1.0,4.898282527923584,0.1660623848438263,,0,-1
final,159912,ppo_rev12_114505,406,goal,108,1.0,1.0,0.0,0.0,0.0,0.0,0.0,0.0,0.0,0.0,3.30851149559021,0.0,-0.24880731105804443,10.038358688354492,0.2349730283021927,,0,-1
final,159912,ppo_rev12_114505,407,goal,63,1.0,1.0,0.0,0.0,0.0,0.0,0.0,0.0,0.0,0.0,3.63539719581604,0.0,0.9916470050811768,4.64859676361084,0.25192227959632874,,0,-1
final,159912,ppo_rev12_114505,408,goal,115,1.0,1.0,0.0,0.0,0.0,0.0,0.0,0.0,0.0,0.0,5.406083106994629,0.0,-1.0,11.39829158782959,0.25617510080337524,,0,-1
final,159912,ppo_rev12_114505,409,goal,112,1.0,1.0,0.0,0.0,0.0,0.0,0.0,0.0,0.0,0.0,3.340663433074951,0.0,0.1483129858970642,9.589818954467773,0.26142439246177673,,0,-1
final,159912,ppo_rev12_114505,410,goal,76,1.0,1.0,0.0,0.0,0.0,0.0,0.0,0.0,0.0,0.0,3.7073886394500732,0.0,-1.0,5.527287483215332,0.2787037193775177,,0,-1
final,159912,ppo_rev12_114505,411,goal,92,1.0,1.0,0.0,0.0,0.0,0.0,0.0,0.0,0.0,0.0,5.446177959442139,0.0,-1.0,9.212625503540039,0.26056140661239624,,0,-1
final,159912,ppo_rev12_114505,412,goal,56,1.0,1.0,0.0,0.0,0.0,0.0,0.0,0.0,0.0,0.0,nan,0.0,-1.0,4.52215051651001,0.11738421767950058,,0,-1
final,159912,ppo_rev12_114505,413,goal,64,1.0,1.0,0.0,0.0,0.0,0.0,0.0,0.0,0.0,0.0,6.248621940612793,0.0,-1.0,6.826411247253418,0.27308347821235657,,0,-1
final,159912,ppo_rev12_114505,414,goal,73,1.0,1.0,0.0,0.0,0.0,0.0,0.0,0.0,0.0,0.0,4.171415328979492,0.0,-1.0,5.028189659118652,0.28128135204315186,,0,-1
final,159912,ppo_rev12_114505,415,goal,123,1.0,1.0,0.0,0.0,0.0,0.0,0.0,0.0,0.0,0.0,1.8884726762771606,0.0,-0.2256641387939453,10.29820442199707,0.2510964870452881,,0,-1
final,159912,ppo_rev12_114505,416,goal,70,1.0,1.0,0.0,0.0,0.0,0.0,0.0,0.0,0.0,0.0,5.8939290046691895,0.0,-1.0,6.907065391540527,0.11187972128391266,,0,-1
final,159912,ppo_rev12_114505,417,collision,61,-2.0,0.0,1.0,0.0,0.0,0.0,0.0,0.0,0.0,0.0,2.9124221801757812,0.0,1.0,3.655207633972168,nan,obstacle,0,-1
final,159912,ppo_rev12_114505,418,goal,46,1.0,1.0,0.0,0.0,0.0,0.0,0.0,0.0,0.0,0.0,nan,0.0,-1.0,3.1668553352355957,0.26754316687583923,,0,-1
final,159912,ppo_rev12_114505,419,goal,67,1.0,1.0,0.0,0.0,0.0,0.0,0.0,0.0,0.0,0.0,5.03980016708374,0.0,-1.0,6.827415943145752,0.22518570721149445,,0,-1
final,159912,ppo_rev12_114505,420,goal,105,1.0,1.0,0.0,0.0,0.0,0.0,0.0,0.0,0.0,0.0,4.998945713043213,0.0,-0.23492920398712158,10.82373046875,0.2232762575149536,,0,-1
final,159912,ppo_rev12_114505,421,goal,93,1.0,1.0,0.0,0.0,0.0,0.0,0.0,0.0,0.0,0.0,4.592864990234375,0.0,-0.8044708967208862,9.000438690185547,0.2690546214580536,,0,-1
final,159912,ppo_rev12_114505,422,goal,54,1.0,1.0,0.0,0.0,0.0,0.0,0.0,0.0,0.0,0.0,nan,0.0,-1.0,3.9506616592407227,0.2861192226409912,,0,-1
final,159912,ppo_rev12_114505,423,goal,98,1.0,1.0,0.0,0.0,0.0,0.0,0.0,0.0,0.0,0.0,5.983009338378906,0.0,-1.0,10.590357780456543,0.2994160056114197,,0,-1
final,159912,ppo_rev12_114505,424,goal,78,1.0,1.0,0.0,0.0,0.0,0.0,0.0,0.0,0.0,0.0,3.6528024673461914,0.0,-1.0,5.804512977600098,0.2927669286727905,,0,-1
final,159912,ppo_rev12_114505,425,stuck,166,-1.0,0.0,0.0,0.0,1.0,0.0,0.0,0.0,0.0,0.0,0.0942954272031784,0.0,-1.0,7.66169548034668,nan,,0,-1
final,159912,ppo_rev12_114505,426,goal,52,1.0,1.0,0.0,0.0,0.0,0.0,0.0,0.0,0.0,0.0,nan,0.0,-1.0,4.6560869216918945,0.1601511389017105,,0,-1
final,159912,ppo_rev12_114505,427,goal,103,1.0,1.0,0.0,0.0,0.0,0.0,0.0,0.0,0.0,0.0,3.5031821727752686,0.0,-1.0,8.21881103515625,0.2896796464920044,,0,-1
final,159912,ppo_rev12_114505,428,goal,91,1.0,1.0,0.0,0.0,0.0,0.0,0.0,0.0,0.0,0.0,4.251020431518555,0.0,-1.0,8.370453834533691,0.20023103058338165,,0,-1
final,159912,ppo_rev12_114505,429,goal,147,1.0,1.0,0.0,0.0,0.0,0.0,0.0,0.0,0.0,0.0,2.1753954887390137,0.0,0.4288274049758911,10.972308158874512,0.28407609462738037,,0,-1
final,159912,ppo_rev12_114505,430,goal,59,1.0,1.0,0.0,0.0,0.0,0.0,0.0,0.0,0.0,0.0,nan,0.0,-0.41017472743988037,4.268019199371338,0.25886884331703186,,0,-1
final,159912,ppo_rev12_114505,431,goal,147,1.0,1.0,0.0,0.0,0.0,0.0,0.0,0.0,0.0,0.0,4.3292059898376465,0.0,-0.9597592353820801,15.499323844909668,0.23129796981811523,,0,-1
final,159912,ppo_rev12_114505,432,goal,71,1.0,1.0,0.0,0.0,0.0,0.0,0.0,0.0,0.0,0.0,4.7783660888671875,0.0,-1.0,6.017772674560547,0.28097695112228394,,0,-1
final,159912,ppo_rev12_114505,433,goal,78,1.0,1.0,0.0,0.0,0.0,0.0,0.0,0.0,0.0,0.0,6.1995744705200195,0.0,-1.0,8.495622634887695,0.0902416855096817,,0,-1
final,159912,ppo_rev12_114505,434,goal,82,1.0,1.0,0.0,0.0,0.0,0.0,0.0,0.0,0.0,0.0,5.474629878997803,0.0,-1.0,7.964319229125977,0.2913215458393097,,0,-1
final,159912,ppo_rev12_114505,435,goal,70,1.0,1.0,0.0,0.0,0.0,0.0,0.0,0.0,0.0,0.0,4.323773384094238,0.0,-1.0,6.484039783477783,0.2926732301712036,,0,-1
final,159912,ppo_rev12_114505,436,goal,80,1.0,1.0,0.0,0.0,0.0,0.0,0.0,0.0,0.0,0.0,5.531522274017334,0.0,-1.0,7.659980773925781,0.24031510949134827,,0,-1
final,159912,ppo_rev12_114505,437,goal,78,1.0,1.0,0.0,0.0,0.0,0.0,0.0,0.0,0.0,0.0,5.7316131591796875,0.0,-0.7857078313827515,8.04367446899414,0.2651856541633606,,0,-1
final,159912,ppo_rev12_114505,438,goal,107,1.0,1.0,0.0,0.0,0.0,0.0,0.0,0.0,0.0,0.0,3.346482515335083,0.0,0.16981595754623413,9.17831802368164,0.11960844695568085,,0,-1
final,159912,ppo_rev12_114505,439,goal,35,1.0,1.0,0.0,0.0,0.0,0.0,0.0,0.0,0.0,0.0,nan,0.0,-1.0,2.167729377746582,0.2768916189670563,,0,-1
final,159912,ppo_rev12_114505,440,goal,96,1.0,1.0,0.0,0.0,0.0,0.0,0.0,0.0,0.0,0.0,2.944769859313965,0.0,-0.6183992624282837,7.0797295570373535,0.2794971466064453,,0,-1
final,159912,ppo_rev12_114505,441,goal,50,1.0,1.0,0.0,0.0,0.0,0.0,0.0,0.0,0.0,0.0,nan,0.0,-1.0,4.324343681335449,0.29934653639793396,,0,-1
final,159912,ppo_rev12_114505,442,goal,138,1.0,1.0,0.0,0.0,0.0,0.0,0.0,0.0,0.0,0.0,1.6866977214813232,0.0,0.8285480737686157,7.295896530151367,0.23510593175888062,,0,-1
final,159912,ppo_rev12_114505,443,timeout,200,-0.5,0.0,0.0,0.0,0.0,1.0,0.0,0.0,0.0,0.0,0.6712259650230408,0.0,-0.16998016834259033,9.559491157531738,nan,,0,-1
final,159912,ppo_rev12_114505,444,goal,82,1.0,1.0,0.0,0.0,0.0,0.0,0.0,0.0,0.0,0.0,5.231506824493408,0.0,-1.0,8.55630111694336,0.2975170910358429,,0,-1
final,159912,ppo_rev12_114505,445,goal,106,1.0,1.0,0.0,0.0,0.0,0.0,0.0,0.0,0.0,0.0,3.567121982574463,0.0,-0.706190824508667,9.042123794555664,0.2580091655254364,,0,-1
final,159912,ppo_rev12_114505,446,goal,73,1.0,1.0,0.0,0.0,0.0,0.0,0.0,0.0,0.0,0.0,4.915622234344482,0.0,-0.5179672241210938,6.5190911293029785,0.29883575439453125,,0,-1
final,159912,ppo_rev12_114505,447,goal,103,1.0,1.0,0.0,0.0,0.0,0.0,0.0,0.0,0.0,0.0,3.8134257793426514,0.0,-0.14094531536102295,8.560993194580078,0.28606274724006653,,0,-1
final,159912,ppo_rev12_114505,448,goal,70,1.0,1.0,0.0,0.0,0.0,0.0,0.0,0.0,0.0,0.0,5.326747894287109,0.0,-0.427767276763916,6.333202838897705,0.2829415202140808,,0,-1
final,159912,ppo_rev12_114505,449,goal,75,1.0,1.0,0.0,0.0,0.0,0.0,0.0,0.0,0.0,0.0,5.626956462860107,0.0,-1.0,7.578972339630127,0.25552302598953247,,0,-1
final,159912,ppo_rev12_114505,450,goal,84,1.0,1.0,0.0,0.0,0.0,0.0,0.0,0.0,0.0,0.0,4.64763879776001,0.0,-1.0,6.339308738708496,0.29951557517051697,,0,-1
final,159912,ppo_rev12_114505,451,goal,51,1.0,1.0,0.0,0.0,0.0,0.0,0.0,0.0,0.0,0.0,nan,0.0,-0.21027612686157227,3.8971340656280518,0.18602842092514038,,0,-1
final,159912,ppo_rev12_114505,452,goal,59,1.0,1.0,0.0,0.0,0.0,0.0,0.0,0.0,0.0,0.0,nan,0.0,-1.0,5.472190856933594,0.2492360770702362,,0,-1
final,159912,ppo_rev12_114505,453,timeout,200,-0.5,0.0,0.0,0.0,0.0,1.0,0.0,0.0,0.0,0.0,0.48528143763542175,0.0,0.00778961181640625,9.437318801879883,nan,,0,-1
final,159912,ppo_rev12_114505,454,goal,190,1.0,1.0,0.0,0.0,0.0,0.0,0.0,0.0,0.0,0.0,1.5942472219467163,0.0,-0.9644434452056885,13.717294692993164,0.2555355429649353,,0,-1
final,159912,ppo_rev12_114505,455,goal,72,1.0,1.0,0.0,0.0,0.0,0.0,0.0,0.0,0.0,0.0,5.154659748077393,0.0,-0.3174551725387573,6.319401741027832,0.28476911783218384,,0,-1
final,159912,ppo_rev12_114505,456,goal,89,1.0,1.0,0.0,0.0,0.0,0.0,0.0,0.0,0.0,0.0,5.1838812828063965,0.0,-1.0,8.49196720123291,0.26523005962371826,,0,-1
final,159912,ppo_rev12_114505,457,goal,59,1.0,1.0,0.0,0.0,0.0,0.0,0.0,0.0,0.0,0.0,nan,0.0,-0.1529003381729126,5.138240337371826,0.18791376054286957,,0,-1
final,159912,ppo_rev12_114505,458,goal,79,1.0,1.0,0.0,0.0,0.0,0.0,0.0,0.0,0.0,0.0,4.834136486053467,0.0,-0.23032677173614502,6.667372226715088,0.2329275906085968,,0,-1
final,159912,ppo_rev12_114505,459,goal,46,1.0,1.0,0.0,0.0,0.0,0.0,0.0,0.0,0.0,0.0,nan,0.0,-0.6095422506332397,3.04228138923645,0.15322476625442505,,0,-1
final,159912,ppo_rev12_114505,460,goal,93,1.0,1.0,0.0,0.0,0.0,0.0,0.0,0.0,0.0,0.0,4.91536808013916,0.0,-1.0,9.033320426940918,0.22932054102420807,,0,-1
final,159912,ppo_rev12_114505,461,goal,75,1.0,1.0,0.0,0.0,0.0,0.0,0.0,0.0,0.0,0.0,5.6789021492004395,0.0,-1.0,7.138284206390381,0.26587194204330444,,0,-1
final,159912,ppo_rev12_114505,462,goal,85,1.0,1.0,0.0,0.0,0.0,0.0,0.0,0.0,0.0,0.0,5.488438129425049,0.0,-1.0,8.639101028442383,0.285636305809021,,0,-1
final,159912,ppo_rev12_114505,463,goal,114,1.0,1.0,0.0,0.0,0.0,0.0,0.0,0.0,0.0,0.0,3.429004430770874,0.0,-0.05233931541442871,10.350855827331543,0.27502673864364624,,0,-1
final,159912,ppo_rev12_114505,464,goal,129,1.0,1.0,0.0,0.0,0.0,0.0,0.0,0.0,0.0,0.0,0.4828411340713501,0.0,-0.26838207244873047,5.742897987365723,0.2991076409816742,,0,-1
final,159912,ppo_rev12_114505,465,goal,42,1.0,1.0,0.0,0.0,0.0,0.0,0.0,0.0,0.0,0.0,nan,0.0,-1.0,3.159824848175049,0.28370729088783264,,0,-1
final,159912,ppo_rev12_114505,466,goal,112,1.0,1.0,0.0,0.0,0.0,0.0,0.0,0.0,0.0,0.0,4.016635894775391,0.0,-0.9014465808868408,10.109615325927734,0.2930624783039093,,0,-1
final,159912,ppo_rev12_114505,467,goal,67,1.0,1.0,0.0,0.0,0.0,0.0,0.0,0.0,0.0,0.0,4.539414882659912,0.0,-0.3973557949066162,7.036244869232178,0.2870953679084778,,0,-1
final,159912,ppo_rev12_114505,468,goal,59,1.0,1.0,0.0,0.0,0.0,0.0,0.0,0.0,0.0,0.0,nan,0.0,-1.0,5.698568344116211,0.2824663817882538,,0,-1
final,159912,ppo_rev12_114505,469,goal,105,1.0,1.0,0.0,0.0,0.0,0.0,0.0,0.0,0.0,0.0,1.9613473415374756,0.0,-0.17020845413208008,6.7721638679504395,0.24991777539253235,,0,-1
final,159912,ppo_rev12_114505,470,goal,130,1.0,1.0,0.0,0.0,0.0,0.0,0.0,0.0,0.0,0.0,4.474087715148926,0.0,-0.8697173595428467,13.987873077392578,0.2782679498195648,,0,-1
final,159912,ppo_rev12_114505,471,goal,93,1.0,1.0,0.0,0.0,0.0,0.0,0.0,0.0,0.0,0.0,4.473128795623779,0.0,-1.0,8.418939590454102,0.29109761118888855,,0,-1
final,159912,ppo_rev12_114505,472,goal,89,1.0,1.0,0.0,0.0,0.0,0.0,0.0,0.0,0.0,0.0,3.183966636657715,0.0,-0.5159651041030884,6.7224884033203125,0.2706669270992279,,0,-1
final,159912,ppo_rev12_114505,473,goal,75,1.0,1.0,0.0,0.0,0.0,0.0,0.0,0.0,0.0,0.0,6.3876848220825195,0.0,-1.0,7.591846942901611,0.27493464946746826,,0,-1
final,159912,ppo_rev12_114505,474,goal,58,1.0,1.0,0.0,0.0,0.0,0.0,0.0,0.0,0.0,0.0,nan,0.0,-1.0,4.864964485168457,0.249508798122406,,0,-1
final,159912,ppo_rev12_114505,475,goal,56,1.0,1.0,0.0,0.0,0.0,0.0,0.0,0.0,0.0,0.0,nan,0.0,-1.0,3.9680533409118652,0.19224601984024048,,0,-1
final,159912,ppo_rev12_114505,476,goal,75,1.0,1.0,0.0,0.0,0.0,0.0,0.0,0.0,0.0,0.0,5.66676139831543,0.0,-1.0,6.972755432128906,0.27877819538116455,,0,-1
final,159912,ppo_rev12_114505,477,goal,116,1.0,1.0,0.0,0.0,0.0,0.0,0.0,0.0,0.0,0.0,2.122016191482544,0.0,0.11294305324554443,8.852106094360352,0.2827151119709015,,0,-1
final,159912,ppo_rev12_114505,478,goal,51,1.0,1.0,0.0,0.0,0.0,0.0,0.0,0.0,0.0,0.0,nan,0.0,-1.0,4.10291862487793,0.2976868450641632,,0,-1
final,159912,ppo_rev12_114505,479,goal,57,1.0,1.0,0.0,0.0,0.0,0.0,0.0,0.0,0.0,0.0,nan,0.0,-1.0,4.708687782287598,0.276753306388855,,0,-1
final,159912,ppo_rev12_114505,480,goal,104,1.0,1.0,0.0,0.0,0.0,0.0,0.0,0.0,0.0,0.0,2.3773694038391113,0.0,0.9266303181648254,7.840334892272949,0.10769633203744888,,0,-1
final,159912,ppo_rev12_114505,481,goal,72,1.0,1.0,0.0,0.0,0.0,0.0,0.0,0.0,0.0,0.0,5.546629905700684,0.0,-1.0,6.9150190353393555,0.28602129220962524,,0,-1
final,159912,ppo_rev12_114505,482,goal,52,1.0,1.0,0.0,0.0,0.0,0.0,0.0,0.0,0.0,0.0,nan,0.0,-1.0,4.7528204917907715,0.2740819454193115,,0,-1
final,159912,ppo_rev12_114505,483,goal,51,1.0,1.0,0.0,0.0,0.0,0.0,0.0,0.0,0.0,0.0,nan,0.0,-1.0,4.406184673309326,0.26734140515327454,,0,-1
final,159912,ppo_rev12_114505,484,goal,96,1.0,1.0,0.0,0.0,0.0,0.0,0.0,0.0,0.0,0.0,4.106545448303223,0.0,-1.0,9.82373046875,0.17823703587055206,,0,-1
final,159912,ppo_rev12_114505,485,goal,73,1.0,1.0,0.0,0.0,0.0,0.0,0.0,0.0,0.0,0.0,4.447367191314697,0.0,-1.0,6.42845344543457,0.2821013331413269,,0,-1
final,159912,ppo_rev12_114505,486,goal,95,1.0,1.0,0.0,0.0,0.0,0.0,0.0,0.0,0.0,0.0,3.506256341934204,0.0,-0.20318210124969482,5.959506988525391,0.2887374758720398,,0,-1
final,159912,ppo_rev12_114505,487,goal,58,1.0,1.0,0.0,0.0,0.0,0.0,0.0,0.0,0.0,0.017241379310344827,nan,0.0,-1.0,4.720788955688477,0.27949073910713196,,0,-1
final,159912,ppo_rev12_114505,488,goal,78,1.0,1.0,0.0,0.0,0.0,0.0,0.0,0.0,0.0,0.0,4.932562351226807,0.0,-1.0,8.136578559875488,0.08909598737955093,,0,-1
final,159912,ppo_rev12_114505,489,goal,169,1.0,1.0,0.0,0.0,0.0,0.0,0.0,0.0,0.0,0.0,0.2077125757932663,0.0,-1.0,13.577642440795898,0.2914881110191345,,0,-1
final,159912,ppo_rev12_114505,490,goal,54,1.0,1.0,0.0,0.0,0.0,0.0,0.0,0.0,0.0,0.0,nan,0.0,-1.0,4.623037338256836,0.28635016083717346,,0,-1
final,159912,ppo_rev12_114505,491,goal,106,1.0,1.0,0.0,0.0,0.0,0.0,0.0,0.0,0.0,0.0,3.4483351707458496,0.0,-1.0,9.023625373840332,0.15076228976249695,,0,-1
final,159912,ppo_rev12_114505,492,goal,120,1.0,1.0,0.0,0.0,0.0,0.0,0.0,0.0,0.0,0.0,1.3892602920532227,0.0,-1.0,8.879026412963867,0.1760946810245514,,0,-1
final,159912,ppo_rev12_114505,493,goal,45,1.0,1.0,0.0,0.0,0.0,0.0,0.0,0.0,0.0,0.0,nan,0.0,-1.0,3.4783339500427246,0.2650037109851837,,0,-1
final,159912,ppo_rev12_114505,494,goal,121,1.0,1.0,0.0,0.0,0.0,0.0,0.0,0.0,0.0,0.0,2.7211506366729736,0.0,0.42079800367355347,10.38090705871582,0.2092866599559784,,0,-1
final,159912,ppo_rev12_114505,495,goal,73,1.0,1.0,0.0,0.0,0.0,0.0,0.0,0.0,0.0,0.0,4.316017150878906,0.0,-1.0,5.9415130615234375,0.2971397638320923,,0,-1
final,159912,ppo_rev12_114505,496,goal,89,1.0,1.0,0.0,0.0,0.0,0.0,0.0,0.0,0.0,0.0,5.913945198059082,0.0,-1.0,9.484466552734375,0.222231924533844,,0,-1
final,159912,ppo_rev12_114505,497,goal,178,1.0,1.0,0.0,0.0,0.0,0.0,0.0,0.0,0.0,0.0,0.91133713722229,0.0,-0.6332119703292847,13.194442749023438,0.2889285087585449,,0,-1
final,159912,ppo_rev12_114505,498,goal,134,1.0,1.0,0.0,0.0,0.0,0.0,0.0,0.0,0.0,0.0,4.395914077758789,0.0,0.3057044744491577,12.86161994934082,0.2821236550807953,,0,-1
final,159912,ppo_rev12_114505,499,goal,76,1.0,1.0,0.0,0.0,0.0,0.0,0.0,0.0,0.0,0.0,4.590956687927246,0.0,-1.0,7.197561264038086,0.29091230034828186,,0,-1
final,159912,ppo_rev12_114505,500,goal,76,1.0,1.0,0.0,0.0,0.0,0.0,0.0,0.0,0.0,0.0,5.6106858253479,0.0,-1.0,7.4906158447265625,0.2983108162879944,,0,-1
final,159912,ppo_rev12_114505,501,goal,70,1.0,1.0,0.0,0.0,0.0,0.0,0.0,0.0,0.0,0.0,4.454585552215576,0.0,-0.534824013710022,5.321559429168701,0.2964685261249542,,0,-1
final,159912,ppo_rev12_114505,502,goal,89,1.0,1.0,0.0,0.0,0.0,0.0,0.0,0.0,0.0,0.0,5.205807209014893,0.0,-0.04076409339904785,8.082551002502441,0.2984492778778076,,0,-1
final,159912,ppo_rev12_114505,503,goal,67,1.0,1.0,0.0,0.0,0.0,0.0,0.0,0.0,0.0,0.0,4.483034133911133,0.0,-0.10534298419952393,6.013340950012207,0.2999943494796753,,0,-1
final,159912,ppo_rev12_114505,504,goal,83,1.0,1.0,0.0,0.0,0.0,0.0,0.0,0.0,0.0,0.0,5.506417274475098,0.0,-1.0,8.330587387084961,0.2821217477321625,,0,-1
final,159912,ppo_rev12_114505,505,goal,71,1.0,1.0,0.0,0.0,0.0,0.0,0.0,0.0,0.0,0.0,4.1818766593933105,0.0,-0.5694648027420044,5.045572280883789,0.20310702919960022,,0,-1
final,159912,ppo_rev12_114505,506,goal,76,1.0,1.0,0.0,0.0,0.0,0.0,0.0,0.0,0.0,0.0,4.217540264129639,0.0,-1.0,7.08274507522583,0.2911425232887268,,0,-1
final,159912,ppo_rev12_114505,507,goal,97,1.0,1.0,0.0,0.0,0.0,0.0,0.0,0.0,0.0,0.0,5.360171318054199,0.0,-1.0,10.491994857788086,0.12729494273662567,,0,-1
final,159912,ppo_rev12_114505,508,goal,39,1.0,1.0,0.0,0.0,0.0,0.0,0.0,0.0,0.0,0.0,nan,0.0,-1.0,3.5314536094665527,0.2299746423959732,,0,-1
final,159912,ppo_rev12_114505,509,goal,112,1.0,1.0,0.0,0.0,0.0,0.0,0.0,0.0,0.0,0.0,4.122608661651611,0.0,-1.0,11.07885456085205,0.29330602288246155,,0,-1
final,159912,ppo_rev12_114505,510,goal,50,1.0,1.0,0.0,0.0,0.0,0.0,0.0,0.0,0.0,0.0,nan,0.0,-0.9326646327972412,2.876296043395996,0.24723120033740997,,0,-1
final,159912,ppo_rev12_114505,511,goal,88,1.0,1.0,0.0,0.0,0.0,0.0,0.0,0.0,0.0,0.0,4.09025239944458,0.0,0.08646512031555176,7.552846908569336,0.28676265478134155,,0,-1
final,159912,ppo_rev12_114505,512,goal,177,1.0,1.0,0.0,0.0,0.0,0.0,0.0,0.0,0.0,0.005649717514124294,1.0818496942520142,0.0,0.538244366645813,12.134796142578125,0.24622991681098938,,0,-1
final,159912,ppo_rev12_114505,513,goal,169,1.0,1.0,0.0,0.0,0.0,0.0,0.0,0.0,0.0,0.005917159763313609,4.064096927642822,0.0,-0.06400871276855469,16.891368865966797,0.23152603209018707,,0,-1
final,159912,ppo_rev12_114505,514,goal,77,1.0,1.0,0.0,0.0,0.0,0.0,0.0,0.0,0.0,0.0,5.97678279876709,0.0,-1.0,7.824560165405273,0.29144012928009033,,0,-1
final,159912,ppo_rev12_114505,515,goal,89,1.0,1.0,0.0,0.0,0.0,0.0,0.0,0.0,0.0,0.0,5.572324752807617,0.0,-1.0,8.470402717590332,0.23913291096687317,,0,-1
final,159912,ppo_rev12_114505,516,goal,67,1.0,1.0,0.0,0.0,0.0,0.0,0.0,0.0,0.0,0.0,6.032220363616943,0.0,-1.0,7.160107612609863,0.24566565454006195,,0,-1
final,159912,ppo_rev12_114505,517,collision,9,-2.0,0.0,1.0,0.0,0.0,0.0,0.0,0.0,0.0,0.0,nan,0.0,1.0,0.3428589105606079,nan,obstacle,0,-1
final,159912,ppo_rev12_114505,518,goal,107,1.0,1.0,0.0,0.0,0.0,0.0,0.0,0.0,0.0,0.0,2.4548864364624023,0.0,-1.0,6.818504810333252,0.27827131748199463,,0,-1
final,159912,ppo_rev12_114505,519,goal,116,1.0,1.0,0.0,0.0,0.0,0.0,0.0,0.0,0.0,0.0,3.2454471588134766,0.0,-0.16263258457183838,10.364336013793945,0.29712241888046265,,0,-1
final,159912,ppo_rev12_114505,520,goal,98,1.0,1.0,0.0,0.0,0.0,0.0,0.0,0.0,0.0,0.0,4.325207233428955,0.0,-0.8259695768356323,9.422121047973633,0.23078858852386475,,0,-1
final,159912,ppo_rev12_114505,521,goal,42,1.0,1.0,0.0,0.0,0.0,0.0,0.0,0.0,0.0,0.0,nan,0.0,-1.0,2.4503417015075684,0.12400192022323608,,0,-1
final,159912,ppo_rev12_114505,522,goal,67,1.0,1.0,0.0,0.0,0.0,0.0,0.0,0.0,0.0,0.0,5.8420915603637695,0.0,-1.0,6.303525924682617,0.2777879238128662,,0,-1
final,159912,ppo_rev12_114505,523,goal,55,1.0,1.0,0.0,0.0,0.0,0.0,0.0,0.0,0.0,0.0,nan,0.0,-1.0,5.057639122009277,0.22072671353816986,,0,-1
final,159912,ppo_rev12_114505,524,stuck,120,-1.0,0.0,0.0,0.0,1.0,0.0,0.0,0.0,0.0,0.0,0.013094994239509106,0.0,-1.0,6.681622505187988,nan,,0,-1
final,159912,ppo_rev12_114505,525,goal,61,1.0,1.0,0.0,0.0,0.0,0.0,0.0,0.0,0.0,0.0,5.933552265167236,0.0,-1.0,6.384353160858154,0.2613714635372162,,0,-1
final,159912,ppo_rev12_114505,526,goal,52,1.0,1.0,0.0,0.0,0.0,0.0,0.0,0.0,0.0,0.0,nan,0.0,-0.5894323587417603,3.4100289344787598,0.2838214039802551,,0,-1
final,159912,ppo_rev12_114505,527,collision,56,-2.0,0.0,1.0,0.0,0.0,0.0,0.0,0.0,0.0,0.0,nan,0.0,1.0,4.723792552947998,nan,obstacle,0,-1
final,159912,ppo_rev12_114505,528,goal,99,1.0,1.0,0.0,0.0,0.0,0.0,0.0,0.0,0.0,0.0,3.927785873413086,0.0,-1.0,8.638940811157227,0.268483430147171,,0,-1
final,159912,ppo_rev12_114505,529,goal,106,1.0,1.0,0.0,0.0,0.0,0.0,0.0,0.0,0.0,0.0,1.6729227304458618,0.0,0.014851689338684082,6.558594226837158,0.18565119802951813,,0,-1
final,159912,ppo_rev12_114505,530,goal,107,1.0,1.0,0.0,0.0,0.0,0.0,0.0,0.0,0.0,0.0,3.409085273742676,0.0,-1.0,9.363494873046875,0.26222658157348633,,0,-1
final,159912,ppo_rev12_114505,531,goal,67,1.0,1.0,0.0,0.0,0.0,0.0,0.0,0.0,0.0,0.0,5.667948246002197,0.0,-1.0,6.544307708740234,0.17885123193264008,,0,-1
final,159912,ppo_rev12_114505,532,goal,64,1.0,1.0,0.0,0.0,0.0,0.0,0.0,0.0,0.0,0.0,5.404006481170654,0.0,-1.0,5.916342258453369,0.17902669310569763,,0,-1
final,159912,ppo_rev12_114505,533,goal,87,1.0,1.0,0.0,0.0,0.0,0.0,0.0,0.0,0.0,0.0,5.700559139251709,0.0,-1.0,9.033302307128906,0.2845362424850464,,0,-1
final,159912,ppo_rev12_114505,534,goal,52,1.0,1.0,0.0,0.0,0.0,0.0,0.0,0.0,0.0,0.0,nan,0.0,-1.0,4.243498802185059,0.2730552554130554,,0,-1
final,159912,ppo_rev12_114505,535,goal,60,1.0,1.0,0.0,0.0,0.0,0.0,0.0,0.0,0.0,0.0,4.889958381652832,0.0,-1.0,5.247162818908691,0.1954205334186554,,0,-1
final,159912,ppo_rev12_114505,536,goal,76,1.0,1.0,0.0,0.0,0.0,0.0,0.0,0.0,0.0,0.0,4.982790470123291,0.0,-0.6472073793411255,6.04278564453125,0.27533233165740967,,0,-1
final,159912,ppo_rev12_114505,537,goal,151,1.0,1.0,0.0,0.0,0.0,0.0,0.0,0.0,0.0,0.0,4.718624114990234,0.0,-0.3803372383117676,14.73473072052002,0.2963033616542816,,0,-1
final,159912,ppo_rev12_114505,538,goal,159,1.0,1.0,0.0,0.0,0.0,0.0,0.0,0.0,0.0,0.0,1.697481632232666,0.0,-1.0,13.558513641357422,0.26546332240104675,,0,-1
final,159912,ppo_rev12_114505,539,goal,85,1.0,1.0,0.0,0.0,0.0,0.0,0.0,0.0,0.0,0.0,4.902230739593506,0.0,-1.0,7.912424087524414,0.28781720995903015,,0,-1
final,159912,ppo_rev12_114505,540,goal,78,1.0,1.0,0.0,0.0,0.0,0.0,0.0,0.0,0.0,0.0,3.504488706588745,0.0,-0.32739341259002686,6.086818695068359,0.24207866191864014,,0,-1
final,159912,ppo_rev12_114505,541,timeout,200,-0.5,0.0,0.0,0.0,0.0,1.0,0.0,0.0,0.0,0.0,2.2426488399505615,0.0,0.04426264762878418,17.260414123535156,nan,,0,-1
final,159912,ppo_rev12_114505,542,goal,37,1.0,1.0,0.0,0.0,0.0,0.0,0.0,0.0,0.0,0.0,nan,0.0,-1.0,2.8530821800231934,0.15166980028152466,,0,-1
final,159912,ppo_rev12_114505,543,goal,49,1.0,1.0,0.0,0.0,0.0,0.0,0.0,0.0,0.0,0.0,nan,0.0,-1.0,4.239479064941406,0.25807252526283264,,0,-1
final,159912,ppo_rev12_114505,544,goal,67,1.0,1.0,0.0,0.0,0.0,0.0,0.0,0.0,0.0,0.0,5.308251857757568,0.0,-1.0,5.893918991088867,0.27020761370658875,,0,-1
final,159912,ppo_rev12_114505,545,goal,92,1.0,1.0,0.0,0.0,0.0,0.0,0.0,0.0,0.0,0.0,5.460258483886719,0.0,-0.9202580451965332,9.414926528930664,0.29904845356941223,,0,-1
final,159912,ppo_rev12_114505,546,goal,88,1.0,1.0,0.0,0.0,0.0,0.0,0.0,0.0,0.0,0.0,2.8525679111480713,0.0,-0.5068930387496948,6.157998085021973,0.26519960165023804,,0,-1
final,159912,ppo_rev12_114505,547,goal,90,1.0,1.0,0.0,0.0,0.0,0.0,0.0,0.0,0.0,0.0,5.6542744636535645,0.0,-1.0,9.630977630615234,0.21060217916965485,,0,-1
final,159912,ppo_rev12_114505,548,goal,91,1.0,1.0,0.0,0.0,0.0,0.0,0.0,0.0,0.0,0.0,2.3894331455230713,0.0,-1.0,6.779146194458008,0.2824423611164093,,0,-1
final,159912,ppo_rev12_114505,549,goal,114,1.0,1.0,0.0,0.0,0.0,0.0,0.0,0.0,0.0,0.0,2.9105136394500732,0.0,-0.8785892724990845,8.641946792602539,0.2742599546909332,,0,-1
final,159912,ppo_rev12_114505,550,goal,129,1.0,1.0,0.0,0.0,0.0,0.0,0.0,0.0,0.0,0.0,2.447882890701294,0.0,0.21547138690948486,10.087343215942383,0.2572857439517975,,0,-1
final,159912,ppo_rev12_114505,551,goal,104,1.0,1.0,0.0,0.0,0.0,0.0,0.0,0.0,0.0,0.0,2.546114921569824,0.0,-0.44589221477508545,7.1715288162231445,0.2716825008392334,,0,-1
final,159912,ppo_rev12_114505,552,collision,7,-2.0,0.0,1.0,0.0,0.0,0.0,0.0,0.0,0.0,0.0,nan,0.0,1.0,0.6803781986236572,nan,obstacle,0,-1
final,159912,ppo_rev12_114505,553,goal,45,1.0,1.0,0.0,0.0,0.0,0.0,0.0,0.0,0.0,0.0,nan,0.0,-0.8129037618637085,3.559175491333008,0.25876253843307495,,0,-1
final,159912,ppo_rev12_114505,554,goal,76,1.0,1.0,0.0,0.0,0.0,0.0,0.0,0.0,0.0,0.0,5.343515396118164,0.0,-1.0,7.76055908203125,0.22007648646831512,,0,-1
final,159912,ppo_rev12_114505,555,goal,61,1.0,1.0,0.0,0.0,0.0,0.0,0.0,0.0,0.0,0.0,4.465341091156006,0.0,-1.0,5.272760391235352,0.24885514378547668,,0,-1
final,159912,ppo_rev12_114505,556,goal,68,1.0,1.0,0.0,0.0,0.0,0.0,0.0,0.0,0.0,0.0,5.26625919342041,0.0,-1.0,6.213810920715332,0.19856278598308563,,0,-1
final,159912,ppo_rev12_114505,557,goal,65,1.0,1.0,0.0,0.0,0.0,0.0,0.0,0.0,0.0,0.0,3.102597713470459,0.0,-1.0,4.939947128295898,0.24438275396823883,,0,-1
final,159912,ppo_rev12_114505,558,goal,65,1.0,1.0,0.0,0.0,0.0,0.0,0.0,0.0,0.0,0.0,5.566136360168457,0.0,-1.0,6.170248508453369,0.2920549809932709,,0,-1
final,159912,ppo_rev12_114505,559,goal,45,1.0,1.0,0.0,0.0,0.0,0.0,0.0,0.0,0.0,0.0,nan,0.0,-1.0,3.192378282546997,0.27199164032936096,,0,-1
final,159912,ppo_rev12_114505,560,goal,53,1.0,1.0,0.0,0.0,0.0,0.0,0.0,0.0,0.0,0.0,nan,0.0,-0.12759673595428467,5.268292427062988,0.18743695318698883,,0,-1
final,159912,ppo_rev12_114505,561,goal,73,1.0,1.0,0.0,0.0,0.0,0.0,0.0,0.0,0.0,0.0,4.2283430099487305,0.0,-1.0,5.234247207641602,0.2487388551235199,,0,-1
final,159912,ppo_rev12_114505,562,goal,106,1.0,1.0,0.0,0.0,0.0,0.0,0.0,0.0,0.0,0.0,4.542619228363037,0.0,-1.0,10.616044998168945,0.2625526785850525,,0,-1
final,159912,ppo_rev12_114505,563,goal,89,1.0,1.0,0.0,0.0,0.0,0.0,0.0,0.0,0.0,0.0,3.9845175743103027,0.0,-0.27180325984954834,7.892673969268799,0.2680915296077728,,0,-1
final,159912,ppo_rev12_114505,564,goal,103,1.0,1.0,0.0,0.0,0.0,0.0,0.0,0.0,0.0,0.0,2.888777494430542,0.0,0.4524751305580139,6.459416389465332,0.28017669916152954,,0,-1
final,159912,ppo_rev12_114505,565,goal,94,1.0,1.0,0.0,0.0,0.0,0.0,0.0,0.0,0.0,0.0,4.698731422424316,0.0,-1.0,8.521900177001953,0.2038450390100479,,0,-1
final,159912,ppo_rev12_114505,566,goal,87,1.0,1.0,0.0,0.0,0.0,0.0,0.0,0.0,0.0,0.0,4.8183393478393555,0.0,-1.0,8.861732482910156,0.2995583713054657,,0,-1
final,159912,ppo_rev12_114505,567,goal,79,1.0,1.0,0.0,0.0,0.0,0.0,0.0,0.0,0.0,0.0,5.506554126739502,0.0,-1.0,7.542586803436279,0.28172868490219116,,0,-1
final,159912,ppo_rev12_114505,568,goal,50,1.0,1.0,0.0,0.0,0.0,0.0,0.0,0.0,0.0,0.0,nan,0.0,-0.5959314107894897,3.9982900619506836,0.2597302198410034,,0,-1
final,159912,ppo_rev12_114505,569,goal,71,1.0,1.0,0.0,0.0,0.0,0.0,0.0,0.0,0.0,0.0,5.733354568481445,0.0,-1.0,6.351299285888672,0.22338229417800903,,0,-1
final,159912,ppo_rev12_114505,570,goal,148,1.0,1.0,0.0,0.0,0.0,0.0,0.0,0.0,0.0,0.0,4.163459777832031,0.0,-1.0,15.57127857208252,0.27060753107070923,,0,-1
final,159912,ppo_rev12_114505,571,goal,77,1.0,1.0,0.0,0.0,0.0,0.0,0.0,0.0,0.0,0.0,3.1838924884796143,0.0,0.6965096592903137,5.195088863372803,0.2458600103855133,,0,-1
final,159912,ppo_rev12_114505,572,timeout,200,-0.5,0.0,0.0,0.0,0.0,1.0,0.0,0.0,0.0,0.0,0.6520413756370544,0.0,-0.033863067626953125,13.575212478637695,nan,,0,-1
final,159912,ppo_rev12_114505,573,goal,139,1.0,1.0,0.0,0.0,0.0,0.0,0.0,0.0,0.0,0.0,3.557861328125,0.0,-0.18107736110687256,13.72860050201416,0.29670852422714233,,0,-1
final,159912,ppo_rev12_114505,574,collision,27,-2.0,0.0,1.0,0.0,0.0,0.0,0.0,0.0,0.0,0.0,nan,0.0,1.0,2.919609308242798,nan,obstacle,0,-1
final,159912,ppo_rev12_114505,575,collision,130,-2.0,0.0,1.0,0.0,0.0,0.0,0.0,0.0,0.0,0.0,2.5532686710357666,0.0,1.0,12.057538986206055,nan,obstacle,0,-1
final,159912,ppo_rev12_114505,576,goal,117,1.0,1.0,0.0,0.0,0.0,0.0,0.0,0.0,0.0,0.0,3.688265800476074,0.0,-1.0,10.77430248260498,0.25067758560180664,,0,-1
final,159912,ppo_rev12_114505,577,goal,66,1.0,1.0,0.0,0.0,0.0,0.0,0.0,0.0,0.0,0.0,4.084730625152588,0.0,-1.0,5.624608039855957,0.26520800590515137,,0,-1
final,159912,ppo_rev12_114505,578,goal,70,1.0,1.0,0.0,0.0,0.0,0.0,0.0,0.0,0.0,0.0,5.59975528717041,0.0,-1.0,6.691690444946289,0.25762200355529785,,0,-1
final,159912,ppo_rev12_114505,579,goal,41,1.0,1.0,0.0,0.0,0.0,0.0,0.0,0.0,0.0,0.0,nan,0.0,-1.0,3.146515130996704,0.27327054738998413,,0,-1
final,159912,ppo_rev12_114505,580,goal,46,1.0,1.0,0.0,0.0,0.0,0.0,0.0,0.0,0.0,0.0,nan,0.0,-1.0,4.385573387145996,0.2083878219127655,,0,-1
final,159912,ppo_rev12_114505,581,goal,171,1.0,1.0,0.0,0.0,0.0,0.0,0.0,0.0,0.0,0.0,1.8401527404785156,0.0,-0.37175989151000977,14.996850967407227,0.2796272039413452,,0,-1
final,159912,ppo_rev12_114505,582,goal,80,1.0,1.0,0.0,0.0,0.0,0.0,0.0,0.0,0.0,0.0,5.641699314117432,0.0,-1.0,8.831153869628906,0.2215050607919693,,0,-1
final,159912,ppo_rev12_114505,583,goal,119,1.0,1.0,0.0,0.0,0.0,0.0,0.0,0.0,0.0,0.0,3.0608537197113037,0.0,-0.5940704345703125,9.358428955078125,0.2942934036254883,,0,-1
final,159912,ppo_rev12_114505,584,goal,58,1.0,1.0,0.0,0.0,0.0,0.0,0.0,0.0,0.0,0.0,nan,0.0,-0.5357319116592407,5.518082618713379,0.2704349756240845,,0,-1
final,159912,ppo_rev12_114505,585,goal,83,1.0,1.0,0.0,0.0,0.0,0.0,0.0,0.0,0.0,0.0,5.218536376953125,0.0,-1.0,7.3661580085754395,0.09855695813894272,,0,-1
final,159912,ppo_rev12_114505,586,goal,101,1.0,1.0,0.0,0.0,0.0,0.0,0.0,0.0,0.0,0.0,4.920969486236572,0.0,-0.832608699798584,9.793416976928711,0.27573904395103455,,0,-1
final,159912,ppo_rev12_114505,587,goal,74,1.0,1.0,0.0,0.0,0.0,0.0,0.0,0.0,0.0,0.0,5.38563346862793,0.0,-0.18062520027160645,7.3157854080200195,0.2814909517765045,,0,-1
final,159912,ppo_rev12_114505,588,goal,57,1.0,1.0,0.0,0.0,0.0,0.0,0.0,0.0,0.0,0.0,nan,0.0,-1.0,4.2279863357543945,0.2661292552947998,,0,-1
final,159912,ppo_rev12_114505,589,goal,43,1.0,1.0,0.0,0.0,0.0,0.0,0.0,0.0,0.0,0.0,nan,0.0,-1.0,2.988713026046753,0.2793455421924591,,0,-1
final,159912,ppo_rev12_114505,590,goal,113,1.0,1.0,0.0,0.0,0.0,0.0,0.0,0.0,0.0,0.0,1.7879927158355713,0.0,0.03504300117492676,7.899818420410156,0.29039686918258667,,0,-1
final,159912,ppo_rev12_114505,591,goal,114,1.0,1.0,0.0,0.0,0.0,0.0,0.0,0.0,0.0,0.0,4.688568115234375,0.0,-0.25033652782440186,10.419275283813477,0.18623702228069305,,0,-1
final,159912,ppo_rev12_114505,592,goal,88,1.0,1.0,0.0,0.0,0.0,0.0,0.0,0.0,0.0,0.0,1.9224871397018433,0.0,0.38413411378860474,4.296625137329102,0.2635209262371063,,0,-1
final,159912,ppo_rev12_114505,593,goal,102,1.0,1.0,0.0,0.0,0.0,0.0,0.0,0.0,0.0,0.0,3.227511405944824,0.0,-0.2677192687988281,9.264545440673828,0.2924956679344177,,0,-1
final,159912,ppo_rev12_114505,594,goal,64,1.0,1.0,0.0,0.0,0.0,0.0,0.0,0.0,0.0,0.0,4.8252272605896,0.0,-1.0,5.904809474945068,0.2830961346626282,,0,-1
final,159912,ppo_rev12_114505,595,goal,84,1.0,1.0,0.0,0.0,0.0,0.0,0.0,0.0,0.0,0.0,2.7705259323120117,0.0,-0.17156982421875,5.294878959655762,0.2563464939594269,,0,-1
final,159912,ppo_rev12_114505,596,goal,59,1.0,1.0,0.0,0.0,0.0,0.0,0.0,0.0,0.0,0.0,nan,0.0,-0.9643007516860962,5.336165428161621,0.28971317410469055,,0,-1
final,159912,ppo_rev12_114505,597,goal,55,1.0,1.0,0.0,0.0,0.0,0.0,0.0,0.0,0.0,0.0,nan,0.0,-1.0,4.217429161071777,0.2953163981437683,,0,-1
final,159912,ppo_rev12_114505,598,goal,71,1.0,1.0,0.0,0.0,0.0,0.0,0.0,0.0,0.0,0.0,2.803758144378662,0.0,-0.023870229721069336,4.092827796936035,0.2070443332195282,,0,-1
final,159912,ppo_rev12_114505,599,goal,70,1.0,1.0,0.0,0.0,0.0,0.0,0.0,0.0,0.0,0.0,3.103006362915039,0.0,-0.7360777854919434,4.058633327484131,0.1414962112903595,,0,-1
final,159912,ppo_rev12_114505,600,goal,67,1.0,1.0,0.0,0.0,0.0,0.0,0.0,0.0,0.0,0.0,4.455946922302246,0.0,-1.0,6.244913101196289,0.284123957157135,,0,-1
final,159912,ppo_rev12_114505,601,goal,97,1.0,1.0,0.0,0.0,0.0,0.0,0.0,0.0,0.0,0.0,3.6482784748077393,0.0,-1.0,9.234382629394531,0.2982570230960846,,0,-1
final,159912,ppo_rev12_114505,602,goal,76,1.0,1.0,0.0,0.0,0.0,0.0,0.0,0.0,0.0,0.0,6.059573173522949,0.0,-1.0,7.958510398864746,0.2936977744102478,,0,-1
final,159912,ppo_rev12_114505,603,goal,113,1.0,1.0,0.0,0.0,0.0,0.0,0.0,0.0,0.0,0.0,5.10768985748291,0.0,-1.0,11.859458923339844,0.2513536810874939,,0,-1
final,159912,ppo_rev12_114505,604,goal,119,1.0,1.0,0.0,0.0,0.0,0.0,0.0,0.0,0.0,0.008403361344537815,4.7483015060424805,0.0,-1.0,11.93720531463623,0.23901954293251038,,0,-1
final,159912,ppo_rev12_114505,605,goal,40,1.0,1.0,0.0,0.0,0.0,0.0,0.0,0.0,0.0,0.0,nan,0.0,-1.0,2.657020092010498,0.24834008514881134,,0,-1
final,159912,ppo_rev12_114505,606,goal,48,1.0,1.0,0.0,0.0,0.0,0.0,0.0,0.0,0.0,0.0,nan,0.0,-1.0,4.403404235839844,0.2708776295185089,,0,-1
final,159912,ppo_rev12_114505,607,collision,5,-2.0,0.0,1.0,0.0,0.0,0.0,0.0,0.0,0.0,0.0,nan,0.0,1.0,0.30182862281799316,nan,obstacle,0,-1
final,159912,ppo_rev12_114505,608,goal,190,1.0,1.0,0.0,0.0,0.0,0.0,0.0,0.0,0.0,0.0,2.6204330921173096,0.0,-0.1482706069946289,16.414306640625,0.27743715047836304,,0,-1
final,159912,ppo_rev12_114505,609,goal,37,1.0,1.0,0.0,0.0,0.0,0.0,0.0,0.0,0.0,0.0,nan,0.0,-1.0,2.010626792907715,0.27381670475006104,,0,-1
final,159912,ppo_rev12_114505,610,goal,63,1.0,1.0,0.0,0.0,0.0,0.0,0.0,0.0,0.0,0.0,3.65389084815979,0.0,-1.0,4.943133354187012,0.29231154918670654,,0,-1
final,159912,ppo_rev12_114505,611,goal,59,1.0,1.0,0.0,0.0,0.0,0.0,0.0,0.0,0.0,0.0,nan,0.0,-1.0,5.6040239334106445,0.27725669741630554,,0,-1
final,159912,ppo_rev12_114505,612,goal,110,1.0,1.0,0.0,0.0,0.0,0.0,0.0,0.0,0.0,0.0,3.874189853668213,0.0,-1.0,11.722058296203613,0.28817787766456604,,0,-1
final,159912,ppo_rev12_114505,613,goal,98,1.0,1.0,0.0,0.0,0.0,0.0,0.0,0.0,0.0,0.0,5.097003936767578,0.0,-0.29645824432373047,10.49284553527832,0.2719402611255646,,0,-1
final,159912,ppo_rev12_114505,614,timeout,200,-0.5,0.0,0.0,0.0,0.0,1.0,0.0,0.0,0.0,0.0,0.7546257376670837,0.0,-0.7720324993133545,14.187466621398926,nan,,0,-1
final,159912,ppo_rev12_114505,615,goal,139,1.0,1.0,0.0,0.0,0.0,0.0,0.0,0.0,0.0,0.0,4.472538948059082,0.0,-1.0,14.114876747131348,0.2794105112552643,,0,-1
final,159912,ppo_rev12_114505,616,goal,71,1.0,1.0,0.0,0.0,0.0,0.0,0.0,0.0,0.0,0.0,4.810959815979004,0.0,-1.0,7.33280611038208,0.25134310126304626,,0,-1
final,159912,ppo_rev12_114505,617,goal,166,1.0,1.0,0.0,0.0,0.0,0.0,0.0,0.0,0.0,0.0,1.3093010187149048,0.0,0.9874626994132996,9.655089378356934,0.2521559000015259,,0,-1
final,159912,ppo_rev12_114505,618,goal,95,1.0,1.0,0.0,0.0,0.0,0.0,0.0,0.0,0.0,0.0,4.83486270904541,0.0,-1.0,9.15672779083252,0.2962947189807892,,0,-1
final,159912,ppo_rev12_114505,619,goal,82,1.0,1.0,0.0,0.0,0.0,0.0,0.0,0.0,0.0,0.0,4.911427974700928,0.0,-0.8332767486572266,7.726774215698242,0.2989538908004761,,0,-1
final,159912,ppo_rev12_114505,620,goal,66,1.0,1.0,0.0,0.0,0.0,0.0,0.0,0.0,0.0,0.0,5.813723564147949,0.0,-1.0,6.653247833251953,0.21088802814483643,,0,-1
final,159912,ppo_rev12_114505,621,goal,73,1.0,1.0,0.0,0.0,0.0,0.0,0.0,0.0,0.0,0.0,5.091433525085449,0.0,-1.0,6.194430351257324,0.2757425904273987,,0,-1
final,159912,ppo_rev12_114505,622,goal,82,1.0,1.0,0.0,0.0,0.0,0.0,0.0,0.0,0.0,0.0,5.46998929977417,0.0,-1.0,8.071040153503418,0.1101142168045044,,0,-1
final,159912,ppo_rev12_114505,623,goal,86,1.0,1.0,0.0,0.0,0.0,0.0,0.0,0.0,0.0,0.0,4.589848518371582,0.0,-1.0,8.54661750793457,0.257217675447464,,0,-1
final,159912,ppo_rev12_114505,624,goal,64,1.0,1.0,0.0,0.0,0.0,0.0,0.0,0.0,0.0,0.0,4.43472957611084,0.0,-0.34746551513671875,5.630434513092041,0.2527264356613159,,0,-1
final,159912,ppo_rev12_114505,625,goal,86,1.0,1.0,0.0,0.0,0.0,0.0,0.0,0.0,0.0,0.0,5.459083080291748,0.0,0.7984532117843628,8.23733901977539,0.28852036595344543,,0,-1
final,159912,ppo_rev12_114505,626,goal,61,1.0,1.0,0.0,0.0,0.0,0.0,0.0,0.0,0.0,0.0,4.045137405395508,0.0,-1.0,5.000394821166992,0.2717377245426178,,0,-1
final,159912,ppo_rev12_114505,627,goal,88,1.0,1.0,0.0,0.0,0.0,0.0,0.0,0.0,0.0,0.0,5.2368083000183105,0.0,-1.0,8.9102201461792,0.22722935676574707,,0,-1
final,159912,ppo_rev12_114505,628,goal,88,1.0,1.0,0.0,0.0,0.0,0.0,0.0,0.0,0.0,0.0,5.6417555809021,0.0,-1.0,8.370064735412598,0.2702159285545349,,0,-1
final,159912,ppo_rev12_114505,629,goal,79,1.0,1.0,0.0,0.0,0.0,0.0,0.0,0.0,0.0,0.0,4.478704929351807,0.0,0.16515040397644043,6.67944860458374,0.1623963564634323,,0,-1
final,159912,ppo_rev12_114505,630,timeout,200,-0.5,0.0,0.0,0.0,0.0,1.0,0.0,0.0,0.0,0.0,1.518344759941101,0.0,0.10109758377075195,14.536552429199219,nan,,0,-1
final,159912,ppo_rev12_114505,631,goal,86,1.0,1.0,0.0,0.0,0.0,0.0,0.0,0.0,0.0,0.0,6.110846519470215,0.0,-1.0,9.281512260437012,0.23380231857299805,,0,-1
final,159912,ppo_rev12_114505,632,goal,138,1.0,1.0,0.0,0.0,0.0,0.0,0.0,0.0,0.0,0.0,5.126470565795898,0.0,-0.563275933265686,14.692657470703125,0.2316460907459259,,0,-1
final,159912,ppo_rev12_114505,633,goal,113,1.0,1.0,0.0,0.0,0.0,0.0,0.0,0.0,0.0,0.0,4.569120407104492,0.0,-1.0,11.54273796081543,0.29142725467681885,,0,-1
final,159912,ppo_rev12_114505,634,goal,76,1.0,1.0,0.0,0.0,0.0,0.0,0.0,0.0,0.0,0.0,4.440529823303223,0.0,-1.0,8.432708740234375,0.16554918885231018,,0,-1
final,159912,ppo_rev12_114505,635,goal,134,1.0,1.0,0.0,0.0,0.0,0.0,0.0,0.0,0.0,0.0,1.270141363143921,0.0,0.6747565269470215,7.6417317390441895,0.2801038920879364,,0,-1
final,159912,ppo_rev12_114505,636,goal,47,1.0,1.0,0.0,0.0,0.0,0.0,0.0,0.0,0.0,0.0,nan,0.0,-1.0,3.7171950340270996,0.2929740250110626,,0,-1
final,159912,ppo_rev12_114505,637,goal,81,1.0,1.0,0.0,0.0,0.0,0.0,0.0,0.0,0.0,0.0,3.575989007949829,0.0,-1.0,7.60714054107666,0.2552233040332794,,0,-1
final,159912,ppo_rev12_114505,638,goal,59,1.0,1.0,0.0,0.0,0.0,0.0,0.0,0.0,0.0,0.0,nan,0.0,-1.0,5.792177200317383,0.2914799153804779,,0,-1
final,159912,ppo_rev12_114505,639,goal,59,1.0,1.0,0.0,0.0,0.0,0.0,0.0,0.0,0.0,0.0,nan,0.0,-1.0,6.042625427246094,0.27403658628463745,,0,-1
final,159912,ppo_rev12_114505,640,goal,79,1.0,1.0,0.0,0.0,0.0,0.0,0.0,0.0,0.0,0.0,5.674091339111328,0.0,-1.0,8.191934585571289,0.2925255596637726,,0,-1
final,159912,ppo_rev12_114505,641,goal,176,1.0,1.0,0.0,0.0,0.0,0.0,0.0,0.0,0.0,0.0,3.6404242515563965,0.0,-1.0,18.369672775268555,0.26747947931289673,,0,-1
final,159912,ppo_rev12_114505,642,goal,133,1.0,1.0,0.0,0.0,0.0,0.0,0.0,0.0,0.0,0.0,2.997657299041748,0.0,-1.0,11.568344116210938,0.27530306577682495,,0,-1
final,159912,ppo_rev12_114505,643,goal,74,1.0,1.0,0.0,0.0,0.0,0.0,0.0,0.0,0.0,0.0,5.789090633392334,0.0,-1.0,6.991304397583008,0.29496100544929504,,0,-1
final,159912,ppo_rev12_114505,644,goal,103,1.0,1.0,0.0,0.0,0.0,0.0,0.0,0.0,0.0,0.0,5.660558700561523,0.0,-1.0,11.715044021606445,0.28672391176223755,,0,-1
final,159912,ppo_rev12_114505,645,goal,57,1.0,1.0,0.0,0.0,0.0,0.0,0.0,0.0,0.0,0.0,nan,0.0,-1.0,5.289204120635986,0.29358839988708496,,0,-1
final,159912,ppo_rev12_114505,646,goal,68,1.0,1.0,0.0,0.0,0.0,0.0,0.0,0.0,0.0,0.0,4.172708511352539,0.0,-0.038763999938964844,5.361534595489502,0.2567344009876251,,0,-1
final,159912,ppo_rev12_114505,647,goal,89,1.0,1.0,0.0,0.0,0.0,0.0,0.0,0.0,0.0,0.0,4.721148490905762,0.0,-0.8192813396453857,7.790020942687988,0.29910406470298767,,0,-1
final,159912,ppo_rev12_114505,648,goal,96,1.0,1.0,0.0,0.0,0.0,0.0,0.0,0.0,0.0,0.010416666666666666,5.648614406585693,0.0,-1.0,9.94047737121582,0.12749779224395752,,0,-1
final,159912,ppo_rev12_114505,649,goal,74,1.0,1.0,0.0,0.0,0.0,0.0,0.0,0.0,0.0,0.0,4.196501731872559,0.0,-1.0,5.732568264007568,0.2740219235420227,,0,-1
final,159912,ppo_rev12_114505,650,goal,73,1.0,1.0,0.0,0.0,0.0,0.0,0.0,0.0,0.0,0.0,5.571153163909912,0.0,-1.0,6.49643611907959,0.25517353415489197,,0,-1
final,159912,ppo_rev12_114505,651,goal,90,1.0,1.0,0.0,0.0,0.0,0.0,0.0,0.0,0.0,0.0,4.655148983001709,0.0,-1.0,8.395458221435547,0.2742884159088135,,0,-1
final,159912,ppo_rev12_114505,652,goal,59,1.0,1.0,0.0,0.0,0.0,0.0,0.0,0.0,0.0,0.0,nan,0.0,-1.0,5.177555561065674,0.284113347530365,,0,-1
final,159912,ppo_rev12_114505,653,goal,109,1.0,1.0,0.0,0.0,0.0,0.0,0.0,0.0,0.0,0.0,2.9972944259643555,0.0,-0.5711866617202759,9.910682678222656,0.2733128070831299,,0,-1
final,159912,ppo_rev12_114505,654,goal,69,1.0,1.0,0.0,0.0,0.0,0.0,0.0,0.0,0.0,0.0,4.981758117675781,0.0,-0.30805718898773193,6.201992988586426,0.17548884451389313,,0,-1
final,159912,ppo_rev12_114505,655,goal,79,1.0,1.0,0.0,0.0,0.0,0.0,0.0,0.0,0.0,0.0,5.36508846282959,0.0,-1.0,7.49831485748291,0.16659632325172424,,0,-1
final,159912,ppo_rev12_114505,656,goal,89,1.0,1.0,0.0,0.0,0.0,0.0,0.0,0.0,0.0,0.0,5.484900951385498,0.0,-1.0,9.060758590698242,0.16377994418144226,,0,-1
final,159912,ppo_rev12_114505,657,goal,64,1.0,1.0,0.0,0.0,0.0,0.0,0.0,0.0,0.0,0.0,2.5626349449157715,0.0,-0.28974342346191406,4.463968276977539,0.29612505435943604,,0,-1
final,159912,ppo_rev12_114505,658,collision,8,-2.0,0.0,1.0,0.0,0.0,0.0,0.0,0.0,0.0,0.0,nan,0.0,1.0,0.6925567388534546,nan,obstacle,0,-1
final,159912,ppo_rev12_114505,659,goal,59,1.0,1.0,0.0,0.0,0.0,0.0,0.0,0.0,0.0,0.0,nan,0.0,-1.0,5.629330635070801,0.21782152354717255,,0,-1
final,159912,ppo_rev12_114505,660,goal,64,1.0,1.0,0.0,0.0,0.0,0.0,0.0,0.0,0.0,0.0,3.9022674560546875,0.0,-0.15414011478424072,5.343069553375244,0.2818989157676697,,0,-1
final,159912,ppo_rev12_114505,661,goal,49,1.0,1.0,0.0,0.0,0.0,0.0,0.0,0.0,0.0,0.0,nan,0.0,-1.0,4.092037677764893,0.2592075765132904,,0,-1
final,159912,ppo_rev12_114505,662,goal,122,1.0,1.0,0.0,0.0,0.0,0.0,0.0,0.0,0.0,0.0,1.993422508239746,0.0,-0.38342559337615967,9.684221267700195,0.295962393283844,,0,-1
final,159912,ppo_rev12_114505,663,goal,73,1.0,1.0,0.0,0.0,0.0,0.0,0.0,0.0,0.0,0.0,5.110820770263672,0.0,-1.0,6.362637042999268,0.27645793557167053,,0,-1
final,159912,ppo_rev12_114505,664,goal,43,1.0,1.0,0.0,0.0,0.0,0.0,0.0,0.0,0.0,0.0,nan,0.0,-1.0,3.773341655731201,0.199917271733284,,0,-1
final,159912,ppo_rev12_114505,665,goal,75,1.0,1.0,0.0,0.0,0.0,0.0,0.0,0.0,0.0,0.0,5.433139324188232,0.0,-1.0,7.51365852355957,0.18915116786956787,,0,-1
final,159912,ppo_rev12_114505,666,goal,66,1.0,1.0,0.0,0.0,0.0,0.0,0.0,0.0,0.0,0.0,4.854323387145996,0.0,-1.0,5.760242462158203,0.28152236342430115,,0,-1
final,159912,ppo_rev12_114505,667,goal,81,1.0,1.0,0.0,0.0,0.0,0.0,0.0,0.0,0.0,0.0,4.61825704574585,0.0,-1.0,7.339177131652832,0.25531503558158875,,0,-1
final,159912,ppo_rev12_114505,668,goal,186,1.0,1.0,0.0,0.0,0.0,0.0,0.0,0.0,0.0,0.0,0.17350444197654724,0.0,-0.2945256233215332,12.156371116638184,0.19088305532932281,,0,-1
final,159912,ppo_rev12_114505,669,goal,92,1.0,1.0,0.0,0.0,0.0,0.0,0.0,0.0,0.0,0.0,4.333474159240723,0.0,-1.0,8.211138725280762,0.2891990542411804,,0,-1
final,159912,ppo_rev12_114505,670,goal,91,1.0,1.0,0.0,0.0,0.0,0.0,0.0,0.0,0.0,0.0,2.7890007495880127,0.0,-0.14781761169433594,7.183508396148682,0.2925609052181244,,0,-1
final,159912,ppo_rev12_114505,671,goal,107,1.0,1.0,0.0,0.0,0.0,0.0,0.0,0.0,0.0,0.009345794392523364,4.541676998138428,0.0,-0.5941817760467529,10.039952278137207,0.28974679112434387,,0,-1
final,159912,ppo_rev12_114505,672,goal,64,1.0,1.0,0.0,0.0,0.0,0.0,0.0,0.0,0.0,0.0,5.543461322784424,0.0,-1.0,6.198515892028809,0.1659378707408905,,0,-1
final,159912,ppo_rev12_114505,673,goal,48,1.0,1.0,0.0,0.0,0.0,0.0,0.0,0.0,0.0,0.0,nan,0.0,-1.0,4.302375793457031,0.2815641164779663,,0,-1
final,159912,ppo_rev12_114505,674,goal,55,1.0,1.0,0.0,0.0,0.0,0.0,0.0,0.0,0.0,0.0,nan,0.0,-1.0,4.859450340270996,0.29068493843078613,,0,-1
final,159912,ppo_rev12_114505,675,goal,101,1.0,1.0,0.0,0.0,0.0,0.0,0.0,0.0,0.0,0.0,5.61418342590332,0.0,-0.781036376953125,10.867456436157227,0.12910357117652893,,0,-1
final,159912,ppo_rev12_114505,676,goal,91,1.0,1.0,0.0,0.0,0.0,0.0,0.0,0.0,0.0,0.0,4.857089519500732,0.0,0.3816208839416504,8.743501663208008,0.2243940532207489,,0,-1
final,159912,ppo_rev12_114505,677,goal,138,1.0,1.0,0.0,0.0,0.0,0.0,0.0,0.0,0.0,0.007246376811594203,1.63298761844635,0.0,0.5830048322677612,10.167510032653809,0.2956775426864624,,0,-1
final,159912,ppo_rev12_114505,678,goal,111,1.0,1.0,0.0,0.0,0.0,0.0,0.0,0.0,0.0,0.0,2.739835023880005,0.0,-0.09804832935333252,8.824892044067383,0.2820270359516144,,0,-1
final,159912,ppo_rev12_114505,679,goal,80,1.0,1.0,0.0,0.0,0.0,0.0,0.0,0.0,0.0,0.0,5.538516521453857,0.0,-1.0,7.917943000793457,0.2800235152244568,,0,-1
final,159912,ppo_rev12_114505,680,collision,38,-2.0,0.0,1.0,0.0,0.0,0.0,0.0,0.0,0.0,0.0,nan,0.0,1.0,3.672290802001953,nan,obstacle,0,-1
final,159912,ppo_rev12_114505,681,goal,43,1.0,1.0,0.0,0.0,0.0,0.0,0.0,0.0,0.0,0.0,nan,0.0,-0.4355292320251465,2.7247085571289062,0.294031023979187,,0,-1
final,159912,ppo_rev12_114505,682,goal,75,1.0,1.0,0.0,0.0,0.0,0.0,0.0,0.0,0.0,0.0,4.264554500579834,0.0,-1.0,6.168473720550537,0.2825310230255127,,0,-1
final,159912,ppo_rev12_114505,683,goal,154,1.0,1.0,0.0,0.0,0.0,0.0,0.0,0.0,0.0,0.0,2.238481283187866,0.0,-0.233343243598938,13.141066551208496,0.267606645822525,,0,-1
final,159912,ppo_rev12_114505,684,goal,152,1.0,1.0,0.0,0.0,0.0,0.0,0.0,0.0,0.0,0.0,2.7789719104766846,0.0,-0.8535492420196533,12.515107154846191,0.21572168171405792,,0,-1
final,159912,ppo_rev12_114505,685,timeout,200,-0.5,0.0,0.0,0.0,0.0,1.0,0.0,0.0,0.0,0.0,0.45822492241859436,0.0,0.5631054639816284,6.691659927368164,nan,,0,-1
final,159912,ppo_rev12_114505,686,goal,53,1.0,1.0,0.0,0.0,0.0,0.0,0.0,0.0,0.0,0.0,nan,0.0,-1.0,3.185859441757202,0.28286921977996826,,0,-1
final,159912,ppo_rev12_114505,687,goal,67,1.0,1.0,0.0,0.0,0.0,0.0,0.0,0.0,0.0,0.0,5.550412654876709,0.0,0.11525654792785645,5.88279390335083,0.2694915235042572,,0,-1
final,159912,ppo_rev12_114505,688,goal,110,1.0,1.0,0.0,0.0,0.0,0.0,0.0,0.0,0.0,0.0,4.510223388671875,0.0,0.13846880197525024,9.985819816589355,0.2777099609375,,0,-1
final,159912,ppo_rev12_114505,689,goal,100,1.0,1.0,0.0,0.0,0.0,0.0,0.0,0.0,0.0,0.0,5.333833694458008,0.0,-1.0,10.990885734558105,0.2726564109325409,,0,-1
final,159912,ppo_rev12_114505,690,goal,51,1.0,1.0,0.0,0.0,0.0,0.0,0.0,0.0,0.0,0.0,nan,0.0,-1.0,4.682794570922852,0.2989068627357483,,0,-1
final,159912,ppo_rev12_114505,691,goal,59,1.0,1.0,0.0,0.0,0.0,0.0,0.0,0.0,0.0,0.0,nan,0.0,0.9820969700813293,4.429560661315918,0.2637425661087036,,0,-1
final,159912,ppo_rev12_114505,692,goal,80,1.0,1.0,0.0,0.0,0.0,0.0,0.0,0.0,0.0,0.0,4.164037227630615,0.0,-1.0,7.05646276473999,0.26586106419563293,,0,-1
final,159912,ppo_rev12_114505,693,goal,92,1.0,1.0,0.0,0.0,0.0,0.0,0.0,0.0,0.0,0.0,4.505530834197998,0.0,-0.4995006322860718,8.554929733276367,0.2781373858451843,,0,-1
final,159912,ppo_rev12_114505,694,goal,56,1.0,1.0,0.0,0.0,0.0,0.0,0.0,0.0,0.0,0.0,nan,0.0,-0.4316072463989258,4.668471336364746,0.23983852565288544,,0,-1
final,159912,ppo_rev12_114505,695,goal,41,1.0,1.0,0.0,0.0,0.0,0.0,0.0,0.0,0.0,0.0,nan,0.0,-0.68195641040802,2.030911922454834,0.24807213246822357,,0,-1
final,159912,ppo_rev12_114505,696,goal,55,1.0,1.0,0.0,0.0,0.0,0.0,0.0,0.0,0.0,0.0,nan,0.0,-1.0,5.186200141906738,0.2561102509498596,,0,-1
final,159912,ppo_rev12_114505,697,goal,84,1.0,1.0,0.0,0.0,0.0,0.0,0.0,0.0,0.0,0.0,6.1882476806640625,0.0,-1.0,9.378100395202637,0.26660406589508057,,0,-1
final,159912,ppo_rev12_114505,698,goal,52,1.0,1.0,0.0,0.0,0.0,0.0,0.0,0.0,0.0,0.0,nan,0.0,-1.0,4.707442760467529,0.2831120789051056,,0,-1
final,159912,ppo_rev12_114505,699,goal,73,1.0,1.0,0.0,0.0,0.0,0.0,0.0,0.0,0.0,0.0,4.542075157165527,0.0,-0.34525954723358154,5.5553975105285645,0.22438621520996094,,0,-1
final,159912,ppo_rev12_114505,700,goal,81,1.0,1.0,0.0,0.0,0.0,0.0,0.0,0.0,0.0,0.0,5.722522735595703,0.0,-1.0,7.651226997375488,0.2542954087257385,,0,-1
final,159912,ppo_rev12_114505,701,goal,104,1.0,1.0,0.0,0.0,0.0,0.0,0.0,0.0,0.0,0.0,4.408597469329834,0.0,-1.0,9.836494445800781,0.25643643736839294,,0,-1
final,159912,ppo_rev12_114505,702,collision,68,-2.0,0.0,1.0,0.0,0.0,0.0,0.0,0.0,0.0,0.0,5.333612442016602,0.0,1.0,8.27923583984375,nan,obstacle,0,-1
final,159912,ppo_rev12_114505,703,goal,163,1.0,1.0,0.0,0.0,0.0,0.0,0.0,0.0,0.0,0.0,4.277820587158203,0.0,0.6770119667053223,15.823139190673828,0.28498610854148865,,0,-1
final,159912,ppo_rev12_114505,704,goal,76,1.0,1.0,0.0,0.0,0.0,0.0,0.0,0.0,0.0,0.0,5.709145545959473,0.0,-1.0,7.619527816772461,0.291000634431839,,0,-1
final,159912,ppo_rev12_114505,705,goal,80,1.0,1.0,0.0,0.0,0.0,0.0,0.0,0.0,0.0,0.0,4.724926948547363,0.0,-0.12173676490783691,7.435538291931152,0.2543081045150757,,0,-1
final,159912,ppo_rev12_114505,706,collision,41,-2.0,0.0,1.0,0.0,0.0,0.0,0.0,0.0,0.0,0.0,nan,0.0,0.2219049334526062,3.4990994930267334,nan,band_upper,0,-1
final,159912,ppo_rev12_114505,707,goal,112,1.0,1.0,0.0,0.0,0.0,0.0,0.0,0.0,0.0,0.0,2.306046724319458,0.0,-0.1710205078125,7.983198165893555,0.12089988589286804,,0,-1
final,159912,ppo_rev12_114505,708,goal,43,1.0,1.0,0.0,0.0,0.0,0.0,0.0,0.0,0.0,0.0,nan,0.0,-1.0,2.6653966903686523,0.23704645037651062,,0,-1
final,159912,ppo_rev12_114505,709,goal,68,1.0,1.0,0.0,0.0,0.0,0.0,0.0,0.0,0.0,0.0,5.097643852233887,0.0,-0.6064449548721313,5.754607200622559,0.28746744990348816,,0,-1
final,159912,ppo_rev12_114505,710,goal,87,1.0,1.0,0.0,0.0,0.0,0.0,0.0,0.0,0.0,0.0,4.571056365966797,0.0,-0.28645968437194824,8.250244140625,0.08999598026275635,,0,-1
final,159912,ppo_rev12_114505,711,goal,93,1.0,1.0,0.0,0.0,0.0,0.0,0.0,0.0,0.0,0.0,4.21152925491333,0.0,-0.7959803342819214,7.69368314743042,0.29159319400787354,,0,-1
final,159912,ppo_rev12_114505,712,goal,50,1.0,1.0,0.0,0.0,0.0,0.0,0.0,0.0,0.0,0.0,nan,0.0,-0.6119160652160645,3.423130512237549,0.263077050447464,,0,-1
final,159912,ppo_rev12_114505,713,goal,87,1.0,1.0,0.0,0.0,0.0,0.0,0.0,0.0,0.0,0.0,5.268243789672852,0.0,-1.0,9.095537185668945,0.29498130083084106,,0,-1
final,159912,ppo_rev12_114505,714,goal,87,1.0,1.0,0.0,0.0,0.0,0.0,0.0,0.0,0.0,0.0,3.9582695960998535,0.0,-0.5394630432128906,7.1921772956848145,0.2974376976490021,,0,-1
final,159912,ppo_rev12_114505,715,goal,79,1.0,1.0,0.0,0.0,0.0,0.0,0.0,0.0,0.0,0.0,5.365901947021484,0.0,-1.0,8.08870792388916,0.29505404829978943,,0,-1
final,159912,ppo_rev12_114505,716,goal,63,1.0,1.0,0.0,0.0,0.0,0.0,0.0,0.0,0.0,0.0,4.036538600921631,0.0,-0.33574116230010986,4.708432197570801,0.2973348796367645,,0,-1
final,159912,ppo_rev12_114505,717,goal,91,1.0,1.0,0.0,0.0,0.0,0.0,0.0,0.0,0.0,0.0,4.388669967651367,0.0,-1.0,8.871246337890625,0.23799777030944824,,0,-1
final,159912,ppo_rev12_114505,718,goal,88,1.0,1.0,0.0,0.0,0.0,0.0,0.0,0.0,0.0,0.0,6.044785976409912,0.0,-1.0,9.406454086303711,0.2712866961956024,,0,-1
final,159912,ppo_rev12_114505,719,goal,60,1.0,1.0,0.0,0.0,0.0,0.0,0.0,0.0,0.0,0.0,5.608938694000244,0.0,-1.0,5.804059982299805,0.2481563836336136,,0,-1
final,159912,ppo_rev12_114505,720,goal,60,1.0,1.0,0.0,0.0,0.0,0.0,0.0,0.0,0.0,0.0,4.907463073730469,0.0,-1.0,5.535739421844482,0.2927553653717041,,0,-1
final,159912,ppo_rev12_114505,721,goal,129,1.0,1.0,0.0,0.0,0.0,0.0,0.0,0.0,0.0,0.0,3.3976316452026367,0.0,-1.0,11.128340721130371,0.24271118640899658,,0,-1
final,159912,ppo_rev12_114505,722,goal,65,1.0,1.0,0.0,0.0,0.0,0.0,0.0,0.0,0.0,0.0,5.096096992492676,0.0,-0.6712731122970581,5.882390975952148,0.2910476624965668,,0,-1
final,159912,ppo_rev12_114505,723,goal,101,1.0,1.0,0.0,0.0,0.0,0.0,0.0,0.0,0.0,0.0,2.280993700027466,0.0,0.2886321544647217,8.729331970214844,0.23369711637496948,,0,-1
final,159912,ppo_rev12_114505,724,goal,67,1.0,1.0,0.0,0.0,0.0,0.0,0.0,0.0,0.0,0.0,4.4581499099731445,0.0,-1.0,5.079347133636475,0.15599802136421204,,0,-1
final,159912,ppo_rev12_114505,725,goal,108,1.0,1.0,0.0,0.0,0.0,0.0,0.0,0.0,0.0,0.0,4.411108016967773,0.0,-1.0,10.17949104309082,0.27628257870674133,,0,-1
final,159912,ppo_rev12_114505,726,goal,90,1.0,1.0,0.0,0.0,0.0,0.0,0.0,0.0,0.0,0.0,3.3488082885742188,0.0,-0.20817530155181885,7.064907073974609,0.23918305337429047,,0,-1
final,159912,ppo_rev12_114505,727,goal,62,1.0,1.0,0.0,0.0,0.0,0.0,0.0,0.0,0.0,0.0,3.913656234741211,0.0,-0.006962776184082031,5.193755149841309,0.25781843066215515,,0,-1
final,159912,ppo_rev12_114505,728,collision,6,-2.0,0.0,1.0,0.0,0.0,0.0,0.0,0.0,0.0,0.0,nan,0.0,-1.0,0.377250611782074,nan,band_lower,0,-1
final,159912,ppo_rev12_114505,729,goal,173,1.0,1.0,0.0,0.0,0.0,0.0,0.0,0.0,0.0,0.0,4.504964828491211,0.0,-1.0,18.999670028686523,0.2800275981426239,,0,-1
final,159912,ppo_rev12_114505,730,goal,160,1.0,1.0,0.0,0.0,0.0,0.0,0.0,0.0,0.0,0.0,1.5180259943008423,0.0,-0.8533216714859009,10.914732933044434,0.27029210329055786,,0,-1
final,159912,ppo_rev12_114505,731,goal,72,1.0,1.0,0.0,0.0,0.0,0.0,0.0,0.0,0.0,0.0,5.113960266113281,0.0,-1.0,6.542954921722412,0.04525581747293472,,0,-1
final,159912,ppo_rev12_114505,732,goal,101,1.0,1.0,0.0,0.0,0.0,0.0,0.0,0.0,0.0,0.0,5.149460315704346,0.0,-1.0,10.323173522949219,0.26341357827186584,,0,-1
final,159912,ppo_rev12_114505,733,goal,87,1.0,1.0,0.0,0.0,0.0,0.0,0.0,0.0,0.0,0.034482758620689655,5.7458953857421875,0.0,-1.0,9.117517471313477,0.24725937843322754,,0,-1
final,159912,ppo_rev12_114505,734,goal,91,1.0,1.0,0.0,0.0,0.0,0.0,0.0,0.0,0.0,0.0,5.654661178588867,0.0,-1.0,9.401683807373047,0.24384228885173798,,0,-1
final,159912,ppo_rev12_114505,735,goal,106,1.0,1.0,0.0,0.0,0.0,0.0,0.0,0.0,0.0,0.0,4.356481552124023,0.0,-1.0,11.178849220275879,0.2777552306652069,,0,-1
final,159912,ppo_rev12_114505,736,goal,95,1.0,1.0,0.0,0.0,0.0,0.0,0.0,0.0,0.0,0.0,4.3897175788879395,0.0,-0.8213033676147461,8.605000495910645,0.10007219016551971,,0,-1
final,159912,ppo_rev12_114505,737,goal,70,1.0,1.0,0.0,0.0,0.0,0.0,0.0,0.0,0.0,0.0,5.329705238342285,0.0,-0.9766137599945068,6.1818976402282715,0.24974386394023895,,0,-1
final,159912,ppo_rev12_114505,738,goal,78,1.0,1.0,0.0,0.0,0.0,0.0,0.0,0.0,0.0,0.0,4.16062068939209,0.0,-1.0,7.348114967346191,0.2665742039680481,,0,-1
final,159912,ppo_rev12_114505,739,goal,87,1.0,1.0,0.0,0.0,0.0,0.0,0.0,0.0,0.0,0.0,2.531254768371582,0.0,-0.15859806537628174,5.856906890869141,0.26248353719711304,,0,-1
final,159912,ppo_rev12_114505,740,goal,195,1.0,1.0,0.0,0.0,0.0,0.0,0.0,0.0,0.0,0.0,1.9157178401947021,0.0,0.22465425729751587,12.553032875061035,0.2034997195005417,,0,-1
final,159912,ppo_rev12_114505,741,goal,99,1.0,1.0,0.0,0.0,0.0,0.0,0.0,0.0,0.0,0.0,4.751152038574219,0.0,-1.0,9.605993270874023,0.28988054394721985,,0,-1
final,159912,ppo_rev12_114505,742,goal,46,1.0,1.0,0.0,0.0,0.0,0.0,0.0,0.0,0.0,0.0,nan,0.0,-1.0,4.025023937225342,0.28519460558891296,,0,-1
final,159912,ppo_rev12_114505,743,goal,86,1.0,1.0,0.0,0.0,0.0,0.0,0.0,0.0,0.0,0.0,3.129800319671631,0.0,0.26697593927383423,5.812918186187744,0.2741312086582184,,0,-1
final,159912,ppo_rev12_114505,744,goal,166,1.0,1.0,0.0,0.0,0.0,0.0,0.0,0.0,0.0,0.0,3.3149971961975098,0.0,-0.28538990020751953,16.95789909362793,0.2865335941314697,,0,-1
final,159912,ppo_rev12_114505,745,goal,74,1.0,1.0,0.0,0.0,0.0,0.0,0.0,0.0,0.0,0.0,5.833235263824463,0.0,-1.0,7.010068416595459,0.29932913184165955,,0,-1
final,159912,ppo_rev12_114505,746,goal,56,1.0,1.0,0.0,0.0,0.0,0.0,0.0,0.0,0.0,0.0,nan,0.0,-1.0,5.185947418212891,0.29988914728164673,,0,-1
final,159912,ppo_rev12_114505,747,goal,153,1.0,1.0,0.0,0.0,0.0,0.0,0.0,0.0,0.0,0.013071895424836602,3.0282013416290283,0.0,-1.0,12.721393585205078,0.28649741411209106,,0,-1
final,159912,ppo_rev12_114505,748,goal,83,1.0,1.0,0.0,0.0,0.0,0.0,0.0,0.0,0.0,0.0,5.86380672454834,0.0,-1.0,8.385117530822754,0.26565900444984436,,0,-1
final,159912,ppo_rev12_114505,749,goal,66,1.0,1.0,0.0,0.0,0.0,0.0,0.0,0.0,0.0,0.0,5.744603633880615,0.0,-0.5197471380233765,6.362946510314941,0.28978896141052246,,0,-1
final,159912,ppo_rev12_114505,750,timeout,200,-0.5,0.0,0.0,0.0,0.0,1.0,0.0,0.0,0.0,0.0,0.46771401166915894,0.0,0.8543953895568848,9.593463897705078,nan,,0,-1
final,159912,ppo_rev12_114505,751,goal,42,1.0,1.0,0.0,0.0,0.0,0.0,0.0,0.0,0.0,0.0,nan,0.0,-1.0,2.701310396194458,0.29032477736473083,,0,-1
final,159912,ppo_rev12_114505,752,goal,106,1.0,1.0,0.0,0.0,0.0,0.0,0.0,0.0,0.0,0.0,4.7506794929504395,0.0,-1.0,10.019889831542969,0.29566463828086853,,0,-1
final,159912,ppo_rev12_114505,753,goal,47,1.0,1.0,0.0,0.0,0.0,0.0,0.0,0.0,0.0,0.0,nan,0.0,-0.9508981704711914,3.476963758468628,0.1981726586818695,,0,-1
final,159912,ppo_rev12_114505,754,goal,117,1.0,1.0,0.0,0.0,0.0,0.0,0.0,0.0,0.0,0.0,3.4105241298675537,0.0,-0.31477081775665283,10.118691444396973,0.2268224060535431,,0,-1
final,159912,ppo_rev12_114505,755,goal,99,1.0,1.0,0.0,0.0,0.0,0.0,0.0,0.0,0.0,0.0,1.9166967868804932,0.0,0.014581739902496338,5.989451885223389,0.2664772570133209,,0,-1
final,159912,ppo_rev12_114505,756,goal,71,1.0,1.0,0.0,0.0,0.0,0.0,0.0,0.0,0.0,0.0,4.480234622955322,0.0,-1.0,6.474084854125977,0.2830520272254944,,0,-1
final,159912,ppo_rev12_114505,757,goal,124,1.0,1.0,0.0,0.0,0.0,0.0,0.0,0.0,0.0,0.0,3.0323307514190674,0.0,-0.8112466335296631,11.290742874145508,0.2623697817325592,,0,-1
final,159912,ppo_rev12_114505,758,goal,84,1.0,1.0,0.0,0.0,0.0,0.0,0.0,0.0,0.0,0.0,3.553849697113037,0.0,-1.0,7.529452323913574,0.2999160885810852,,0,-1
final,159912,ppo_rev12_114505,759,goal,58,1.0,1.0,0.0,0.0,0.0,0.0,0.0,0.0,0.0,0.0,nan,0.0,-1.0,5.036489486694336,0.2695251405239105,,0,-1
final,159912,ppo_rev12_114505,760,goal,66,1.0,1.0,0.0,0.0,0.0,0.0,0.0,0.0,0.0,0.0,6.218094348907471,0.0,-1.0,6.643816947937012,0.2525003254413605,,0,-1
final,159912,ppo_rev12_114505,761,goal,68,1.0,1.0,0.0,0.0,0.0,0.0,0.0,0.0,0.0,0.0,5.662967681884766,0.0,-1.0,6.322061538696289,0.28739896416664124,,0,-1
final,159912,ppo_rev12_114505,762,goal,60,1.0,1.0,0.0,0.0,0.0,0.0,0.0,0.0,0.0,0.0,4.663504123687744,0.0,-1.0,5.121989727020264,0.040613871067762375,,0,-1
final,159912,ppo_rev12_114505,763,goal,102,1.0,1.0,0.0,0.0,0.0,0.0,0.0,0.0,0.0,0.0,4.1604132652282715,0.0,0.8581308722496033,10.892997741699219,0.22467632591724396,,0,-1
final,159912,ppo_rev12_114505,764,goal,164,1.0,1.0,0.0,0.0,0.0,0.0,0.0,0.0,0.0,0.0,1.6989166736602783,0.0,0.006760776042938232,11.112707138061523,0.21761949360370636,,0,-1
final,159912,ppo_rev12_114505,765,goal,167,1.0,1.0,0.0,0.0,0.0,0.0,0.0,0.0,0.0,0.0,2.8841304779052734,0.0,0.3688981533050537,14.763382911682129,0.28680309653282166,,0,-1
final,159912,ppo_rev12_114505,766,goal,121,1.0,1.0,0.0,0.0,0.0,0.0,0.0,0.0,0.0,0.0,4.579217433929443,0.0,-1.0,12.15130615234375,0.2793026864528656,,0,-1
final,159912,ppo_rev12_114505,767,goal,39,1.0,1.0,0.0,0.0,0.0,0.0,0.0,0.0,0.0,0.0,nan,0.0,-1.0,2.521198272705078,0.286041796207428,,0,-1
final,159912,ppo_rev12_114505,768,goal,87,1.0,1.0,0.0,0.0,0.0,0.0,0.0,0.0,0.0,0.0,5.222993850708008,0.0,-0.5203185081481934,7.904942035675049,0.23271097242832184,,0,-1
final,159912,ppo_rev12_114505,769,goal,72,1.0,1.0,0.0,0.0,0.0,0.0,0.0,0.0,0.0,0.0,5.23051118850708,0.0,-1.0,6.8765058517456055,0.2621426284313202,,0,-1
final,159912,ppo_rev12_114505,770,goal,58,1.0,1.0,0.0,0.0,0.0,0.0,0.0,0.0,0.0,0.0,nan,0.0,-1.0,4.355344772338867,0.14938685297966003,,0,-1
final,159912,ppo_rev12_114505,771,goal,106,1.0,1.0,0.0,0.0,0.0,0.0,0.0,0.0,0.0,0.0,2.5221762657165527,0.0,-1.0,9.6659574508667,0.2930248975753784,,0,-1
final,159912,ppo_rev12_114505,772,goal,54,1.0,1.0,0.0,0.0,0.0,0.0,0.0,0.0,0.0,0.0,nan,0.0,-1.0,4.455842971801758,0.2917340397834778,,0,-1
final,159912,ppo_rev12_114505,773,goal,58,1.0,1.0,0.0,0.0,0.0,0.0,0.0,0.0,0.0,0.0,nan,0.0,-1.0,5.836424350738525,0.2621307671070099,,0,-1
final,159912,ppo_rev12_114505,774,goal,77,1.0,1.0,0.0,0.0,0.0,0.0,0.0,0.0,0.0,0.0,4.539529323577881,0.0,-0.3505666255950928,5.933768272399902,0.2791394591331482,,0,-1
final,159912,ppo_rev12_114505,775,timeout,200,-0.5,0.0,0.0,0.0,0.0,1.0,0.0,0.0,0.0,0.0,0.6963173747062683,0.0,0.5761983394622803,16.31482696533203,nan,,0,-1
final,159912,ppo_rev12_114505,776,goal,94,1.0,1.0,0.0,0.0,0.0,0.0,0.0,0.0,0.0,0.0,4.137104034423828,0.0,0.0923393964767456,7.505770683288574,0.2964354455471039,,0,-1
final,159912,ppo_rev12_114505,777,timeout,200,-0.5,0.0,0.0,0.0,0.0,1.0,0.0,0.0,0.0,0.0,0.5659743547439575,0.0,0.6453686952590942,9.703149795532227,nan,,0,-1
final,159912,ppo_rev12_114505,778,goal,53,1.0,1.0,0.0,0.0,0.0,0.0,0.0,0.0,0.0,0.0,nan,0.0,-1.0,4.149056911468506,0.2723581790924072,,0,-1
final,159912,ppo_rev12_114505,779,goal,86,1.0,1.0,0.0,0.0,0.0,0.0,0.0,0.0,0.0,0.0,5.272375106811523,0.0,-0.706348180770874,8.878063201904297,0.2545843720436096,,0,-1
final,159912,ppo_rev12_114505,780,goal,86,1.0,1.0,0.0,0.0,0.0,0.0,0.0,0.0,0.0,0.0,5.616338729858398,0.0,-1.0,8.695310592651367,0.2837370038032532,,0,-1
final,159912,ppo_rev12_114505,781,goal,110,1.0,1.0,0.0,0.0,0.0,0.0,0.0,0.0,0.0,0.0,3.5524725914001465,0.0,-0.48092353343963623,9.655485153198242,0.2430781126022339,,0,-1
final,159912,ppo_rev12_114505,782,goal,94,1.0,1.0,0.0,0.0,0.0,0.0,0.0,0.0,0.0,0.0,3.4498209953308105,0.0,-1.0,9.126394271850586,0.24055157601833344,,0,-1
final,159912,ppo_rev12_114505,783,goal,59,1.0,1.0,0.0,0.0,0.0,0.0,0.0,0.0,0.0,0.0,nan,0.0,-1.0,5.505308151245117,0.286128431558609,,0,-1
final,159912,ppo_rev12_114505,784,goal,135,1.0,1.0,0.0,0.0,0.0,0.0,0.0,0.0,0.0,0.0,3.5592281818389893,0.0,-1.0,13.799149513244629,0.2861223518848419,,0,-1
final,159912,ppo_rev12_114505,785,goal,85,1.0,1.0,0.0,0.0,0.0,0.0,0.0,0.0,0.0,0.0,3.081120014190674,0.0,-0.44499027729034424,7.0248613357543945,0.29775357246398926,,0,-1
final,159912,ppo_rev12_114505,786,goal,65,1.0,1.0,0.0,0.0,0.0,0.0,0.0,0.0,0.0,0.0,6.018261909484863,0.0,-1.0,6.546478271484375,0.2290850728750229,,0,-1
final,159912,ppo_rev12_114505,787,goal,74,1.0,1.0,0.0,0.0,0.0,0.0,0.0,0.0,0.0,0.0,3.877641201019287,0.0,-1.0,6.178163528442383,0.2417127639055252,,0,-1
final,159912,ppo_rev12_114505,788,goal,101,1.0,1.0,0.0,0.0,0.0,0.0,0.0,0.0,0.0,0.0,3.109511137008667,0.0,0.23102784156799316,6.621678352355957,0.27830082178115845,,0,-1
final,159912,ppo_rev12_114505,789,goal,43,1.0,1.0,0.0,0.0,0.0,0.0,0.0,0.0,0.0,0.0,nan,0.0,-1.0,2.957091808319092,0.2741442620754242,,0,-1
final,159912,ppo_rev12_114505,790,goal,67,1.0,1.0,0.0,0.0,0.0,0.0,0.0,0.0,0.0,0.0,4.940951347351074,0.0,-1.0,5.7881364822387695,0.26262345910072327,,0,-1
final,159912,ppo_rev12_114505,791,goal,123,1.0,1.0,0.0,0.0,0.0,0.0,0.0,0.0,0.0,0.0,2.6258914470672607,0.0,-0.46051228046417236,8.470565795898438,0.188431054353714,,0,-1
final,159912,ppo_rev12_114505,792,goal,129,1.0,1.0,0.0,0.0,0.0,0.0,0.0,0.0,0.0,0.0,4.216578006744385,0.0,-1.0,13.073079109191895,0.29238468408584595,,0,-1
final,159912,ppo_rev12_114505,793,goal,45,1.0,1.0,0.0,0.0,0.0,0.0,0.0,0.0,0.0,0.0,nan,0.0,-0.4013015031814575,3.3516533374786377,0.28086337447166443,,0,-1
final,159912,ppo_rev12_114505,794,goal,90,1.0,1.0,0.0,0.0,0.0,0.0,0.0,0.0,0.0,0.0,2.7184271812438965,0.0,0.01213061809539795,7.5493950843811035,0.28487882018089294,,0,-1
final,159912,ppo_rev12_114505,795,goal,48,1.0,1.0,0.0,0.0,0.0,0.0,0.0,0.0,0.0,0.0,nan,0.0,-1.0,3.8627877235412598,0.22850488126277924,,0,-1
final,159912,ppo_rev12_114505,796,goal,65,1.0,1.0,0.0,0.0,0.0,0.0,0.0,0.0,0.0,0.0,4.8951544761657715,0.0,-1.0,5.973710060119629,0.26500338315963745,,0,-1
final,159912,ppo_rev12_114505,797,goal,71,1.0,1.0,0.0,0.0,0.0,0.0,0.0,0.0,0.0,0.0,5.280076503753662,0.0,-1.0,6.177429676055908,0.26295700669288635,,0,-1
final,159912,ppo_rev12_114505,798,goal,95,1.0,1.0,0.0,0.0,0.0,0.0,0.0,0.0,0.0,0.031578947368421054,4.746431350708008,0.0,-1.0,9.193338394165039,0.2915748655796051,,0,-1
final,159912,ppo_rev12_114505,799,goal,154,1.0,1.0,0.0,0.0,0.0,0.0,0.0,0.0,0.0,0.0,3.723973035812378,0.0,-0.45883285999298096,16.749610900878906,0.29228198528289795,,0,-1
final,159912,ppo_rev12_114505,800,goal,65,1.0,1.0,0.0,0.0,0.0,0.0,0.0,0.0,0.0,0.0,5.2105865478515625,0.0,-1.0,6.018039703369141,0.24020060896873474,,0,-1
final,159912,ppo_rev12_114505,801,goal,86,1.0,1.0,0.0,0.0,0.0,0.0,0.0,0.0,0.0,0.0,5.303155899047852,0.0,-0.9839403629302979,7.301724433898926,0.29646652936935425,,0,-1
final,159912,ppo_rev12_114505,802,goal,52,1.0,1.0,0.0,0.0,0.0,0.0,0.0,0.0,0.0,0.0,nan,0.0,-0.14634549617767334,3.750406503677368,0.23307597637176514,,0,-1
final,159912,ppo_rev12_114505,803,goal,104,1.0,1.0,0.0,0.0,0.0,0.0,0.0,0.0,0.0,0.0,5.162367820739746,0.0,-1.0,10.758523941040039,0.2955312430858612,,0,-1
final,159912,ppo_rev12_114505,804,goal,68,1.0,1.0,0.0,0.0,0.0,0.0,0.0,0.0,0.0,0.0,4.039816856384277,0.0,-0.9503229856491089,4.85524845123291,0.2791230082511902,,0,-1
final,159912,ppo_rev12_114505,805,goal,43,1.0,1.0,0.0,0.0,0.0,0.0,0.0,0.0,0.0,0.0,nan,0.0,-0.5076872110366821,3.2114596366882324,0.2811441123485565,,0,-1
final,159912,ppo_rev12_114505,806,goal,52,1.0,1.0,0.0,0.0,0.0,0.0,0.0,0.0,0.0,0.0,nan,0.0,0.07536309957504272,4.4136552810668945,0.2914884686470032,,0,-1
final,159912,ppo_rev12_114505,807,goal,80,1.0,1.0,0.0,0.0,0.0,0.0,0.0,0.0,0.0,0.0,3.0569097995758057,0.0,-0.19950127601623535,6.303874969482422,0.28015804290771484,,0,-1
final,159912,ppo_rev12_114505,808,goal,85,1.0,1.0,0.0,0.0,0.0,0.0,0.0,0.0,0.0,0.0,5.916513919830322,0.0,-1.0,8.639089584350586,0.2802196145057678,,0,-1
final,159912,ppo_rev12_114505,809,goal,95,1.0,1.0,0.0,0.0,0.0,0.0,0.0,0.0,0.0,0.0,4.183584213256836,0.0,-0.6749262809753418,8.22807788848877,0.2921903431415558,,0,-1
final,159912,ppo_rev12_114505,810,goal,59,1.0,1.0,0.0,0.0,0.0,0.0,0.0,0.0,0.0,0.0,nan,0.0,-0.7137714624404907,3.8938143253326416,0.2759590446949005,,0,-1
final,159912,ppo_rev12_114505,811,goal,44,1.0,1.0,0.0,0.0,0.0,0.0,0.0,0.0,0.0,0.0,nan,0.0,-0.6791136264801025,2.6600680351257324,0.28912225365638733,,0,-1
final,159912,ppo_rev12_114505,812,goal,80,1.0,1.0,0.0,0.0,0.0,0.0,0.0,0.0,0.0,0.0,4.555024147033691,0.0,-0.3767988681793213,7.5046844482421875,0.28296276926994324,,0,-1
final,159912,ppo_rev12_114505,813,goal,97,1.0,1.0,0.0,0.0,0.0,0.0,0.0,0.0,0.0,0.0,4.527120590209961,0.0,-1.0,8.283248901367188,0.2437833547592163,,0,-1
final,159912,ppo_rev12_114505,814,goal,108,1.0,1.0,0.0,0.0,0.0,0.0,0.0,0.0,0.0,0.0,1.5197104215621948,0.0,-1.0,6.198192596435547,0.28155577182769775,,0,-1
final,159912,ppo_rev12_114505,815,goal,69,1.0,1.0,0.0,0.0,0.0,0.0,0.0,0.0,0.0,0.0,3.0851871967315674,0.0,0.10962188243865967,4.774176597595215,0.24581903219223022,,0,-1
final,159912,ppo_rev12_114505,816,goal,66,1.0,1.0,0.0,0.0,0.0,0.0,0.0,0.0,0.0,0.0,5.852553844451904,0.0,-1.0,6.559932708740234,0.2740209996700287,,0,-1
final,159912,ppo_rev12_114505,817,goal,81,1.0,1.0,0.0,0.0,0.0,0.0,0.0,0.0,0.0,0.0,6.0851521492004395,0.0,-1.0,8.696200370788574,0.2997981309890747,,0,-1
final,159912,ppo_rev12_114505,818,goal,100,1.0,1.0,0.0,0.0,0.0,0.0,0.0,0.0,0.0,0.0,6.254683494567871,0.0,-0.060690879821777344,11.448369979858398,0.27152204513549805,,0,-1
final,159912,ppo_rev12_114505,819,goal,69,1.0,1.0,0.0,0.0,0.0,0.0,0.0,0.0,0.0,0.0,4.767424583435059,0.0,-1.0,6.340462684631348,0.2754971385002136,,0,-1
final,159912,ppo_rev12_114505,820,goal,146,1.0,1.0,0.0,0.0,0.0,0.0,0.0,0.0,0.0,0.0,0.9436166882514954,0.0,-0.2834433317184448,8.54613971710205,0.2947129011154175,,0,-1
final,159912,ppo_rev12_114505,821,goal,75,1.0,1.0,0.0,0.0,0.0,0.0,0.0,0.0,0.0,0.0,4.44188928604126,0.0,-1.0,7.395899772644043,0.29634416103363037,,0,-1
final,159912,ppo_rev12_114505,822,goal,90,1.0,1.0,0.0,0.0,0.0,0.0,0.0,0.0,0.0,0.0,4.251919746398926,0.0,-1.0,7.517581939697266,0.28109461069107056,,0,-1
final,159912,ppo_rev12_114505,823,goal,98,1.0,1.0,0.0,0.0,0.0,0.0,0.0,0.0,0.0,0.0,1.5669163465499878,0.0,0.8841299414634705,4.107257843017578,0.29033124446868896,,0,-1
final,159912,ppo_rev12_114505,824,goal,67,1.0,1.0,0.0,0.0,0.0,0.0,0.0,0.0,0.0,0.0,4.355343341827393,0.0,-1.0,5.864711284637451,0.20904448628425598,,0,-1
final,159912,ppo_rev12_114505,825,goal,45,1.0,1.0,0.0,0.0,0.0,0.0,0.0,0.0,0.0,0.0,nan,0.0,-0.7782390117645264,3.2256174087524414,0.22517532110214233,,0,-1
final,159912,ppo_rev12_114505,826,goal,65,1.0,1.0,0.0,0.0,0.0,0.0,0.0,0.0,0.0,0.0,6.232244491577148,0.0,-1.0,6.680055618286133,0.2896145284175873,,0,-1
final,159912,ppo_rev12_114505,827,goal,56,1.0,1.0,0.0,0.0,0.0,0.0,0.0,0.0,0.0,0.0,nan,0.0,-1.0,4.734229564666748,0.1960456222295761,,0,-1
final,159912,ppo_rev12_114505,828,goal,94,1.0,1.0,0.0,0.0,0.0,0.0,0.0,0.0,0.0,0.0,4.414902687072754,0.0,-0.5090491771697998,9.756210327148438,0.29739823937416077,,0,-1
final,159912,ppo_rev12_114505,829,goal,80,1.0,1.0,0.0,0.0,0.0,0.0,0.0,0.0,0.0,0.0,5.152074337005615,0.0,-1.0,7.486685752868652,0.26710426807403564,,0,-1
final,159912,ppo_rev12_114505,830,goal,43,1.0,1.0,0.0,0.0,0.0,0.0,0.0,0.0,0.0,0.0,nan,0.0,-1.0,3.599454402923584,0.2654421925544739,,0,-1
final,159912,ppo_rev12_114505,831,goal,67,1.0,1.0,0.0,0.0,0.0,0.0,0.0,0.0,0.0,0.0,6.062105178833008,0.0,-1.0,6.705555438995361,0.2627949118614197,,0,-1
final,159912,ppo_rev12_114505,832,goal,95,1.0,1.0,0.0,0.0,0.0,0.0,0.0,0.0,0.0,0.0,3.7309212684631348,0.0,-0.0814288854598999,7.442063331604004,0.2808138430118561,,0,-1
final,159912,ppo_rev12_114505,833,goal,54,1.0,1.0,0.0,0.0,0.0,0.0,0.0,0.0,0.0,0.0,nan,0.0,-1.0,4.444160461425781,0.24369625747203827,,0,-1
final,159912,ppo_rev12_114505,834,goal,44,1.0,1.0,0.0,0.0,0.0,0.0,0.0,0.0,0.0,0.0,nan,0.0,-1.0,2.8544530868530273,0.2795085906982422,,0,-1
final,159912,ppo_rev12_114505,835,goal,90,1.0,1.0,0.0,0.0,0.0,0.0,0.0,0.0,0.0,0.0,4.190199375152588,0.0,-1.0,8.364577293395996,0.20164068043231964,,0,-1
final,159912,ppo_rev12_114505,836,goal,69,1.0,1.0,0.0,0.0,0.0,0.0,0.0,0.0,0.0,0.0,4.820296287536621,0.0,-1.0,6.099180221557617,0.18685120344161987,,0,-1
final,159912,ppo_rev12_114505,837,goal,62,1.0,1.0,0.0,0.0,0.0,0.0,0.0,0.0,0.0,0.0,4.322425365447998,0.0,-1.0,5.563432693481445,0.2613556981086731,,0,-1
final,159912,ppo_rev12_114505,838,goal,109,1.0,1.0,0.0,0.0,0.0,0.0,0.0,0.0,0.0,0.0,2.0080976486206055,0.0,0.3150717616081238,5.660204887390137,0.2841789424419403,,0,-1
final,159912,ppo_rev12_114505,839,goal,67,1.0,1.0,0.0,0.0,0.0,0.0,0.0,0.0,0.0,0.0,5.660423278808594,0.0,-1.0,6.095951080322266,0.29177483916282654,,0,-1
final,159912,ppo_rev12_114505,840,goal,195,1.0,1.0,0.0,0.0,0.0,0.0,0.0,0.0,0.0,0.0,0.6543206572532654,0.0,0.07825297117233276,12.825286865234375,0.23062904179096222,,0,-1
final,159912,ppo_rev12_114505,841,goal,79,1.0,1.0,0.0,0.0,0.0,0.0,0.0,0.0,0.0,0.0,2.415745973587036,0.0,0.39982444047927856,5.3004350662231445,0.29332035779953003,,0,-1
final,159912,ppo_rev12_114505,842,goal,191,1.0,1.0,0.0,0.0,0.0,0.0,0.0,0.0,0.0,0.0,2.2454071044921875,0.0,-1.0,18.349945068359375,0.25924140214920044,,0,-1
final,159912,ppo_rev12_114505,843,goal,50,1.0,1.0,0.0,0.0,0.0,0.0,0.0,0.0,0.0,0.0,nan,0.0,-1.0,4.755850791931152,0.277690589427948,,0,-1
final,159912,ppo_rev12_114505,844,goal,96,1.0,1.0,0.0,0.0,0.0,0.0,0.0,0.0,0.0,0.0,4.105877876281738,0.0,-1.0,8.733236312866211,0.292915403842926,,0,-1
final,159912,ppo_rev12_114505,845,goal,64,1.0,1.0,0.0,0.0,0.0,0.0,0.0,0.0,0.0,0.0,5.999691486358643,0.0,-1.0,6.444148063659668,0.16997183859348297,,0,-1
final,159912,ppo_rev12_114505,846,goal,78,1.0,1.0,0.0,0.0,0.0,0.0,0.0,0.0,0.0,0.0,5.863966464996338,0.0,-1.0,7.770155906677246,0.19513779878616333,,0,-1
final,159912,ppo_rev12_114505,847,goal,79,1.0,1.0,0.0,0.0,0.0,0.0,0.0,0.0,0.0,0.0,4.727259635925293,0.0,-1.0,6.939148902893066,0.1962853968143463,,0,-1
final,159912,ppo_rev12_114505,848,goal,97,1.0,1.0,0.0,0.0,0.0,0.0,0.0,0.0,0.0,0.0,5.234251976013184,0.0,-1.0,9.118956565856934,0.2656935155391693,,0,-1
final,159912,ppo_rev12_114505,849,goal,53,1.0,1.0,0.0,0.0,0.0,0.0,0.0,0.0,0.0,0.0,nan,0.0,-1.0,4.557846546173096,0.2837049961090088,,0,-1
final,159912,ppo_rev12_114505,850,goal,88,1.0,1.0,0.0,0.0,0.0,0.0,0.0,0.0,0.0,0.0,3.331688404083252,0.0,-0.9343461990356445,6.9488525390625,0.29572877287864685,,0,-1
final,159912,ppo_rev12_114505,851,goal,73,1.0,1.0,0.0,0.0,0.0,0.0,0.0,0.0,0.0,0.0,5.280700206756592,0.0,-0.2792339324951172,6.29608154296875,0.27328577637672424,,0,-1
final,159912,ppo_rev12_114505,852,goal,88,1.0,1.0,0.0,0.0,0.0,0.0,0.0,0.0,0.0,0.0,5.312853813171387,0.0,0.13931745290756226,9.168170928955078,0.2500501871109009,,0,-1
final,159912,ppo_rev12_114505,853,goal,57,1.0,1.0,0.0,0.0,0.0,0.0,0.0,0.0,0.0,0.0,nan,0.0,-1.0,4.603833198547363,0.2610316276550293,,0,-1
final,159912,ppo_rev12_114505,854,goal,49,1.0,1.0,0.0,0.0,0.0,0.0,0.0,0.0,0.0,0.0,nan,0.0,-0.1253279447555542,3.1235647201538086,0.2832827866077423,,0,-1
final,159912,ppo_rev12_114505,855,goal,159,1.0,1.0,0.0,0.0,0.0,0.0,0.0,0.0,0.0,0.0,1.7106019258499146,0.0,0.5835597515106201,13.720490455627441,0.2954556941986084,,0,-1
final,159912,ppo_rev12_114505,856,goal,70,1.0,1.0,0.0,0.0,0.0,0.0,0.0,0.0,0.0,0.0,4.987054347991943,0.0,-1.0,6.207385063171387,0.2515290379524231,,0,-1
final,159912,ppo_rev12_114505,857,goal,57,1.0,1.0,0.0,0.0,0.0,0.0,0.0,0.0,0.0,0.0,nan,0.0,-0.5181092023849487,5.186794281005859,0.20924164354801178,,0,-1
final,159912,ppo_rev12_114505,858,goal,60,1.0,1.0,0.0,0.0,0.0,0.0,0.0,0.0,0.0,0.0,5.554469585418701,0.0,-1.0,5.863370895385742,0.28703436255455017,,0,-1
final,159912,ppo_rev12_114505,859,goal,40,1.0,1.0,0.0,0.0,0.0,0.0,0.0,0.0,0.0,0.0,nan,0.0,-1.0,3.266913890838623,0.24914345145225525,,0,-1
final,159912,ppo_rev12_114505,860,goal,132,1.0,1.0,0.0,0.0,0.0,0.0,0.0,0.0,0.0,0.0,1.823716163635254,0.0,0.13766008615493774,10.809996604919434,0.24951106309890747,,0,-1
final,159912,ppo_rev12_114505,861,goal,169,1.0,1.0,0.0,0.0,0.0,0.0,0.0,0.0,0.0,0.0,0.7913504838943481,0.0,-0.051737308502197266,10.285449981689453,0.2419419139623642,,0,-1
final,159912,ppo_rev12_114505,862,goal,91,1.0,1.0,0.0,0.0,0.0,0.0,0.0,0.0,0.0,0.0,5.696802139282227,0.0,-1.0,9.457666397094727,0.25667980313301086,,0,-1
final,159912,ppo_rev12_114505,863,goal,147,1.0,1.0,0.0,0.0,0.0,0.0,0.0,0.0,0.0,0.0,2.145120143890381,0.0,-0.233026385307312,7.685855865478516,0.28578585386276245,,0,-1
final,159912,ppo_rev12_114505,864,goal,137,1.0,1.0,0.0,0.0,0.0,0.0,0.0,0.0,0.0,0.0,2.3217170238494873,0.0,0.17089849710464478,9.99538803100586,0.26769107580184937,,0,-1
final,159912,ppo_rev12_114505,865,goal,106,1.0,1.0,0.0,0.0,0.0,0.0,0.0,0.0,0.0,0.0,2.901965618133545,0.0,-1.0,8.303465843200684,0.25860318541526794,,0,-1
final,159912,ppo_rev12_114505,866,goal,65,1.0,1.0,0.0,0.0,0.0,0.0,0.0,0.0,0.0,0.0,5.604360103607178,0.0,-0.7254840135574341,6.078866004943848,0.22121459245681763,,0,-1
final,159912,ppo_rev12_114505,867,goal,74,1.0,1.0,0.0,0.0,0.0,0.0,0.0,0.0,0.0,0.0,3.887753963470459,0.0,0.6233420372009277,5.288775444030762,0.2941811680793762,,0,-1
final,159912,ppo_rev12_114505,868,goal,96,1.0,1.0,0.0,0.0,0.0,0.0,0.0,0.0,0.0,0.0,5.731621742248535,0.0,-0.38937902450561523,9.043108940124512,0.19049124419689178,,0,-1
final,159912,ppo_rev12_114505,869,goal,75,1.0,1.0,0.0,0.0,0.0,0.0,0.0,0.0,0.0,0.0,5.632200717926025,0.0,-0.6517623662948608,7.2530999183654785,0.16945591568946838,,0,-1
final,159912,ppo_rev12_114505,870,goal,64,1.0,1.0,0.0,0.0,0.0,0.0,0.0,0.0,0.0,0.0,4.797039985656738,0.0,-1.0,6.2236008644104,0.2882148027420044,,0,-1
final,159912,ppo_rev12_114505,871,goal,62,1.0,1.0,0.0,0.0,0.0,0.0,0.0,0.0,0.0,0.0,4.652679443359375,0.0,-1.0,5.49450159072876,0.27199897170066833,,0,-1
final,159912,ppo_rev12_114505,872,goal,101,1.0,1.0,0.0,0.0,0.0,0.0,0.0,0.0,0.0,0.0,4.989112854003906,0.0,-0.48621392250061035,9.913749694824219,0.2494211494922638,,0,-1
final,159912,ppo_rev12_114505,873,goal,63,1.0,1.0,0.0,0.0,0.0,0.0,0.0,0.0,0.0,0.0,4.864060878753662,0.0,-1.0,5.676989555358887,0.20135128498077393,,0,-1
final,159912,ppo_rev12_114505,874,goal,83,1.0,1.0,0.0,0.0,0.0,0.0,0.0,0.0,0.0,0.0,3.4904472827911377,0.0,-1.0,7.339686870574951,0.2577955722808838,,0,-1
final,159912,ppo_rev12_114505,875,goal,47,1.0,1.0,0.0,0.0,0.0,0.0,0.0,0.0,0.0,0.0,nan,0.0,-1.0,3.526148796081543,0.29596903920173645,,0,-1
final,159912,ppo_rev12_114505,876,goal,127,1.0,1.0,0.0,0.0,0.0,0.0,0.0,0.0,0.0,0.0,4.924238681793213,0.0,0.4846211075782776,13.115962982177734,0.26976630091667175,,0,-1
final,159912,ppo_rev12_114505,877,goal,78,1.0,1.0,0.0,0.0,0.0,0.0,0.0,0.0,0.0,0.0,5.222087860107422,0.0,-1.0,7.367234230041504,0.2602439224720001,,0,-1
final,159912,ppo_rev12_114505,878,goal,63,1.0,1.0,0.0,0.0,0.0,0.0,0.0,0.0,0.0,0.0,3.568023443222046,0.0,-0.7442703247070312,4.729536533355713,0.2962440252304077,,0,-1
final,159912,ppo_rev12_114505,879,goal,97,1.0,1.0,0.0,0.0,0.0,0.0,0.0,0.0,0.0,0.0,3.627249240875244,0.0,0.4657766819000244,7.562121391296387,0.2793845236301422,,0,-1
final,159912,ppo_rev12_114505,880,goal,61,1.0,1.0,0.0,0.0,0.0,0.0,0.0,0.0,0.0,0.0,5.062582015991211,0.0,-1.0,5.412168502807617,0.22792625427246094,,0,-1
final,159912,ppo_rev12_114505,881,goal,65,1.0,1.0,0.0,0.0,0.0,0.0,0.0,0.0,0.0,0.0,3.0999999046325684,0.0,-1.0,4.916546821594238,0.28389471769332886,,0,-1
final,159912,ppo_rev12_114505,882,goal,67,1.0,1.0,0.0,0.0,0.0,0.0,0.0,0.0,0.0,0.0,5.878765106201172,0.0,-1.0,6.944755554199219,0.2430979609489441,,0,-1
final,159912,ppo_rev12_114505,883,goal,86,1.0,1.0,0.0,0.0,0.0,0.0,0.0,0.0,0.0,0.0,3.6455609798431396,0.0,-0.18169176578521729,7.374927520751953,0.2506144642829895,,0,-1
final,159912,ppo_rev12_114505,884,goal,66,1.0,1.0,0.0,0.0,0.0,0.0,0.0,0.0,0.0,0.0,5.936516284942627,0.0,-1.0,6.581949234008789,0.09211943298578262,,0,-1
final,159912,ppo_rev12_114505,885,goal,63,1.0,1.0,0.0,0.0,0.0,0.0,0.0,0.0,0.0,0.0,5.440930366516113,0.0,-1.0,6.032038688659668,0.26242873072624207,,0,-1
final,159912,ppo_rev12_114505,886,stuck,179,-1.0,0.0,0.0,0.0,1.0,0.0,0.0,0.0,0.0,0.0,0.05581584945321083,0.0,-1.0,8.243185043334961,nan,,0,-1
final,159912,ppo_rev12_114505,887,goal,56,1.0,1.0,0.0,0.0,0.0,0.0,0.0,0.0,0.0,0.0,nan,0.0,-1.0,3.7116119861602783,0.12216012179851532,,0,-1
final,159912,ppo_rev12_114505,888,goal,84,1.0,1.0,0.0,0.0,0.0,0.0,0.0,0.0,0.0,0.0,4.3069167137146,0.0,-1.0,7.590948104858398,0.29698607325553894,,0,-1
final,159912,ppo_rev12_114505,889,goal,104,1.0,1.0,0.0,0.0,0.0,0.0,0.0,0.0,0.0,0.0,2.6897377967834473,0.0,-0.030573725700378418,6.507575035095215,0.27789604663848877,,0,-1
final,159912,ppo_rev12_114505,890,goal,68,1.0,1.0,0.0,0.0,0.0,0.0,0.0,0.0,0.0,0.0,5.656604766845703,0.0,-1.0,6.339106559753418,0.2706022560596466,,0,-1
final,159912,ppo_rev12_114505,891,goal,39,1.0,1.0,0.0,0.0,0.0,0.0,0.0,0.0,0.0,0.0,nan,0.0,-1.0,2.100338935852051,0.23782910406589508,,0,-1
final,159912,ppo_rev12_114505,892,goal,56,1.0,1.0,0.0,0.0,0.0,0.0,0.0,0.0,0.0,0.0,nan,0.0,-1.0,5.376314163208008,0.25277799367904663,,0,-1
final,159912,ppo_rev12_114505,893,goal,68,1.0,1.0,0.0,0.0,0.0,0.0,0.0,0.0,0.0,0.0,5.5608954429626465,0.0,-1.0,7.238945960998535,0.26810550689697266,,0,-1
final,159912,ppo_rev12_114505,894,goal,58,1.0,1.0,0.0,0.0,0.0,0.0,0.0,0.0,0.0,0.0,nan,0.0,-1.0,4.624041557312012,0.26381003856658936,,0,-1
final,159912,ppo_rev12_114505,895,goal,73,1.0,1.0,0.0,0.0,0.0,0.0,0.0,0.0,0.0,0.0,4.463406085968018,0.0,-1.0,6.544020175933838,0.044439107179641724,,0,-1
final,159912,ppo_rev12_114505,896,goal,62,1.0,1.0,0.0,0.0,0.0,0.0,0.0,0.0,0.0,0.0,5.5693840980529785,0.0,-1.0,5.772539138793945,0.2928781807422638,,0,-1
final,159912,ppo_rev12_114505,897,goal,81,1.0,1.0,0.0,0.0,0.0,0.0,0.0,0.0,0.0,0.0,5.119148254394531,0.0,-1.0,6.9347991943359375,0.27984654903411865,,0,-1
final,159912,ppo_rev12_114505,898,goal,199,1.0,1.0,0.0,0.0,0.0,0.0,0.0,0.0,0.0,0.005025125628140704,1.761828064918518,0.0,-0.29511117935180664,13.482267379760742,0.2899840772151947,,0,-1
final,159912,ppo_rev12_114505,899,goal,43,1.0,1.0,0.0,0.0,0.0,0.0,0.0,0.0,0.0,0.0,nan,0.0,-1.0,2.902966260910034,0.268443763256073,,0,-1
final,159912,ppo_rev12_114505,900,goal,69,1.0,1.0,0.0,0.0,0.0,0.0,0.0,0.0,0.0,0.0,4.576565742492676,0.0,-1.0,5.863280773162842,0.2990243434906006,,0,-1
final,159912,ppo_rev12_114505,901,goal,58,1.0,1.0,0.0,0.0,0.0,0.0,0.0,0.0,0.0,0.0,nan,0.0,-1.0,3.8720309734344482,0.29905009269714355,,0,-1
final,159912,ppo_rev12_114505,902,goal,55,1.0,1.0,0.0,0.0,0.0,0.0,0.0,0.0,0.0,0.0,nan,0.0,-1.0,3.4401028156280518,0.27270957827568054,,0,-1
final,159912,ppo_rev12_114505,903,goal,47,1.0,1.0,0.0,0.0,0.0,0.0,0.0,0.0,0.0,0.0,nan,0.0,-1.0,3.644479751586914,0.28427934646606445,,0,-1
final,159912,ppo_rev12_114505,904,goal,49,1.0,1.0,0.0,0.0,0.0,0.0,0.0,0.0,0.0,0.0,nan,0.0,-1.0,3.3644864559173584,0.24049828946590424,,0,-1
final,159912,ppo_rev12_114505,905,goal,93,1.0,1.0,0.0,0.0,0.0,0.0,0.0,0.0,0.0,0.0,5.1035566329956055,0.0,-1.0,10.092473983764648,0.2996111512184143,,0,-1
final,159912,ppo_rev12_114505,906,goal,86,1.0,1.0,0.0,0.0,0.0,0.0,0.0,0.0,0.0,0.0,3.290541648864746,0.0,-0.8428364992141724,7.865842342376709,0.18510279059410095,,0,-1
final,159912,ppo_rev12_114505,907,goal,65,1.0,1.0,0.0,0.0,0.0,0.0,0.0,0.0,0.0,0.0,4.146190166473389,0.0,-0.4854196310043335,5.009030342102051,0.25668925046920776,,0,-1
final,159912,ppo_rev12_114505,908,goal,81,1.0,1.0,0.0,0.0,0.0,0.0,0.0,0.0,0.0,0.0,3.246164083480835,0.0,-1.0,7.0402021408081055,0.29058852791786194,,0,-1
final,159912,ppo_rev12_114505,909,goal,58,1.0,1.0,0.0,0.0,0.0,0.0,0.0,0.0,0.0,0.0,nan,0.0,-1.0,4.8481950759887695,0.23987874388694763,,0,-1
final,159912,ppo_rev12_114505,910,goal,57,1.0,1.0,0.0,0.0,0.0,0.0,0.0,0.0,0.0,0.0,nan,0.0,-1.0,4.794600009918213,0.23366370797157288,,0,-1
final,159912,ppo_rev12_114505,911,goal,42,1.0,1.0,0.0,0.0,0.0,0.0,0.0,0.0,0.0,0.0,nan,0.0,-0.4889223575592041,2.62874698638916,0.12061862647533417,,0,-1
final,159912,ppo_rev12_114505,912,goal,82,1.0,1.0,0.0,0.0,0.0,0.0,0.0,0.0,0.0,0.0,5.518764972686768,0.0,-1.0,7.982603073120117,0.2293720692396164,,0,-1
final,159912,ppo_rev12_114505,913,goal,49,1.0,1.0,0.0,0.0,0.0,0.0,0.0,0.0,0.0,0.0,nan,0.0,-1.0,3.343411922454834,0.27742230892181396,,0,-1
final,159912,ppo_rev12_114505,914,goal,117,1.0,1.0,0.0,0.0,0.0,0.0,0.0,0.0,0.0,0.0,0.6384928822517395,0.0,-1.0,7.405814170837402,0.2886659502983093,,0,-1
final,159912,ppo_rev12_114505,915,goal,67,1.0,1.0,0.0,0.0,0.0,0.0,0.0,0.0,0.0,0.0,5.2649641036987305,0.0,-0.7158738374710083,5.862211227416992,0.05975504219532013,,0,-1
final,159912,ppo_rev12_114505,916,goal,84,1.0,1.0,0.0,0.0,0.0,0.0,0.0,0.0,0.0,0.0,5.419216632843018,0.0,-1.0,9.268447875976562,0.1968720704317093,,0,-1
final,159912,ppo_rev12_114505,917,goal,149,1.0,1.0,0.0,0.0,0.0,0.0,0.0,0.0,0.0,0.0,2.3177433013916016,0.0,-0.14986777305603027,11.631117820739746,0.29064834117889404,,0,-1
final,159912,ppo_rev12_114505,918,goal,50,1.0,1.0,0.0,0.0,0.0,0.0,0.0,0.0,0.0,0.0,nan,0.0,-1.0,5.061687469482422,0.08220132440328598,,0,-1
final,159912,ppo_rev12_114505,919,goal,42,1.0,1.0,0.0,0.0,0.0,0.0,0.0,0.0,0.0,0.0,nan,0.0,-1.0,3.337001085281372,0.2766658663749695,,0,-1
final,159912,ppo_rev12_114505,920,goal,142,1.0,1.0,0.0,0.0,0.0,0.0,0.0,0.0,0.0,0.0,4.273085117340088,0.0,-0.5903639793395996,13.654942512512207,0.29920321702957153,,0,-1
final,159912,ppo_rev12_114505,921,goal,118,1.0,1.0,0.0,0.0,0.0,0.0,0.0,0.0,0.0,0.0,2.3427484035491943,0.0,-0.903997540473938,9.665960311889648,0.2760225534439087,,0,-1
final,159912,ppo_rev12_114505,922,goal,75,1.0,1.0,0.0,0.0,0.0,0.0,0.0,0.0,0.0,0.0,2.0898735523223877,0.0,-0.054367661476135254,4.89842414855957,0.2941075265407562,,0,-1
final,159912,ppo_rev12_114505,923,goal,90,1.0,1.0,0.0,0.0,0.0,0.0,0.0,0.0,0.0,0.0,3.8607189655303955,0.0,-1.0,7.338489055633545,0.27541738748550415,,0,-1
final,159912,ppo_rev12_114505,924,goal,66,1.0,1.0,0.0,0.0,0.0,0.0,0.0,0.0,0.0,0.0,5.064795017242432,0.0,-1.0,5.591734886169434,0.27712908387184143,,0,-1
final,159912,ppo_rev12_114505,925,goal,74,1.0,1.0,0.0,0.0,0.0,0.0,0.0,0.0,0.0,0.0,4.425400257110596,0.0,-1.0,5.761869430541992,0.24733299016952515,,0,-1
final,159912,ppo_rev12_114505,926,goal,67,1.0,1.0,0.0,0.0,0.0,0.0,0.0,0.0,0.0,0.0,4.934075355529785,0.0,-1.0,5.896669864654541,0.2737674415111542,,0,-1
final,159912,ppo_rev12_114505,927,goal,81,1.0,1.0,0.0,0.0,0.0,0.0,0.0,0.0,0.0,0.0,6.033743858337402,0.0,-1.0,8.815308570861816,0.2549516558647156,,0,-1
final,159912,ppo_rev12_114505,928,goal,51,1.0,1.0,0.0,0.0,0.0,0.0,0.0,0.0,0.0,0.0,nan,0.0,-1.0,3.92661452293396,0.27287620306015015,,0,-1
final,159912,ppo_rev12_114505,929,goal,65,1.0,1.0,0.0,0.0,0.0,0.0,0.0,0.0,0.0,0.0,3.26598858833313,0.0,-1.0,5.516932487487793,0.2470281571149826,,0,-1
final,159912,ppo_rev12_114505,930,goal,43,1.0,1.0,0.0,0.0,0.0,0.0,0.0,0.0,0.0,0.0,nan,0.0,0.18032848834991455,3.4835364818573,0.27149924635887146,,0,-1
final,159912,ppo_rev12_114505,931,goal,74,1.0,1.0,0.0,0.0,0.0,0.0,0.0,0.0,0.0,0.0,5.451196193695068,0.0,-1.0,6.996763229370117,0.2780633866786957,,0,-1
final,159912,ppo_rev12_114505,932,goal,45,1.0,1.0,0.0,0.0,0.0,0.0,0.0,0.0,0.0,0.0,nan,0.0,-1.0,3.4521679878234863,0.2750592827796936,,0,-1
final,159912,ppo_rev12_114505,933,goal,98,1.0,1.0,0.0,0.0,0.0,0.0,0.0,0.0,0.0,0.0,4.502998352050781,0.0,-0.7704075574874878,10.432260513305664,0.27927958965301514,,0,-1
final,159912,ppo_rev12_114505,934,goal,46,1.0,1.0,0.0,0.0,0.0,0.0,0.0,0.0,0.0,0.0,nan,0.0,-1.0,4.2312164306640625,0.20321980118751526,,0,-1
final,159912,ppo_rev12_114505,935,goal,52,1.0,1.0,0.0,0.0,0.0,0.0,0.0,0.0,0.0,0.0,nan,0.0,-1.0,4.567478179931641,0.2736619710922241,,0,-1
final,159912,ppo_rev12_114505,936,goal,91,1.0,1.0,0.0,0.0,0.0,0.0,0.0,0.0,0.0,0.01098901098901099,5.308998107910156,0.0,-1.0,9.832103729248047,0.27382662892341614,,0,-1
final,159912,ppo_rev12_114505,937,goal,102,1.0,1.0,0.0,0.0,0.0,0.0,0.0,0.0,0.0,0.0,3.747081756591797,0.0,-0.12625360488891602,9.763126373291016,0.2792705297470093,,0,-1
final,159912,ppo_rev12_114505,938,goal,67,1.0,1.0,0.0,0.0,0.0,0.0,0.0,0.0,0.0,0.0,3.901428461074829,0.0,-1.0,6.021907329559326,0.29753929376602173,,0,-1
final,159912,ppo_rev12_114505,939,goal,38,1.0,1.0,0.0,0.0,0.0,0.0,0.0,0.0,0.0,0.0,nan,0.0,-1.0,2.090268611907959,0.2575632631778717,,0,-1
final,159912,ppo_rev12_114505,940,goal,70,1.0,1.0,0.0,0.0,0.0,0.0,0.0,0.0,0.0,0.0,5.371570110321045,0.0,-0.5601502656936646,6.457736015319824,0.2690083384513855,,0,-1
final,159912,ppo_rev12_114505,941,goal,133,1.0,1.0,0.0,0.0,0.0,0.0,0.0,0.0,0.0,0.0,1.5819566249847412,0.0,0.40807169675827026,8.493404388427734,0.2855973541736603,,0,-1
final,159912,ppo_rev12_114505,942,goal,57,1.0,1.0,0.0,0.0,0.0,0.0,0.0,0.0,0.0,0.0,nan,0.0,-0.7976689338684082,5.027728080749512,0.2871435880661011,,0,-1
final,159912,ppo_rev12_114505,943,goal,118,1.0,1.0,0.0,0.0,0.0,0.0,0.0,0.0,0.0,0.0,2.140927791595459,0.0,-0.25327885150909424,7.816847324371338,0.20480196177959442,,0,-1
final,159912,ppo_rev12_114505,944,goal,108,1.0,1.0,0.0,0.0,0.0,0.0,0.0,0.0,0.0,0.009259259259259259,5.733659744262695,0.0,-1.0,12.022626876831055,0.29075583815574646,,0,-1
final,159912,ppo_rev12_114505,945,goal,70,1.0,1.0,0.0,0.0,0.0,0.0,0.0,0.0,0.0,0.0,5.64894437789917,0.0,-1.0,6.93656063079834,0.25016528367996216,,0,-1
final,159912,ppo_rev12_114505,946,goal,103,1.0,1.0,0.0,0.0,0.0,0.0,0.0,0.0,0.0,0.0,5.440428256988525,0.0,-1.0,10.559335708618164,0.28750982880592346,,0,-1
final,159912,ppo_rev12_114505,947,goal,92,1.0,1.0,0.0,0.0,0.0,0.0,0.0,0.0,0.0,0.021739130434782608,5.192103385925293,0.0,-1.0,9.111255645751953,0.2698911726474762,,0,-1
final,159912,ppo_rev12_114505,948,goal,82,1.0,1.0,0.0,0.0,0.0,0.0,0.0,0.0,0.0,0.0,5.625335216522217,0.0,-1.0,8.850927352905273,0.15286381542682648,,0,-1
final,159912,ppo_rev12_114505,949,goal,61,1.0,1.0,0.0,0.0,0.0,0.0,0.0,0.0,0.0,0.0,4.086167335510254,0.0,-0.5667401552200317,5.259737014770508,0.27055665850639343,,0,-1
final,159912,ppo_rev12_114505,950,goal,78,1.0,1.0,0.0,0.0,0.0,0.0,0.0,0.0,0.0,0.0,4.91723108291626,0.0,-1.0,7.035122871398926,0.25828462839126587,,0,-1
final,159912,ppo_rev12_114505,951,goal,67,1.0,1.0,0.0,0.0,0.0,0.0,0.0,0.0,0.0,0.0,4.937089920043945,0.0,-0.4559987783432007,5.6724090576171875,0.2766421437263489,,0,-1
final,159912,ppo_rev12_114505,952,goal,49,1.0,1.0,0.0,0.0,0.0,0.0,0.0,0.0,0.0,0.0,nan,0.0,-1.0,4.602198123931885,0.19168317317962646,,0,-1
final,159912,ppo_rev12_114505,953,goal,79,1.0,1.0,0.0,0.0,0.0,0.0,0.0,0.0,0.0,0.0,6.053639888763428,0.0,-0.9744765758514404,8.449654579162598,0.2740018963813782,,0,-1
final,159912,ppo_rev12_114505,954,goal,84,1.0,1.0,0.0,0.0,0.0,0.0,0.0,0.0,0.0,0.0,5.498600006103516,0.0,-1.0,8.663581848144531,0.13384872674942017,,0,-1
final,159912,ppo_rev12_114505,955,goal,77,1.0,1.0,0.0,0.0,0.0,0.0,0.0,0.0,0.0,0.0,4.997588157653809,0.0,-1.0,7.531225204467773,0.2556634545326233,,0,-1
final,159912,ppo_rev12_114505,956,goal,85,1.0,1.0,0.0,0.0,0.0,0.0,0.0,0.0,0.0,0.0,5.347992897033691,0.0,-0.2678476572036743,8.289743423461914,0.2943625748157501,,0,-1
final,159912,ppo_rev12_114505,957,goal,72,1.0,1.0,0.0,0.0,0.0,0.0,0.0,0.0,0.0,0.0,5.507143974304199,0.0,-1.0,7.007958889007568,0.2967744469642639,,0,-1
final,159912,ppo_rev12_114505,958,goal,75,1.0,1.0,0.0,0.0,0.0,0.0,0.0,0.0,0.0,0.0,5.5093536376953125,0.0,-1.0,7.850573539733887,0.24230974912643433,,0,-1
final,159912,ppo_rev12_114505,959,goal,108,1.0,1.0,0.0,0.0,0.0,0.0,0.0,0.0,0.0,0.0,4.430445671081543,0.0,-1.0,9.35247802734375,0.2942051589488983,,0,-1
final,159912,ppo_rev12_114505,960,goal,51,1.0,1.0,0.0,0.0,0.0,0.0,0.0,0.0,0.0,0.0,nan,0.0,-1.0,4.471826553344727,0.27471426129341125,,0,-1
final,159912,ppo_rev12_114505,961,goal,113,1.0,1.0,0.0,0.0,0.0,0.0,0.0,0.0,0.0,0.0,2.3502609729766846,0.0,-0.9712141752243042,8.098814010620117,0.28136903047561646,,0,-1
final,159912,ppo_rev12_114505,962,goal,108,1.0,1.0,0.0,0.0,0.0,0.0,0.0,0.0,0.0,0.0,4.304131984710693,0.0,-0.08036363124847412,9.945749282836914,0.18230454623699188,,0,-1
final,159912,ppo_rev12_114505,963,goal,52,1.0,1.0,0.0,0.0,0.0,0.0,0.0,0.0,0.0,0.0,nan,0.0,-1.0,4.519856929779053,0.2967999279499054,,0,-1
final,159912,ppo_rev12_114505,964,goal,153,1.0,1.0,0.0,0.0,0.0,0.0,0.0,0.0,0.0,0.0,1.5580084323883057,0.0,0.4111163020133972,12.512073516845703,0.26410913467407227,,0,-1
final,159912,ppo_rev12_114505,965,goal,101,1.0,1.0,0.0,0.0,0.0,0.0,0.0,0.0,0.0,0.0,4.283130168914795,0.0,-1.0,10.36054515838623,0.22600072622299194,,0,-1
final,159912,ppo_rev12_114505,966,goal,57,1.0,1.0,0.0,0.0,0.0,0.0,0.0,0.0,0.0,0.0,nan,0.0,-1.0,4.469554901123047,0.26583829522132874,,0,-1
final,159912,ppo_rev12_114505,967,goal,72,1.0,1.0,0.0,0.0,0.0,0.0,0.0,0.0,0.0,0.0,4.5531535148620605,0.0,-0.8128321170806885,5.390883445739746,0.22039081156253815,,0,-1
final,159912,ppo_rev12_114505,968,timeout,200,-0.5,0.0,0.0,0.0,0.0,1.0,0.0,0.0,0.0,0.0,0.24596695601940155,0.0,0.27241086959838867,11.865522384643555,nan,,0,-1
final,159912,ppo_rev12_114505,969,goal,73,1.0,1.0,0.0,0.0,0.0,0.0,0.0,0.0,0.0,0.0,5.23197078704834,0.0,-0.8318934440612793,6.451177597045898,0.2554924190044403,,0,-1
final,159912,ppo_rev12_114505,970,goal,144,1.0,1.0,0.0,0.0,0.0,0.0,0.0,0.0,0.0,0.0,5.283900737762451,0.0,-1.0,16.61407470703125,0.0772366002202034,,0,-1
final,159912,ppo_rev12_114505,971,goal,41,1.0,1.0,0.0,0.0,0.0,0.0,0.0,0.0,0.0,0.0,nan,0.0,-1.0,3.289745330810547,0.17329633235931396,,0,-1
final,159912,ppo_rev12_114505,972,goal,83,1.0,1.0,0.0,0.0,0.0,0.0,0.0,0.0,0.0,0.0,5.989115238189697,0.0,-1.0,8.3417387008667,0.2654670178890228,,0,-1
final,159912,ppo_rev12_114505,973,goal,85,1.0,1.0,0.0,0.0,0.0,0.0,0.0,0.0,0.0,0.0,5.842559337615967,0.0,-1.0,8.31843376159668,0.2545478343963623,,0,-1
final,159912,ppo_rev12_114505,974,goal,76,1.0,1.0,0.0,0.0,0.0,0.0,0.0,0.0,0.0,0.0,4.011377811431885,0.0,-0.33765292167663574,5.798990249633789,0.2742769122123718,,0,-1
final,159912,ppo_rev12_114505,975,goal,58,1.0,1.0,0.0,0.0,0.0,0.0,0.0,0.0,0.0,0.0,nan,0.0,-1.0,4.894314765930176,0.26981091499328613,,0,-1
final,159912,ppo_rev12_114505,976,goal,64,1.0,1.0,0.0,0.0,0.0,0.0,0.0,0.0,0.0,0.0,5.067563533782959,0.0,-1.0,5.397051811218262,0.2555359899997711,,0,-1
final,159912,ppo_rev12_114505,977,goal,124,1.0,1.0,0.0,0.0,0.0,0.0,0.0,0.0,0.0,0.0,2.4055674076080322,0.0,-0.1308053731918335,10.397665977478027,0.2837342321872711,,0,-1
final,159912,ppo_rev12_114505,978,goal,62,1.0,1.0,0.0,0.0,0.0,0.0,0.0,0.0,0.0,0.0,5.230858325958252,0.0,-1.0,5.651034355163574,0.2795225977897644,,0,-1
final,159912,ppo_rev12_114505,979,goal,127,1.0,1.0,0.0,0.0,0.0,0.0,0.0,0.0,0.0,0.0,3.8811795711517334,0.0,-1.0,10.660801887512207,0.25166791677474976,,0,-1
final,159912,ppo_rev12_114505,980,goal,106,1.0,1.0,0.0,0.0,0.0,0.0,0.0,0.0,0.0,0.0,3.943772792816162,0.0,-1.0,9.414134979248047,0.2669368386268616,,0,-1
final,159912,ppo_rev12_114505,981,goal,88,1.0,1.0,0.0,0.0,0.0,0.0,0.0,0.0,0.0,0.0,3.714848279953003,0.0,-1.0,7.929718494415283,0.28646108508110046,,0,-1
final,159912,ppo_rev12_114505,982,goal,81,1.0,1.0,0.0,0.0,0.0,0.0,0.0,0.0,0.0,0.0,5.968754291534424,0.0,-1.0,8.065149307250977,0.2796124219894409,,0,-1
final,159912,ppo_rev12_114505,983,goal,126,1.0,1.0,0.0,0.0,0.0,0.0,0.0,0.0,0.0,0.0,3.061081647872925,0.0,-0.8471980094909668,10.45056438446045,0.24884168803691864,,0,-1
final,159912,ppo_rev12_114505,984,goal,61,1.0,1.0,0.0,0.0,0.0,0.0,0.0,0.0,0.0,0.0,3.8570985794067383,0.0,-1.0,4.039941787719727,0.10131702572107315,,0,-1
final,159912,ppo_rev12_114505,985,goal,56,1.0,1.0,0.0,0.0,0.0,0.0,0.0,0.0,0.0,0.0,nan,0.0,-1.0,4.030959129333496,0.16706791520118713,,0,-1
final,159912,ppo_rev12_114505,986,goal,80,1.0,1.0,0.0,0.0,0.0,0.0,0.0,0.0,0.0,0.0,4.665250778198242,0.0,-0.8598968982696533,8.066781044006348,0.2659444510936737,,0,-1
final,159912,ppo_rev12_114505,987,goal,138,1.0,1.0,0.0,0.0,0.0,0.0,0.0,0.0,0.0,0.0,2.118428945541382,0.0,-0.4301344156265259,11.8959379196167,0.26447516679763794,,0,-1
final,159912,ppo_rev12_114505,988,goal,47,1.0,1.0,0.0,0.0,0.0,0.0,0.0,0.0,0.0,0.0,nan,0.0,-1.0,2.7030553817749023,0.12236355990171432,,0,-1
final,159912,ppo_rev12_114505,989,goal,38,1.0,1.0,0.0,0.0,0.0,0.0,0.0,0.0,0.0,0.0,nan,0.0,-1.0,2.684217691421509,0.26934418082237244,,0,-1
final,159912,ppo_rev12_114505,990,goal,59,1.0,1.0,0.0,0.0,0.0,0.0,0.0,0.0,0.0,0.0,nan,0.0,-1.0,5.358395576477051,0.27235352993011475,,0,-1
final,159912,ppo_rev12_114505,991,goal,53,1.0,1.0,0.0,0.0,0.0,0.0,0.0,0.0,0.0,0.0,nan,0.0,-1.0,4.608800888061523,0.16778738796710968,,0,-1
final,159912,ppo_rev12_114505,992,goal,84,1.0,1.0,0.0,0.0,0.0,0.0,0.0,0.0,0.0,0.0,5.685759544372559,0.0,-0.8587867021560669,8.708758354187012,0.23497146368026733,,0,-1
final,159912,ppo_rev12_114505,993,goal,114,1.0,1.0,0.0,0.0,0.0,0.0,0.0,0.0,0.0,0.0,1.7982338666915894,0.0,-0.0018320083618164062,6.590244293212891,0.2960643470287323,,0,-1
final,159912,ppo_rev12_114505,994,goal,61,1.0,1.0,0.0,0.0,0.0,0.0,0.0,0.0,0.0,0.0,3.3397858142852783,0.0,-0.10326910018920898,4.4909987449646,0.2918047308921814,,0,-1
final,159912,ppo_rev12_114505,995,goal,66,1.0,1.0,0.0,0.0,0.0,0.0,0.0,0.0,0.0,0.0,5.103187084197998,0.0,-1.0,6.148992538452148,0.2981839179992676,,0,-1
final,159912,ppo_rev12_114505,996,goal,140,1.0,1.0,0.0,0.0,0.0,0.0,0.0,0.0,0.0,0.0,3.050102472305298,0.0,0.6032149791717529,11.411876678466797,0.2886151969432831,,0,-1
final,159912,ppo_rev12_114505,997,goal,104,1.0,1.0,0.0,0.0,0.0,0.0,0.0,0.0,0.0,0.0,4.898180961608887,0.0,-1.0,10.166326522827148,0.24227434396743774,,0,-1
final,159912,ppo_rev12_114505,998,goal,55,1.0,1.0,0.0,0.0,0.0,0.0,0.0,0.0,0.0,0.0,nan,0.0,0.10811728239059448,2.9966721534729004,0.06525064259767532,,0,-1
final,159912,ppo_rev12_114505,999,goal,116,1.0,1.0,0.0,0.0,0.0,0.0,0.0,0.0,0.0,0.0,2.9315521717071533,0.0,-0.024994850158691406,8.333059310913086,0.287416011095047,,0,-1
final,159912,ppo_rev12_114505,1000,goal,75,1.0,1.0,0.0,0.0,0.0,0.0,0.0,0.0,0.0,0.0,6.042235851287842,0.0,-1.0,8.011385917663574,0.1544657200574875,,0,-1
final,159912,ppo_rev12_114505,1001,goal,66,1.0,1.0,0.0,0.0,0.0,0.0,0.0,0.0,0.0,0.0,4.722944259643555,0.0,-1.0,5.851108074188232,0.2726454734802246,,0,-1
final,159912,ppo_rev12_114505,1002,goal,73,1.0,1.0,0.0,0.0,0.0,0.0,0.0,0.0,0.0,0.0,5.061300277709961,0.0,-0.7686480283737183,7.484100341796875,0.2960958182811737,,0,-1
final,159912,ppo_rev12_114505,1003,timeout,200,-0.5,0.0,0.0,0.0,0.0,1.0,0.0,0.0,0.0,0.0,1.7747132778167725,0.0,0.680833101272583,13.087526321411133,nan,,0,-1
final,159912,ppo_rev12_114505,1004,goal,66,1.0,1.0,0.0,0.0,0.0,0.0,0.0,0.0,0.0,0.0,5.637814044952393,0.0,-1.0,6.349953651428223,0.2744898498058319,,0,-1
final,159912,ppo_rev12_114505,1005,goal,51,1.0,1.0,0.0,0.0,0.0,0.0,0.0,0.0,0.0,0.0,nan,0.0,-0.29396378993988037,3.160499095916748,0.2443113774061203,,0,-1
final,159912,ppo_rev12_114505,1006,goal,68,1.0,1.0,0.0,0.0,0.0,0.0,0.0,0.0,0.0,0.0,4.684776306152344,0.0,-1.0,5.861241340637207,0.2786102890968323,,0,-1
final,159912,ppo_rev12_114505,1007,goal,80,1.0,1.0,0.0,0.0,0.0,0.0,0.0,0.0,0.0,0.0,5.379020690917969,0.0,-1.0,7.662022590637207,0.2885521352291107,,0,-1
final,159912,ppo_rev12_114505,1008,goal,75,1.0,1.0,0.0,0.0,0.0,0.0,0.0,0.0,0.0,0.0,3.649874687194824,0.0,0.3431262969970703,5.751738548278809,0.2749732732772827,,0,-1
final,159912,ppo_rev12_114505,1009,goal,75,1.0,1.0,0.0,0.0,0.0,0.0,0.0,0.0,0.0,0.0,4.745271682739258,0.0,0.29152828454971313,6.757716178894043,0.24781812727451324,,0,-1
final,159912,ppo_rev12_114505,1010,goal,135,1.0,1.0,0.0,0.0,0.0,0.0,0.0,0.0,0.0,0.0,1.3974260091781616,0.0,0.33962392807006836,7.0679755210876465,0.28259190917015076,,0,-1
final,159912,ppo_rev12_114505,1011,goal,64,1.0,1.0,0.0,0.0,0.0,0.0,0.0,0.0,0.0,0.0,5.019096374511719,0.0,-1.0,6.16555643081665,0.2966938316822052,,0,-1
final,159912,ppo_rev12_114505,1012,timeout,200,-0.5,0.0,0.0,0.0,0.0,1.0,0.0,0.0,0.0,0.0,0.22094717621803284,0.0,0.16530752182006836,7.220610618591309,nan,,0,-1
final,159912,ppo_rev12_114505,1013,goal,159,1.0,1.0,0.0,0.0,0.0,0.0,0.0,0.0,0.0,0.0,2.8250467777252197,0.0,-0.7174652814865112,15.164297103881836,0.2735738754272461,,0,-1
final,159912,ppo_rev12_114505,1014,goal,123,1.0,1.0,0.0,0.0,0.0,0.0,0.0,0.0,0.0,0.0,2.7760748863220215,0.0,-1.0,12.615524291992188,0.2990463674068451,,0,-1
final,159912,ppo_rev12_114505,1015,goal,61,1.0,1.0,0.0,0.0,0.0,0.0,0.0,0.0,0.0,0.01639344262295082,3.9052371978759766,0.0,-1.0,5.695343971252441,0.2653171718120575,,0,-1
final,159912,ppo_rev12_114505,1016,goal,37,1.0,1.0,0.0,0.0,0.0,0.0,0.0,0.0,0.0,0.0,nan,0.0,-1.0,2.6220905780792236,0.2843422293663025,,0,-1
final,159912,ppo_rev12_114505,1017,goal,93,1.0,1.0,0.0,0.0,0.0,0.0,0.0,0.0,0.0,0.0,3.944033622741699,0.0,-1.0,9.265698432922363,0.23362737894058228,,0,-1
final,159912,ppo_rev12_114505,1018,goal,129,1.0,1.0,0.0,0.0,0.0,0.0,0.0,0.0,0.0,0.0,0.37379908561706543,0.0,-1.0,8.898117065429688,0.08567188680171967,,0,-1
final,159912,ppo_rev12_114505,1019,goal,111,1.0,1.0,0.0,0.0,0.0,0.0,0.0,0.0,0.0,0.0,4.462758541107178,0.0,-1.0,11.076258659362793,0.2718886435031891,,0,-1
final,159912,ppo_rev12_114505,1020,goal,60,1.0,1.0,0.0,0.0,0.0,0.0,0.0,0.0,0.0,0.0,3.4618728160858154,0.0,-0.2927619218826294,3.927035331726074,0.2805868685245514,,0,-1
final,159912,ppo_rev12_114505,1021,collision,102,-2.0,0.0,1.0,0.0,0.0,0.0,0.0,0.0,0.0,0.0,3.9993679523468018,0.0,1.0,10.579567909240723,nan,obstacle,0,-1
final,159912,ppo_rev12_114505,1022,goal,44,1.0,1.0,0.0,0.0,0.0,0.0,0.0,0.0,0.0,0.0,nan,0.0,-1.0,3.215183973312378,0.2905065715312958,,0,-1
final,159912,ppo_rev12_114505,1023,goal,76,1.0,1.0,0.0,0.0,0.0,0.0,0.0,0.0,0.0,0.0,5.765437602996826,0.0,-1.0,7.094636917114258,0.28646281361579895,,0,-1
final,159912,ppo_rev12_114505,1024,goal,56,1.0,1.0,0.0,0.0,0.0,0.0,0.0,0.0,0.0,0.0,nan,0.0,-0.45918524265289307,5.106305122375488,0.24581778049468994,,0,-1
final,159912,ppo_rev12_114505,1025,goal,57,1.0,1.0,0.0,0.0,0.0,0.0,0.0,0.0,0.0,0.0,nan,0.0,-1.0,4.815978050231934,0.28364816308021545,,0,-1
final,159912,ppo_rev12_114505,1026,goal,44,1.0,1.0,0.0,0.0,0.0,0.0,0.0,0.0,0.0,0.0,nan,0.0,-1.0,3.2418618202209473,0.28218787908554077,,0,-1
final,159912,ppo_rev12_114505,1027,goal,76,1.0,1.0,0.0,0.0,0.0,0.0,0.0,0.0,0.0,0.0,5.515312671661377,0.0,0.32412946224212646,7.043518543243408,0.1995162069797516,,0,-1
final,159912,ppo_rev12_114505,1028,goal,102,1.0,1.0,0.0,0.0,0.0,0.0,0.0,0.0,0.0,0.0,5.421689987182617,0.0,-1.0,10.785741806030273,0.2934620976448059,,0,-1
final,159912,ppo_rev12_114505,1029,goal,65,1.0,1.0,0.0,0.0,0.0,0.0,0.0,0.0,0.0,0.0,5.6871466636657715,0.0,-1.0,6.337282657623291,0.29913806915283203,,0,-1
final,159912,ppo_rev12_114505,1030,goal,72,1.0,1.0,0.0,0.0,0.0,0.0,0.0,0.0,0.0,0.0,5.589457035064697,0.0,-1.0,6.507753849029541,0.295859694480896,,0,-1
final,159912,ppo_rev12_114505,1031,goal,56,1.0,1.0,0.0,0.0,0.0,0.0,0.0,0.0,0.0,0.0,nan,0.0,-1.0,4.680386543273926,0.24988260865211487,,0,-1
final,159912,ppo_rev12_114505,1032,goal,151,1.0,1.0,0.0,0.0,0.0,0.0,0.0,0.0,0.0,0.0,4.7781572341918945,0.0,-0.2689065933227539,15.83458137512207,0.24799098074436188,,0,-1
final,159912,ppo_rev12_114505,1033,timeout,200,-0.5,0.0,0.0,0.0,0.0,1.0,0.0,0.0,0.0,0.0,1.7920825481414795,0.0,0.5274836421012878,14.46402359008789,nan,,0,-1
final,159912,ppo_rev12_114505,1034,goal,91,1.0,1.0,0.0,0.0,0.0,0.0,0.0,0.0,0.0,0.0,4.45827579498291,0.0,-0.9554177522659302,7.667741298675537,0.2756635546684265,,0,-1
final,159912,ppo_rev12_114505,1035,goal,58,1.0,1.0,0.0,0.0,0.0,0.0,0.0,0.0,0.0,0.0,nan,0.0,-0.6744133234024048,4.4692463874816895,0.2535555362701416,,0,-1
final,159912,ppo_rev12_114505,1036,goal,116,1.0,1.0,0.0,0.0,0.0,0.0,0.0,0.0,0.0,0.0,5.016080856323242,0.0,-0.16872549057006836,12.626293182373047,0.2932222783565521,,0,-1
final,159912,ppo_rev12_114505,1037,goal,130,1.0,1.0,0.0,0.0,0.0,0.0,0.0,0.0,0.0,0.0,1.4988819360733032,0.0,0.1318323016166687,8.023091316223145,0.20791314542293549,,0,-1
final,159912,ppo_rev12_114505,1038,goal,79,1.0,1.0,0.0,0.0,0.0,0.0,0.0,0.0,0.0,0.0,5.645550727844238,0.0,-1.0,8.032026290893555,0.28429293632507324,,0,-1
final,159912,ppo_rev12_114505,1039,goal,95,1.0,1.0,0.0,0.0,0.0,0.0,0.0,0.0,0.0,0.0,6.113953113555908,0.0,-0.9696866273880005,10.171225547790527,0.237183079123497,,0,-1
final,159912,ppo_rev12_114505,1040,goal,43,1.0,1.0,0.0,0.0,0.0,0.0,0.0,0.0,0.0,0.0,nan,0.0,-0.8007411956787109,3.0194029808044434,0.2965988218784332,,0,-1
final,159912,ppo_rev12_114505,1041,goal,62,1.0,1.0,0.0,0.0,0.0,0.0,0.0,0.0,0.0,0.0,4.353390693664551,0.0,-1.0,4.967652320861816,0.2898532450199127,,0,-1
final,159912,ppo_rev12_114505,1042,collision,3,-2.0,0.0,1.0,0.0,0.0,0.0,0.0,0.0,0.0,0.0,nan,0.0,-1.0,0.12424670159816742,nan,band_lower,0,-1
final,159912,ppo_rev12_114505,1043,goal,145,1.0,1.0,0.0,0.0,0.0,0.0,0.0,0.0,0.0,0.0,1.7394218444824219,0.0,0.2256014347076416,9.698986053466797,0.2933988571166992,,0,-1
final,159912,ppo_rev12_114505,1044,goal,69,1.0,1.0,0.0,0.0,0.0,0.0,0.0,0.0,0.0,0.0,5.262899398803711,0.0,-1.0,6.398902416229248,0.2733380198478699,,0,-1
final,159912,ppo_rev12_114505,1045,goal,71,1.0,1.0,0.0,0.0,0.0,0.0,0.0,0.0,0.0,0.0,1.4095141887664795,0.0,0.31277257204055786,2.133794069290161,0.15892112255096436,,0,-1
final,159912,ppo_rev12_114505,1046,goal,63,1.0,1.0,0.0,0.0,0.0,0.0,0.0,0.0,0.0,0.0,4.661667823791504,0.0,-1.0,5.215666770935059,0.26897433400154114,,0,-1
final,159912,ppo_rev12_114505,1047,goal,54,1.0,1.0,0.0,0.0,0.0,0.0,0.0,0.0,0.0,0.0,nan,0.0,-1.0,5.125214576721191,0.25128036737442017,,0,-1
final,159912,ppo_rev12_114505,1048,goal,80,1.0,1.0,0.0,0.0,0.0,0.0,0.0,0.0,0.0,0.0,4.913751125335693,0.0,-1.0,8.441662788391113,0.29751741886138916,,0,-1
final,159912,ppo_rev12_114505,1049,goal,60,1.0,1.0,0.0,0.0,0.0,0.0,0.0,0.0,0.0,0.0,5.7036871910095215,0.0,-1.0,5.949398040771484,0.28826868534088135,,0,-1
final,159912,ppo_rev12_114505,1050,goal,91,1.0,1.0,0.0,0.0,0.0,0.0,0.0,0.0,0.0,0.0,2.506281614303589,0.0,-0.20564770698547363,6.186120986938477,0.29516834020614624,,0,-1
final,159912,ppo_rev12_114505,1051,goal,81,1.0,1.0,0.0,0.0,0.0,0.0,0.0,0.0,0.0,0.0,3.284085512161255,0.0,0.6585736870765686,6.457097053527832,0.28396162390708923,,0,-1
final,159912,ppo_rev12_114505,1052,goal,82,1.0,1.0,0.0,0.0,0.0,0.0,0.0,0.0,0.0,0.0,5.648416519165039,0.0,0.547726571559906,7.786439895629883,0.28714457154273987,,0,-1
final,159912,ppo_rev12_114505,1053,goal,69,1.0,1.0,0.0,0.0,0.0,0.0,0.0,0.0,0.0,0.0,5.644170761108398,0.0,-1.0,6.923050880432129,0.28108298778533936,,0,-1
final,159912,ppo_rev12_114505,1054,goal,126,1.0,1.0,0.0,0.0,0.0,0.0,0.0,0.0,0.0,0.0,3.535759925842285,0.0,-0.5655124187469482,12.460675239562988,0.2815607190132141,,0,-1
final,159912,ppo_rev12_114505,1055,goal,92,1.0,1.0,0.0,0.0,0.0,0.0,0.0,0.0,0.0,0.0,3.0105957984924316,0.0,0.6133620738983154,7.689582347869873,0.27109166979789734,,0,-1
final,159912,ppo_rev12_114505,1056,goal,97,1.0,1.0,0.0,0.0,0.0,0.0,0.0,0.0,0.0,0.0,6.030233383178711,0.0,-0.27333545684814453,10.036438941955566,0.22901295125484467,,0,-1
final,159912,ppo_rev12_114505,1057,collision,33,-2.0,0.0,1.0,0.0,0.0,0.0,0.0,0.0,0.0,0.0,nan,0.0,1.0,1.237329125404358,nan,obstacle,0,-1
final,159912,ppo_rev12_114505,1058,goal,74,1.0,1.0,0.0,0.0,0.0,0.0,0.0,0.0,0.0,0.0,4.9077677726745605,0.0,-1.0,5.8632707595825195,0.2500220835208893,,0,-1
final,159912,ppo_rev12_114505,1059,collision,63,-2.0,0.0,1.0,0.0,0.0,0.0,0.0,0.0,0.0,0.0,4.727066516876221,0.0,1.0,5.808841705322266,nan,obstacle,0,-1
final,159912,ppo_rev12_114505,1060,goal,144,1.0,1.0,0.0,0.0,0.0,0.0,0.0,0.0,0.0,0.0,1.9119305610656738,0.0,-0.2902712821960449,11.499015808105469,0.2961520552635193,,0,-1
final,159912,ppo_rev12_114505,1061,goal,62,1.0,1.0,0.0,0.0,0.0,0.0,0.0,0.0,0.0,0.0,5.685297966003418,0.0,-0.06539177894592285,6.223636627197266,0.2942448854446411,,0,-1
final,159912,ppo_rev12_114505,1062,timeout,200,-0.5,0.0,0.0,0.0,0.0,1.0,0.0,0.0,0.0,0.0,1.2883492708206177,0.0,-0.0009728670120239258,12.850686073303223,nan,,0,-1
final,159912,ppo_rev12_114505,1063,goal,168,1.0,1.0,0.0,0.0,0.0,0.0,0.0,0.0,0.0,0.0,4.747692108154297,0.0,-1.0,18.746564865112305,0.25425592064857483,,0,-1
final,159912,ppo_rev12_114505,1064,goal,85,1.0,1.0,0.0,0.0,0.0,0.0,0.0,0.0,0.0,0.0,4.161009311676025,0.0,-1.0,8.774120330810547,0.2874281704425812,,0,-1
final,159912,ppo_rev12_114505,1065,goal,54,1.0,1.0,0.0,0.0,0.0,0.0,0.0,0.0,0.0,0.0,nan,0.0,-1.0,3.132491111755371,0.27543947100639343,,0,-1
final,159912,ppo_rev12_114505,1066,goal,89,1.0,1.0,0.0,0.0,0.0,0.0,0.0,0.0,0.0,0.0,6.157589912414551,0.0,-1.0,9.352356910705566,0.26406073570251465,,0,-1
final,159912,ppo_rev12_114505,1067,goal,174,1.0,1.0,0.0,0.0,0.0,0.0,0.0,0.0,0.0,0.0,1.0817736387252808,0.0,0.311573326587677,11.114880561828613,0.2934611439704895,,0,-1
final,159912,ppo_rev12_114505,1068,goal,102,1.0,1.0,0.0,0.0,0.0,0.0,0.0,0.0,0.0,0.0,5.132361888885498,0.0,-1.0,10.401655197143555,0.27197182178497314,,0,-1
final,159912,ppo_rev12_114505,1069,goal,58,1.0,1.0,0.0,0.0,0.0,0.0,0.0,0.0,0.0,0.0,nan,0.0,-1.0,5.373015403747559,0.15872132778167725,,0,-1
final,159912,ppo_rev12_114505,1070,goal,63,1.0,1.0,0.0,0.0,0.0,0.0,0.0,0.0,0.0,0.0,5.315159797668457,0.0,-1.0,5.515523433685303,0.26635289192199707,,0,-1
final,159912,ppo_rev12_114505,1071,goal,63,1.0,1.0,0.0,0.0,0.0,0.0,0.0,0.0,0.0,0.0,5.689023971557617,0.0,-1.0,5.938217639923096,0.2408880591392517,,0,-1
final,159912,ppo_rev12_114505,1072,goal,71,1.0,1.0,0.0,0.0,0.0,0.0,0.0,0.0,0.0,0.0,5.540747165679932,0.0,-0.09427487850189209,6.60158634185791,0.2912358343601227,,0,-1
final,159912,ppo_rev12_114505,1073,goal,132,1.0,1.0,0.0,0.0,0.0,0.0,0.0,0.0,0.0,0.0,2.360579252243042,0.0,0.7265344858169556,10.694297790527344,0.2789978086948395,,0,-1
final,159912,ppo_rev12_114505,1074,goal,74,1.0,1.0,0.0,0.0,0.0,0.0,0.0,0.0,0.0,0.0,2.4715824127197266,0.0,0.3364756107330322,3.823072671890259,0.29734566807746887,,0,-1
final,159912,ppo_rev12_114505,1075,goal,68,1.0,1.0,0.0,0.0,0.0,0.0,0.0,0.0,0.0,0.0,5.024494647979736,0.0,-1.0,5.769671440124512,0.09383818507194519,,0,-1
final,159912,ppo_rev12_114505,1076,goal,49,1.0,1.0,0.0,0.0,0.0,0.0,0.0,0.0,0.0,0.0,nan,0.0,-1.0,4.165367126464844,0.278205543756485,,0,-1
final,159912,ppo_rev12_114505,1077,goal,108,1.0,1.0,0.0,0.0,0.0,0.0,0.0,0.0,0.0,0.0,3.752707004547119,0.0,0.3431854248046875,10.00720500946045,0.27143627405166626,,0,-1
final,159912,ppo_rev12_114505,1078,goal,106,1.0,1.0,0.0,0.0,0.0,0.0,0.0,0.0,0.0,0.0,2.933636426925659,0.0,-1.0,9.595958709716797,0.24863722920417786,,0,-1
final,159912,ppo_rev12_114505,1079,goal,60,1.0,1.0,0.0,0.0,0.0,0.0,0.0,0.0,0.0,0.0,4.720106601715088,0.0,-1.0,5.108393669128418,0.2512691617012024,,0,-1
final,159912,ppo_rev12_114505,1080,goal,59,1.0,1.0,0.0,0.0,0.0,0.0,0.0,0.0,0.0,0.0,nan,0.0,-0.22171783447265625,5.420745849609375,0.2871682643890381,,0,-1
final,159912,ppo_rev12_114505,1081,goal,73,1.0,1.0,0.0,0.0,0.0,0.0,0.0,0.0,0.0,0.0,5.596099376678467,0.0,-1.0,7.517242431640625,0.28153443336486816,,0,-1
final,159912,ppo_rev12_114505,1082,goal,64,1.0,1.0,0.0,0.0,0.0,0.0,0.0,0.0,0.0,0.0,3.9768683910369873,0.0,-1.0,5.353066444396973,0.2919064164161682,,0,-1
final,159912,ppo_rev12_114505,1083,goal,106,1.0,1.0,0.0,0.0,0.0,0.0,0.0,0.0,0.0,0.0,2.326514482498169,0.0,0.7947539687156677,8.569679260253906,0.07937435805797577,,0,-1
final,159912,ppo_rev12_114505,1084,goal,195,1.0,1.0,0.0,0.0,0.0,0.0,0.0,0.0,0.0,0.0,1.5207728147506714,0.0,-0.16748476028442383,16.025592803955078,0.22211699187755585,,0,-1
final,159912,ppo_rev12_114505,1085,goal,79,1.0,1.0,0.0,0.0,0.0,0.0,0.0,0.0,0.0,0.0,4.959258079528809,0.0,-0.5720747709274292,6.234589099884033,0.2974293828010559,,0,-1
final,159912,ppo_rev12_114505,1086,goal,136,1.0,1.0,0.0,0.0,0.0,0.0,0.0,0.0,0.0,0.0,2.2557461261749268,0.0,-0.5699096918106079,9.154194831848145,0.2759377956390381,,0,-1
final,159912,ppo_rev12_114505,1087,goal,67,1.0,1.0,0.0,0.0,0.0,0.0,0.0,0.0,0.0,0.0,5.632622718811035,0.0,-1.0,6.325779914855957,0.2573370039463043,,0,-1
final,159912,ppo_rev12_114505,1088,goal,100,1.0,1.0,0.0,0.0,0.0,0.0,0.0,0.0,0.0,0.0,4.043344974517822,0.0,-1.0,9.096275329589844,0.2603868842124939,,0,-1
final,159912,ppo_rev12_114505,1089,goal,88,1.0,1.0,0.0,0.0,0.0,0.0,0.0,0.0,0.0,0.0,4.567232608795166,0.0,-1.0,7.89790153503418,0.2712573707103729,,0,-1
final,159912,ppo_rev12_114505,1090,goal,35,1.0,1.0,0.0,0.0,0.0,0.0,0.0,0.0,0.0,0.0,nan,0.0,-1.0,2.270698070526123,0.2669035494327545,,0,-1
final,159912,ppo_rev12_114505,1091,goal,63,1.0,1.0,0.0,0.0,0.0,0.0,0.0,0.0,0.0,0.0,5.589102745056152,0.0,-0.5218571424484253,5.933815002441406,0.2848987579345703,,0,-1
final,159912,ppo_rev12_114505,1092,goal,169,1.0,1.0,0.0,0.0,0.0,0.0,0.0,0.0,0.0,0.0,0.12901225686073303,0.0,-1.0,9.546953201293945,0.20007866621017456,,0,-1
final,159912,ppo_rev12_114505,1093,goal,71,1.0,1.0,0.0,0.0,0.0,0.0,0.0,0.0,0.0,0.0,2.825535535812378,0.0,-1.0,3.7121741771698,0.1225130632519722,,0,-1
final,159912,ppo_rev12_114505,1094,goal,47,1.0,1.0,0.0,0.0,0.0,0.0,0.0,0.0,0.0,0.0,nan,0.0,-1.0,4.006665229797363,0.16743521392345428,,0,-1
final,159912,ppo_rev12_114505,1095,goal,57,1.0,1.0,0.0,0.0,0.0,0.0,0.0,0.0,0.0,0.0,nan,0.0,-0.6497608423233032,5.543377876281738,0.2637164890766144,,0,-1
final,159912,ppo_rev12_114505,1096,goal,44,1.0,1.0,0.0,0.0,0.0,0.0,0.0,0.0,0.0,0.0,nan,0.0,-1.0,3.99362850189209,0.29866206645965576,,0,-1
final,159912,ppo_rev12_114505,1097,goal,100,1.0,1.0,0.0,0.0,0.0,0.0,0.0,0.0,0.0,0.0,4.0048112869262695,0.0,-1.0,9.366172790527344,0.26311439275741577,,0,-1
final,159912,ppo_rev12_114505,1098,goal,55,1.0,1.0,0.0,0.0,0.0,0.0,0.0,0.0,0.0,0.0,nan,0.0,-1.0,4.864935874938965,0.28739261627197266,,0,-1
final,159912,ppo_rev12_114505,1099,goal,161,1.0,1.0,0.0,0.0,0.0,0.0,0.0,0.0,0.0,0.0,3.518503189086914,0.0,-0.5867630243301392,14.23326301574707,0.2642059326171875,,0,-1
final,159912,ppo_rev12_114505,1100,goal,81,1.0,1.0,0.0,0.0,0.0,0.0,0.0,0.0,0.0,0.0,6.251874923706055,0.0,-1.0,8.598814964294434,0.26404181122779846,,0,-1
final,159912,ppo_rev12_114505,1101,goal,67,1.0,1.0,0.0,0.0,0.0,0.0,0.0,0.0,0.0,0.0,5.963933944702148,0.0,-1.0,6.480988025665283,0.2835395634174347,,0,-1
final,159912,ppo_rev12_114505,1102,goal,74,1.0,1.0,0.0,0.0,0.0,0.0,0.0,0.0,0.0,0.0,6.010542392730713,0.0,-1.0,6.679457187652588,0.2859375774860382,,0,-1
final,159912,ppo_rev12_114505,1103,goal,71,1.0,1.0,0.0,0.0,0.0,0.0,0.0,0.0,0.0,0.0,4.204449653625488,0.0,-0.6584621667861938,6.7126054763793945,0.29440948367118835,,0,-1
final,159912,ppo_rev12_114505,1104,goal,103,1.0,1.0,0.0,0.0,0.0,0.0,0.0,0.0,0.0,0.0,3.472400188446045,0.0,-1.0,8.310945510864258,0.29789602756500244,,0,-1
final,159912,ppo_rev12_114505,1105,collision,69,-2.0,0.0,1.0,0.0,0.0,0.0,0.0,0.0,0.0,0.0,3.8142056465148926,0.0,1.0,6.362415790557861,nan,obstacle,0,-1
final,159912,ppo_rev12_114505,1106,goal,76,1.0,1.0,0.0,0.0,0.0,0.0,0.0,0.0,0.0,0.0,4.951379299163818,0.0,-1.0,7.235936164855957,0.28771519660949707,,0,-1
final,159912,ppo_rev12_114505,1107,goal,57,1.0,1.0,0.0,0.0,0.0,0.0,0.0,0.0,0.0,0.0,nan,0.0,-1.0,4.939085960388184,0.2835226058959961,,0,-1
final,159912,ppo_rev12_114505,1108,goal,68,1.0,1.0,0.0,0.0,0.0,0.0,0.0,0.0,0.0,0.0,5.013312339782715,0.0,-1.0,5.562844276428223,0.2710314393043518,,0,-1
final,159912,ppo_rev12_114505,1109,goal,62,1.0,1.0,0.0,0.0,0.0,0.0,0.0,0.0,0.0,0.0,5.164679527282715,0.0,-1.0,5.890504837036133,0.23423705995082855,,0,-1
final,159912,ppo_rev12_114505,1110,timeout,200,-0.5,0.0,0.0,0.0,0.0,1.0,0.0,0.0,0.0,0.0,0.9786314964294434,0.0,-0.09452426433563232,12.091428756713867,nan,,0,-1
final,159912,ppo_rev12_114505,1111,goal,105,1.0,1.0,0.0,0.0,0.0,0.0,0.0,0.0,0.0,0.0,4.148374557495117,0.0,-1.0,10.02563762664795,0.2892304062843323,,0,-1
final,159912,ppo_rev12_114505,1112,goal,81,1.0,1.0,0.0,0.0,0.0,0.0,0.0,0.0,0.0,0.0,3.45280122756958,0.0,-0.953033447265625,5.256618499755859,0.2488016039133072,,0,-1
final,159912,ppo_rev12_114505,1113,goal,102,1.0,1.0,0.0,0.0,0.0,0.0,0.0,0.0,0.0,0.0,5.183232307434082,0.0,-1.0,11.28936767578125,0.2948705852031708,,0,-1
final,159912,ppo_rev12_114505,1114,goal,67,1.0,1.0,0.0,0.0,0.0,0.0,0.0,0.0,0.0,0.0,4.227296829223633,0.0,0.16559219360351562,4.903972625732422,0.12574777007102966,,0,-1
final,159912,ppo_rev12_114505,1115,goal,110,1.0,1.0,0.0,0.0,0.0,0.0,0.0,0.0,0.0,0.0,2.6111059188842773,0.0,0.010416388511657715,8.756830215454102,0.2825317680835724,,0,-1
final,159912,ppo_rev12_114505,1116,goal,105,1.0,1.0,0.0,0.0,0.0,0.0,0.0,0.0,0.0,0.0,2.9964706897735596,0.0,0.11171096563339233,8.25900650024414,0.2651420831680298,,0,-1
final,159912,ppo_rev12_114505,1117,goal,75,1.0,1.0,0.0,0.0,0.0,0.0,0.0,0.0,0.0,0.0,5.6512451171875,0.0,-1.0,7.427499771118164,0.2758829593658447,,0,-1
final,159912,ppo_rev12_114505,1118,goal,121,1.0,1.0,0.0,0.0,0.0,0.0,0.0,0.0,0.0,0.0,3.383213520050049,0.0,-0.22052812576293945,9.766351699829102,0.1969267725944519,,0,-1
final,159912,ppo_rev12_114505,1119,goal,39,1.0,1.0,0.0,0.0,0.0,0.0,0.0,0.0,0.0,0.0,nan,0.0,-1.0,3.1436333656311035,0.26518118381500244,,0,-1
final,159912,ppo_rev12_114505,1120,goal,47,1.0,1.0,0.0,0.0,0.0,0.0,0.0,0.0,0.0,0.0,nan,0.0,-1.0,3.5373787879943848,0.2881636321544647,,0,-1
final,159912,ppo_rev12_114505,1121,goal,121,1.0,1.0,0.0,0.0,0.0,0.0,0.0,0.0,0.0,0.0,2.939849615097046,0.0,0.14144819974899292,9.935672760009766,0.26576197147369385,,0,-1
final,159912,ppo_rev12_114505,1122,goal,78,1.0,1.0,0.0,0.0,0.0,0.0,0.0,0.0,0.0,0.0,4.918787479400635,0.0,-1.0,7.471377372741699,0.2780784070491791,,0,-1
final,159912,ppo_rev12_114505,1123,goal,49,1.0,1.0,0.0,0.0,0.0,0.0,0.0,0.0,0.0,0.0,nan,0.0,-1.0,4.27921724319458,0.2847488820552826,,0,-1
final,159912,ppo_rev12_114505,1124,goal,61,1.0,1.0,0.0,0.0,0.0,0.0,0.0,0.0,0.0,0.0,5.62868595123291,0.0,-1.0,6.103555679321289,0.1515921950340271,,0,-1
final,159912,ppo_rev12_114505,1125,goal,46,1.0,1.0,0.0,0.0,0.0,0.0,0.0,0.0,0.0,0.0,nan,0.0,-1.0,2.5282082557678223,0.27299609780311584,,0,-1
final,159912,ppo_rev12_114505,1126,goal,99,1.0,1.0,0.0,0.0,0.0,0.0,0.0,0.0,0.0,0.0,3.7457993030548096,0.0,-1.0,8.522676467895508,0.25440752506256104,,0,-1
final,159912,ppo_rev12_114505,1127,goal,146,1.0,1.0,0.0,0.0,0.0,0.0,0.0,0.0,0.0,0.0,3.1628949642181396,0.0,-0.9622561931610107,13.965771675109863,0.25313884019851685,,0,-1
final,159912,ppo_rev12_114505,1128,goal,121,1.0,1.0,0.0,0.0,0.0,0.0,0.0,0.0,0.0,0.0,2.629422426223755,0.0,-0.2814154624938965,7.271261215209961,0.1894378364086151,,0,-1
final,159912,ppo_rev12_114505,1129,goal,68,1.0,1.0,0.0,0.0,0.0,0.0,0.0,0.0,0.0,0.0,4.988979339599609,0.0,-1.0,5.549441337585449,0.12611617147922516,,0,-1
final,159912,ppo_rev12_114505,1130,goal,51,1.0,1.0,0.0,0.0,0.0,0.0,0.0,0.0,0.0,0.0,nan,0.0,-1.0,4.655187129974365,0.23495939373970032,,0,-1
final,159912,ppo_rev12_114505,1131,goal,58,1.0,1.0,0.0,0.0,0.0,0.0,0.0,0.0,0.0,0.0,nan,0.0,-1.0,5.619143962860107,0.24123573303222656,,0,-1
final,159912,ppo_rev12_114505,1132,goal,198,1.0,1.0,0.0,0.0,0.0,0.0,0.0,0.0,0.0,0.0,1.9194579124450684,0.0,0.5476531982421875,18.544754028320312,0.26522138714790344,,0,-1
final,159912,ppo_rev12_114505,1133,goal,80,1.0,1.0,0.0,0.0,0.0,0.0,0.0,0.0,0.0,0.0,5.593640327453613,0.0,-0.8875888586044312,7.840558052062988,0.27868035435676575,,0,-1
final,159912,ppo_rev12_114505,1134,goal,83,1.0,1.0,0.0,0.0,0.0,0.0,0.0,0.0,0.0,0.0,4.189209938049316,0.0,-0.6258835792541504,6.812957763671875,0.2508421540260315,,0,-1
final,159912,ppo_rev12_114505,1135,goal,55,1.0,1.0,0.0,0.0,0.0,0.0,0.0,0.0,0.0,0.0,nan,0.0,0.027602314949035645,4.1582770347595215,0.2614996135234833,,0,-1
final,159912,ppo_rev12_114505,1136,goal,63,1.0,1.0,0.0,0.0,0.0,0.0,0.0,0.0,0.0,0.0,5.869201183319092,0.0,-1.0,6.338918685913086,0.2652490735054016,,0,-1
final,159912,ppo_rev12_114505,1137,goal,56,1.0,1.0,0.0,0.0,0.0,0.0,0.0,0.0,0.0,0.0,nan,0.0,-1.0,4.941952705383301,0.06566683948040009,,0,-1
final,159912,ppo_rev12_114505,1138,goal,111,1.0,1.0,0.0,0.0,0.0,0.0,0.0,0.0,0.0,0.0,3.0602097511291504,0.0,0.17087793350219727,9.60804271697998,0.2639060616493225,,0,-1
final,159912,ppo_rev12_114505,1139,goal,54,1.0,1.0,0.0,0.0,0.0,0.0,0.0,0.0,0.0,0.0,nan,0.0,-1.0,3.701544761657715,0.2854388654232025,,0,-1
final,159912,ppo_rev12_114505,1140,goal,92,1.0,1.0,0.0,0.0,0.0,0.0,0.0,0.0,0.0,0.0,5.232348442077637,0.0,-0.1383652687072754,8.536582946777344,0.07361441105604172,,0,-1
final,159912,ppo_rev12_114505,1141,goal,49,1.0,1.0,0.0,0.0,0.0,0.0,0.0,0.0,0.0,0.0,nan,0.0,-0.43632328510284424,2.5899252891540527,0.2825021743774414,,0,-1
final,159912,ppo_rev12_114505,1142,goal,72,1.0,1.0,0.0,0.0,0.0,0.0,0.0,0.0,0.0,0.027777777777777776,6.057845115661621,0.0,-1.0,7.323299407958984,0.27108919620513916,,0,-1
final,159912,ppo_rev12_114505,1143,goal,57,1.0,1.0,0.0,0.0,0.0,0.0,0.0,0.0,0.0,0.0,nan,0.0,0.09419536590576172,5.353394508361816,0.21366648375988007,,0,-1
final,159912,ppo_rev12_114505,1144,goal,59,1.0,1.0,0.0,0.0,0.0,0.0,0.0,0.0,0.0,0.0,nan,0.0,-0.5234204530715942,4.717344284057617,0.2799232304096222,,0,-1
final,159912,ppo_rev12_114505,1145,goal,109,1.0,1.0,0.0,0.0,0.0,0.0,0.0,0.0,0.0,0.0,4.668686389923096,0.0,-1.0,10.5291109085083,0.26374587416648865,,0,-1
final,159912,ppo_rev12_114505,1146,collision,20,-2.0,0.0,1.0,0.0,0.0,0.0,0.0,0.0,0.0,0.0,nan,0.0,1.0,1.143570899963379,nan,obstacle,0,-1
final,159912,ppo_rev12_114505,1147,collision,5,-2.0,0.0,1.0,0.0,0.0,0.0,0.0,0.0,0.0,0.0,nan,0.0,1.0,0.32270240783691406,nan,obstacle,0,-1
final,159912,ppo_rev12_114505,1148,goal,58,1.0,1.0,0.0,0.0,0.0,0.0,0.0,0.0,0.0,0.0,nan,0.0,-1.0,4.440481662750244,0.2574425935745239,,0,-1
final,159912,ppo_rev12_114505,1149,goal,117,1.0,1.0,0.0,0.0,0.0,0.0,0.0,0.0,0.0,0.0,4.354138374328613,0.0,0.15749871730804443,10.372586250305176,0.28364813327789307,,0,-1
final,159912,ppo_rev12_114505,1150,goal,72,1.0,1.0,0.0,0.0,0.0,0.0,0.0,0.0,0.0,0.0,5.079958915710449,0.0,-1.0,7.312797546386719,0.2916593551635742,,0,-1
final,159912,ppo_rev12_114505,1151,goal,62,1.0,1.0,0.0,0.0,0.0,0.0,0.0,0.0,0.0,0.0,5.903831481933594,0.0,-1.0,6.20887565612793,0.27604296803474426,,0,-1
final,159912,ppo_rev12_114505,1152,goal,46,1.0,1.0,0.0,0.0,0.0,0.0,0.0,0.0,0.0,0.0,nan,0.0,-1.0,2.784593105316162,0.25491073727607727,,0,-1
final,159912,ppo_rev12_114505,1153,goal,79,1.0,1.0,0.0,0.0,0.0,0.0,0.0,0.0,0.0,0.0,6.180178642272949,0.0,-1.0,8.833992004394531,0.29605478048324585,,0,-1
final,159912,ppo_rev12_114505,1154,goal,63,1.0,1.0,0.0,0.0,0.0,0.0,0.0,0.0,0.0,0.0,5.212831020355225,0.0,-1.0,6.223134994506836,0.2937621772289276,,0,-1
final,159912,ppo_rev12_114505,1155,goal,72,1.0,1.0,0.0,0.0,0.0,0.0,0.0,0.0,0.0,0.0,5.657411098480225,0.0,-1.0,6.675471305847168,0.2656858563423157,,0,-1
final,159912,ppo_rev12_114505,1156,goal,85,1.0,1.0,0.0,0.0,0.0,0.0,0.0,0.0,0.0,0.0,4.4730658531188965,0.0,0.5675357580184937,6.5662126541137695,0.26599377393722534,,0,-1
final,159912,ppo_rev12_114505,1157,goal,42,1.0,1.0,0.0,0.0,0.0,0.0,0.0,0.0,0.0,0.0,nan,0.0,-1.0,3.103318691253662,0.2441033571958542,,0,-1
final,159912,ppo_rev12_114505,1158,collision,72,-2.0,0.0,1.0,0.0,0.0,0.0,0.0,0.0,0.0,0.0,5.602086544036865,0.0,1.0,8.13800048828125,nan,obstacle,0,-1
final,159912,ppo_rev12_114505,1159,goal,102,1.0,1.0,0.0,0.0,0.0,0.0,0.0,0.0,0.0,0.0,1.5171781778335571,0.0,-0.726934552192688,5.716713905334473,0.2911835014820099,,0,-1
final,159912,ppo_rev12_114505,1160,goal,79,1.0,1.0,0.0,0.0,0.0,0.0,0.0,0.0,0.0,0.05063291139240506,5.108312129974365,0.0,-0.8157598972320557,7.752719879150391,0.2725481390953064,,0,-1
final,159912,ppo_rev12_114505,1161,goal,32,1.0,1.0,0.0,0.0,0.0,0.0,0.0,0.0,0.0,0.0,nan,0.0,-1.0,2.0621633529663086,0.2901213765144348,,0,-1
final,159912,ppo_rev12_114505,1162,goal,61,1.0,1.0,0.0,0.0,0.0,0.0,0.0,0.0,0.0,0.0,3.971925735473633,0.0,-1.0,4.733647346496582,0.26611629128456116,,0,-1
final,159912,ppo_rev12_114505,1163,goal,85,1.0,1.0,0.0,0.0,0.0,0.0,0.0,0.0,0.0,0.0,5.230385780334473,0.0,-0.5091797113418579,8.071861267089844,0.24575524032115936,,0,-1
final,159912,ppo_rev12_114505,1164,goal,123,1.0,1.0,0.0,0.0,0.0,0.0,0.0,0.0,0.0,0.0,1.7240560054779053,0.0,-0.5598464012145996,8.914346694946289,0.2863962948322296,,0,-1
final,159912,ppo_rev12_114505,1165,goal,84,1.0,1.0,0.0,0.0,0.0,0.0,0.0,0.0,0.0,0.0,3.780688524246216,0.0,-1.0,6.964632511138916,0.11038469523191452,,0,-1
final,159912,ppo_rev12_114505,1166,goal,84,1.0,1.0,0.0,0.0,0.0,0.0,0.0,0.0,0.0,0.0,4.509954452514648,0.0,-1.0,6.811692237854004,0.28424790501594543,,0,-1
final,159912,ppo_rev12_114505,1167,goal,38,1.0,1.0,0.0,0.0,0.0,0.0,0.0,0.0,0.0,0.0,nan,0.0,-1.0,2.9309377670288086,0.2659211754798889,,0,-1
final,159912,ppo_rev12_114505,1168,stuck,152,-1.0,0.0,0.0,0.0,1.0,0.0,0.0,0.0,0.0,0.0,0.0031449166126549244,0.0,-0.8844399452209473,9.651615142822266,nan,,0,-1
final,159912,ppo_rev12_114505,1169,goal,179,1.0,1.0,0.0,0.0,0.0,0.0,0.0,0.0,0.0,0.0,1.0976277589797974,0.0,-0.07924842834472656,14.529071807861328,0.2873639166355133,,0,-1
final,159912,ppo_rev12_114505,1170,goal,75,1.0,1.0,0.0,0.0,0.0,0.0,0.0,0.0,0.0,0.0,5.0077128410339355,0.0,0.9462131261825562,6.550258636474609,0.29550808668136597,,0,-1
final,159912,ppo_rev12_114505,1171,collision,192,-2.0,0.0,1.0,0.0,0.0,0.0,0.0,0.0,0.0,0.0,1.3292820453643799,0.0,1.0,12.70779037475586,nan,obstacle,0,-1
final,159912,ppo_rev12_114505,1172,goal,75,1.0,1.0,0.0,0.0,0.0,0.0,0.0,0.0,0.0,0.0,6.083617687225342,0.0,-1.0,7.2595109939575195,0.29458683729171753,,0,-1
final,159912,ppo_rev12_114505,1173,goal,117,1.0,1.0,0.0,0.0,0.0,0.0,0.0,0.0,0.0,0.0,1.8356389999389648,0.0,-0.8908109664916992,8.408048629760742,0.26470351219177246,,0,-1
final,159912,ppo_rev12_114505,1174,goal,50,1.0,1.0,0.0,0.0,0.0,0.0,0.0,0.0,0.0,0.0,nan,0.0,-1.0,3.5611777305603027,0.274936318397522,,0,-1
final,159912,ppo_rev12_114505,1175,goal,76,1.0,1.0,0.0,0.0,0.0,0.0,0.0,0.0,0.0,0.0,3.7282445430755615,0.0,-1.0,5.402192115783691,0.28958097100257874,,0,-1
final,159912,ppo_rev12_114505,1176,goal,66,1.0,1.0,0.0,0.0,0.0,0.0,0.0,0.0,0.0,0.0,4.96110725402832,0.0,-0.4581453800201416,5.808540344238281,0.20283393561840057,,0,-1
final,159912,ppo_rev12_114505,1177,goal,90,1.0,1.0,0.0,0.0,0.0,0.0,0.0,0.0,0.0,0.0,4.032267093658447,0.0,-1.0,7.881305694580078,0.2869265079498291,,0,-1
final,159912,ppo_rev12_114505,1178,goal,69,1.0,1.0,0.0,0.0,0.0,0.0,0.0,0.0,0.0,0.0,4.562095642089844,0.0,-0.6767774820327759,5.549415588378906,0.24349641799926758,,0,-1
final,159912,ppo_rev12_114505,1179,goal,116,1.0,1.0,0.0,0.0,0.0,0.0,0.0,0.0,0.0,0.0,4.717376708984375,0.0,-0.13293206691741943,12.44461441040039,0.24955493211746216,,0,-1
final,159912,ppo_rev12_114505,1180,goal,140,1.0,1.0,0.0,0.0,0.0,0.0,0.0,0.0,0.0,0.0,2.2125189304351807,0.0,0.05391275882720947,11.739357948303223,0.2807726562023163,,0,-1
final,159912,ppo_rev12_114505,1181,goal,112,1.0,1.0,0.0,0.0,0.0,0.0,0.0,0.0,0.0,0.0,5.686596393585205,0.0,-1.0,11.83329963684082,0.2775566875934601,,0,-1
final,159912,ppo_rev12_114505,1182,goal,79,1.0,1.0,0.0,0.0,0.0,0.0,0.0,0.0,0.0,0.0,5.057887554168701,0.0,-1.0,8.04751968383789,0.26465263962745667,,0,-1
final,159912,ppo_rev12_114505,1183,goal,85,1.0,1.0,0.0,0.0,0.0,0.0,0.0,0.0,0.0,0.0,5.700342178344727,0.0,-1.0,8.073963165283203,0.23664721846580505,,0,-1
final,159912,ppo_rev12_114505,1184,goal,87,1.0,1.0,0.0,0.0,0.0,0.0,0.0,0.0,0.0,0.0,5.7257208824157715,0.0,-1.0,8.724189758300781,0.2936316430568695,,0,-1
final,159912,ppo_rev12_114505,1185,goal,88,1.0,1.0,0.0,0.0,0.0,0.0,0.0,0.0,0.0,0.0,5.628655910491943,0.0,-1.0,9.295324325561523,0.2803492844104767,,0,-1
final,159912,ppo_rev12_114505,1186,goal,74,1.0,1.0,0.0,0.0,0.0,0.0,0.0,0.0,0.0,0.0,5.480401515960693,0.0,-1.0,7.32768440246582,0.17487508058547974,,0,-1
final,159912,ppo_rev12_114505,1187,goal,103,1.0,1.0,0.0,0.0,0.0,0.0,0.0,0.0,0.0,0.0,4.6975860595703125,0.0,-1.0,10.435836791992188,0.267254114151001,,0,-1
final,159912,ppo_rev12_114505,1188,goal,94,1.0,1.0,0.0,0.0,0.0,0.0,0.0,0.0,0.0,0.0,4.869966506958008,0.0,-1.0,9.172076225280762,0.2985473871231079,,0,-1
final,159912,ppo_rev12_114505,1189,stuck,140,-1.0,0.0,0.0,0.0,1.0,0.0,0.0,0.0,0.0,0.0,0.0465899296104908,0.0,-0.8157503604888916,8.0877685546875,nan,,0,-1
final,159912,ppo_rev12_114505,1190,goal,73,1.0,1.0,0.0,0.0,0.0,0.0,0.0,0.0,0.0,0.0,4.366611003875732,0.0,-0.6605677604675293,5.782879829406738,0.1957990527153015,,0,-1
final,159912,ppo_rev12_114505,1191,goal,130,1.0,1.0,0.0,0.0,0.0,0.0,0.0,0.0,0.0,0.0,3.753976821899414,0.0,-1.0,12.119054794311523,0.2876795530319214,,0,-1
final,159912,ppo_rev12_114505,1192,goal,72,1.0,1.0,0.0,0.0,0.0,0.0,0.0,0.0,0.0,0.0,5.9103851318359375,0.0,-1.0,7.264448165893555,0.295482337474823,,0,-1
final,159912,ppo_rev12_114505,1193,goal,85,1.0,1.0,0.0,0.0,0.0,0.0,0.0,0.0,0.0,0.0,3.1209566593170166,0.0,0.6961809396743774,6.768328666687012,0.299245148897171,,0,-1
final,159912,ppo_rev12_114505,1194,goal,90,1.0,1.0,0.0,0.0,0.0,0.0,0.0,0.0,0.0,0.0,4.576477527618408,0.0,-1.0,8.62039566040039,0.290626585483551,,0,-1
final,159912,ppo_rev12_114505,1195,goal,97,1.0,1.0,0.0,0.0,0.0,0.0,0.0,0.0,0.0,0.0,5.844124794006348,0.0,-1.0,10.521339416503906,0.27840790152549744,,0,-1
final,159912,ppo_rev12_114505,1196,goal,64,1.0,1.0,0.0,0.0,0.0,0.0,0.0,0.0,0.0,0.0,6.112297534942627,0.0,-1.0,6.542832374572754,0.23745745420455933,,0,-1
final,159912,ppo_rev12_114505,1197,goal,98,1.0,1.0,0.0,0.0,0.0,0.0,0.0,0.0,0.0,0.0,4.353501319885254,0.0,-1.0,9.225754737854004,0.2904495298862457,,0,-1
final,159912,ppo_rev12_114505,1198,goal,138,1.0,1.0,0.0,0.0,0.0,0.0,0.0,0.0,0.0,0.0,2.610189437866211,0.0,-0.2598453760147095,11.33039665222168,0.29842326045036316,,0,-1
final,159912,ppo_rev12_114505,1199,goal,74,1.0,1.0,0.0,0.0,0.0,0.0,0.0,0.0,0.0,0.0,5.404000759124756,0.0,-1.0,6.427613258361816,0.2719450891017914,,0,-1
final,159912,ppo_rev12_114505,1200,goal,47,1.0,1.0,0.0,0.0,0.0,0.0,0.0,0.0,0.0,0.0,nan,0.0,-1.0,3.1064562797546387,0.29678988456726074,,0,-1
final,159912,ppo_rev12_114505,1201,goal,59,1.0,1.0,0.0,0.0,0.0,0.0,0.0,0.0,0.0,0.0,nan,0.0,-1.0,5.572545051574707,0.26281848549842834,,0,-1
final,159912,ppo_rev12_114505,1202,goal,79,1.0,1.0,0.0,0.0,0.0,0.0,0.0,0.0,0.0,0.0,3.9875800609588623,0.0,0.20849591493606567,6.447644233703613,0.07754351198673248,,0,-1
final,159912,ppo_rev12_114505,1203,goal,61,1.0,1.0,0.0,0.0,0.0,0.0,0.0,0.0,0.0,0.0,6.181752681732178,0.0,-1.0,6.423869609832764,0.1660696566104889,,0,-1
final,159912,ppo_rev12_114505,1204,goal,62,1.0,1.0,0.0,0.0,0.0,0.0,0.0,0.0,0.0,0.0,3.9577229022979736,0.0,-1.0,5.038856506347656,0.2979561984539032,,0,-1
final,159912,ppo_rev12_114505,1205,goal,83,1.0,1.0,0.0,0.0,0.0,0.0,0.0,0.0,0.0,0.0,4.364471435546875,0.0,-1.0,6.772796630859375,0.28913572430610657,,0,-1
final,159912,ppo_rev12_114505,1206,timeout,200,-0.5,0.0,0.0,0.0,0.0,1.0,0.0,0.0,0.0,0.0,1.34721040725708,0.0,0.7998046875,13.922172546386719,nan,,0,-1
final,159912,ppo_rev12_114505,1207,goal,67,1.0,1.0,0.0,0.0,0.0,0.0,0.0,0.0,0.0,0.0,5.7976789474487305,0.0,-1.0,6.269105911254883,0.2680596709251404,,0,-1
final,159912,ppo_rev12_114505,1208,goal,33,1.0,1.0,0.0,0.0,0.0,0.0,0.0,0.0,0.0,0.0,nan,0.0,-1.0,2.274211883544922,0.29340094327926636,,0,-1
final,159912,ppo_rev12_114505,1209,goal,73,1.0,1.0,0.0,0.0,0.0,0.0,0.0,0.0,0.0,0.0136986301369863,6.059379577636719,0.0,-1.0,7.0266523361206055,0.19094805419445038,,0,-1
final,159912,ppo_rev12_114505,1210,goal,60,1.0,1.0,0.0,0.0,0.0,0.0,0.0,0.0,0.0,0.0,4.224344730377197,0.0,-1.0,5.472081184387207,0.2848598062992096,,0,-1
final,159912,ppo_rev12_114505,1211,goal,51,1.0,1.0,0.0,0.0,0.0,0.0,0.0,0.0,0.0,0.0,nan,0.0,-1.0,3.812778949737549,0.2758540213108063,,0,-1
final,159912,ppo_rev12_114505,1212,goal,82,1.0,1.0,0.0,0.0,0.0,0.0,0.0,0.0,0.0,0.0,5.330924987792969,0.0,0.1194043755531311,6.987025260925293,0.263746440410614,,0,-1
final,159912,ppo_rev12_114505,1213,goal,83,1.0,1.0,0.0,0.0,0.0,0.0,0.0,0.0,0.0,0.0,4.482394695281982,0.0,-1.0,7.494508743286133,0.2784641981124878,,0,-1
final,159912,ppo_rev12_114505,1214,goal,73,1.0,1.0,0.0,0.0,0.0,0.0,0.0,0.0,0.0,0.0,4.903979301452637,0.0,-0.224983811378479,6.0470662117004395,0.28505784273147583,,0,-1
final,159912,ppo_rev12_114505,1215,goal,50,1.0,1.0,0.0,0.0,0.0,0.0,0.0,0.0,0.0,0.0,nan,0.0,-1.0,3.7139387130737305,0.09881652891635895,,0,-1
final,159912,ppo_rev12_114505,1216,goal,77,1.0,1.0,0.0,0.0,0.0,0.0,0.0,0.0,0.0,0.0,4.526817321777344,0.0,-1.0,7.368621826171875,0.2963995635509491,,0,-1
final,159912,ppo_rev12_114505,1217,goal,83,1.0,1.0,0.0,0.0,0.0,0.0,0.0,0.0,0.0,0.0,5.049870491027832,0.0,-1.0,8.126556396484375,0.2653762400150299,,0,-1
final,159912,ppo_rev12_114505,1218,goal,132,1.0,1.0,0.0,0.0,0.0,0.0,0.0,0.0,0.0,0.0,2.852753162384033,0.0,-0.9485876560211182,11.925932884216309,0.27341821789741516,,0,-1
final,159912,ppo_rev12_114505,1219,goal,59,1.0,1.0,0.0,0.0,0.0,0.0,0.0,0.0,0.0,0.0,nan,0.0,-1.0,4.732773780822754,0.28636637330055237,,0,-1
final,159912,ppo_rev12_114505,1220,goal,76,1.0,1.0,0.0,0.0,0.0,0.0,0.0,0.0,0.0,0.0,4.31420373916626,0.0,-1.0,6.163128852844238,0.05474969744682312,,0,-1
final,159912,ppo_rev12_114505,1221,goal,126,1.0,1.0,0.0,0.0,0.0,0.0,0.0,0.0,0.0,0.0,2.2403786182403564,0.0,0.8198805451393127,8.875160217285156,0.25094568729400635,,0,-1
final,159912,ppo_rev12_114505,1222,goal,98,1.0,1.0,0.0,0.0,0.0,0.0,0.0,0.0,0.0,0.0,3.441533327102661,0.0,-0.7449426651000977,7.486264228820801,0.2921779751777649,,0,-1
final,159912,ppo_rev12_114505,1223,goal,73,1.0,1.0,0.0,0.0,0.0,0.0,0.0,0.0,0.0,0.0,5.633200168609619,0.0,-0.09344589710235596,7.5182976722717285,0.22539067268371582,,0,-1
final,159912,ppo_rev12_114505,1224,goal,187,1.0,1.0,0.0,0.0,0.0,0.0,0.0,0.0,0.0,0.0,2.648439407348633,0.0,-1.0,16.550518035888672,0.28646746277809143,,0,-1
final,159912,ppo_rev12_114505,1225,goal,92,1.0,1.0,0.0,0.0,0.0,0.0,0.0,0.0,0.0,0.0,5.324111461639404,0.0,-1.0,10.0907564163208,0.2514950633049011,,0,-1
final,159912,ppo_rev12_114505,1226,goal,52,1.0,1.0,0.0,0.0,0.0,0.0,0.0,0.0,0.0,0.0,nan,0.0,-0.7723662853240967,4.677839279174805,0.27336135506629944,,0,-1
final,159912,ppo_rev12_114505,1227,goal,127,1.0,1.0,0.0,0.0,0.0,0.0,0.0,0.0,0.0,0.0,3.30245041847229,0.0,-0.6907869577407837,11.612347602844238,0.2972305119037628,,0,-1
final,159912,ppo_rev12_114505,1228,goal,51,1.0,1.0,0.0,0.0,0.0,0.0,0.0,0.0,0.0,0.0,nan,0.0,-1.0,3.5221292972564697,0.25159725546836853,,0,-1
final,159912,ppo_rev12_114505,1229,goal,36,1.0,1.0,0.0,0.0,0.0,0.0,0.0,0.0,0.0,0.0,nan,0.0,-1.0,2.7987725734710693,0.24106507003307343,,0,-1
final,159912,ppo_rev12_114505,1230,goal,89,1.0,1.0,0.0,0.0,0.0,0.0,0.0,0.0,0.0,0.0,1.3629401922225952,0.0,-1.0,4.487948894500732,0.2993992865085602,,0,-1
final,159912,ppo_rev12_114505,1231,goal,51,1.0,1.0,0.0,0.0,0.0,0.0,0.0,0.0,0.0,0.0,nan,0.0,-1.0,4.720186233520508,0.28584879636764526,,0,-1
final,159912,ppo_rev12_114505,1232,goal,116,1.0,1.0,0.0,0.0,0.0,0.0,0.0,0.0,0.0,0.0,3.2112820148468018,0.0,0.5143519043922424,8.647045135498047,0.2867635488510132,,0,-1
final,159912,ppo_rev12_114505,1233,goal,96,1.0,1.0,0.0,0.0,0.0,0.0,0.0,0.0,0.0,0.0,4.351373672485352,0.0,-0.9769529104232788,8.194391250610352,0.29773834347724915,,0,-1
final,159912,ppo_rev12_114505,1234,goal,166,1.0,1.0,0.0,0.0,0.0,0.0,0.0,0.0,0.0,0.0,2.9337198734283447,0.0,0.4200702905654907,17.4725341796875,0.2849575877189636,,0,-1
final,159912,ppo_rev12_114505,1235,goal,152,1.0,1.0,0.0,0.0,0.0,0.0,0.0,0.0,0.0,0.0,2.4673686027526855,0.0,0.28475379943847656,11.342827796936035,0.27534550428390503,,0,-1
final,159912,ppo_rev12_114505,1236,goal,61,1.0,1.0,0.0,0.0,0.0,0.0,0.0,0.0,0.0,0.0,4.489559650421143,0.0,-0.032752037048339844,5.011928558349609,0.27352187037467957,,0,-1
final,159912,ppo_rev12_114505,1237,goal,75,1.0,1.0,0.0,0.0,0.0,0.0,0.0,0.0,0.0,0.0,5.514001369476318,0.0,-1.0,7.4532599449157715,0.24854163825511932,,0,-1
final,159912,ppo_rev12_114505,1238,goal,104,1.0,1.0,0.0,0.0,0.0,0.0,0.0,0.0,0.0,0.0,2.072784900665283,0.0,-0.5689826011657715,6.965112209320068,0.2797069847583771,,0,-1
final,159912,ppo_rev12_114505,1239,goal,70,1.0,1.0,0.0,0.0,0.0,0.0,0.0,0.0,0.0,0.0,5.681811332702637,0.0,-1.0,6.873173713684082,0.27751386165618896,,0,-1
final,159912,ppo_rev12_114505,1240,goal,113,1.0,1.0,0.0,0.0,0.0,0.0,0.0,0.0,0.0,0.0,3.8540618419647217,0.0,0.0008350610733032227,9.424838066101074,0.22797733545303345,,0,-1
final,159912,ppo_rev12_114505,1241,goal,105,1.0,1.0,0.0,0.0,0.0,0.0,0.0,0.0,0.0,0.0,4.319215774536133,0.0,-0.4455364942550659,10.385639190673828,0.25932714343070984,,0,-1
final,159912,ppo_rev12_114505,1242,goal,86,1.0,1.0,0.0,0.0,0.0,0.0,0.0,0.0,0.0,0.0,4.774403095245361,0.0,-0.9045673608779907,8.492691040039062,0.2960030436515808,,0,-1
final,159912,ppo_rev12_114505,1243,goal,119,1.0,1.0,0.0,0.0,0.0,0.0,0.0,0.0,0.0,0.0,1.6630676984786987,0.0,-0.09052371978759766,7.824764251708984,0.17031116783618927,,0,-1
final,159912,ppo_rev12_114505,1244,goal,97,1.0,1.0,0.0,0.0,0.0,0.0,0.0,0.0,0.0,0.0,4.650598526000977,0.0,0.2764506936073303,9.217155456542969,0.10841530561447144,,0,-1
final,159912,ppo_rev12_114505,1245,goal,168,1.0,1.0,0.0,0.0,0.0,0.0,0.0,0.0,0.0,0.0,3.5345699787139893,0.0,-0.8513963222503662,13.941183090209961,0.2289244532585144,,0,-1
final,159912,ppo_rev12_114505,1246,goal,54,1.0,1.0,0.0,0.0,0.0,0.0,0.0,0.0,0.0,0.0,nan,0.0,-1.0,4.659623146057129,0.2512472867965698,,0,-1
final,159912,ppo_rev12_114505,1247,goal,82,1.0,1.0,0.0,0.0,0.0,0.0,0.0,0.0,0.0,0.0,4.2032036781311035,0.0,-0.8141380548477173,7.132861614227295,0.26949286460876465,,0,-1
final,159912,ppo_rev12_114505,1248,goal,126,1.0,1.0,0.0,0.0,0.0,0.0,0.0,0.0,0.0,0.0,4.155920505523682,0.0,-0.4732166528701782,12.339743614196777,0.19408343732357025,,0,-1
final,159912,ppo_rev12_114505,1249,goal,82,1.0,1.0,0.0,0.0,0.0,0.0,0.0,0.0,0.0,0.0,5.047933101654053,0.0,-0.797290563583374,7.972870826721191,0.2937189042568207,,0,-1
final,159912,ppo_rev12_114505,1250,goal,104,1.0,1.0,0.0,0.0,0.0,0.0,0.0,0.0,0.0,0.0,4.7407755851745605,0.0,-1.0,10.385248184204102,0.251674085855484,,0,-1
final,159912,ppo_rev12_114505,1251,goal,73,1.0,1.0,0.0,0.0,0.0,0.0,0.0,0.0,0.0,0.0,4.778794765472412,0.0,-1.0,5.991632461547852,0.2960524559020996,,0,-1
final,159912,ppo_rev12_114505,1252,goal,66,1.0,1.0,0.0,0.0,0.0,0.0,0.0,0.0,0.0,0.0,4.916567325592041,0.0,-1.0,5.908956527709961,0.2864050567150116,,0,-1
final,159912,ppo_rev12_114505,1253,goal,55,1.0,1.0,0.0,0.0,0.0,0.0,0.0,0.0,0.0,0.0,nan,0.0,-1.0,3.0254783630371094,0.2848900854587555,,0,-1
final,159912,ppo_rev12_114505,1254,goal,184,1.0,1.0,0.0,0.0,0.0,0.0,0.0,0.0,0.0,0.0,0.5945396423339844,0.0,-0.08412468433380127,6.812041282653809,0.28341546654701233,,0,-1
final,159912,ppo_rev12_114505,1255,goal,48,1.0,1.0,0.0,0.0,0.0,0.0,0.0,0.0,0.0,0.0,nan,0.0,-1.0,4.135968208312988,0.28184330463409424,,0,-1
final,159912,ppo_rev12_114505,1256,goal,121,1.0,1.0,0.0,0.0,0.0,0.0,0.0,0.0,0.0,0.0,2.6276588439941406,0.0,-0.15312957763671875,8.112939834594727,0.27296602725982666,,0,-1
final,159912,ppo_rev12_114505,1257,goal,67,1.0,1.0,0.0,0.0,0.0,0.0,0.0,0.0,0.0,0.0,5.646692752838135,0.0,-1.0,6.732397556304932,0.17396175861358643,,0,-1
final,159912,ppo_rev12_114505,1258,goal,122,1.0,1.0,0.0,0.0,0.0,0.0,0.0,0.0,0.0,0.0,3.2636234760284424,0.0,-0.46242964267730713,11.19606876373291,0.27859383821487427,,0,-1
final,159912,ppo_rev12_114505,1259,goal,59,1.0,1.0,0.0,0.0,0.0,0.0,0.0,0.0,0.0,0.0,nan,0.0,-1.0,5.529592990875244,0.2992987334728241,,0,-1
final,159912,ppo_rev12_114505,1260,goal,83,1.0,1.0,0.0,0.0,0.0,0.0,0.0,0.0,0.0,0.0,3.697216510772705,0.0,-0.16956472396850586,6.695949554443359,0.2972516119480133,,0,-1
final,159912,ppo_rev12_114505,1261,goal,49,1.0,1.0,0.0,0.0,0.0,0.0,0.0,0.0,0.0,0.0,nan,0.0,-1.0,4.410641193389893,0.2462921440601349,,0,-1
final,159912,ppo_rev12_114505,1262,goal,89,1.0,1.0,0.0,0.0,0.0,0.0,0.0,0.0,0.0,0.0,4.818073272705078,0.0,-0.5049525499343872,8.797714233398438,0.29884758591651917,,0,-1
final,159912,ppo_rev12_114505,1263,goal,75,1.0,1.0,0.0,0.0,0.0,0.0,0.0,0.0,0.0,0.0,5.051571846008301,0.0,-1.0,5.948781490325928,0.2753310203552246,,0,-1
final,159912,ppo_rev12_114505,1264,goal,56,1.0,1.0,0.0,0.0,0.0,0.0,0.0,0.0,0.0,0.0,nan,0.0,-1.0,3.957129716873169,0.29494574666023254,,0,-1
final,159912,ppo_rev12_114505,1265,goal,124,1.0,1.0,0.0,0.0,0.0,0.0,0.0,0.0,0.0,0.0,3.340644121170044,0.0,0.05504971742630005,10.844320297241211,0.28304389119148254,,0,-1
final,159912,ppo_rev12_114505,1266,goal,71,1.0,1.0,0.0,0.0,0.0,0.0,0.0,0.0,0.0,0.0,4.862556457519531,0.0,-0.44009828567504883,6.366846084594727,0.2800794839859009,,0,-1
final,159912,ppo_rev12_114505,1267,goal,101,1.0,1.0,0.0,0.0,0.0,0.0,0.0,0.0,0.0,0.0,3.591191053390503,0.0,-0.7840209007263184,9.512140274047852,0.26005300879478455,,0,-1
final,159912,ppo_rev12_114505,1268,goal,65,1.0,1.0,0.0,0.0,0.0,0.0,0.0,0.0,0.0,0.0,5.171069145202637,0.0,-1.0,6.380537509918213,0.29288509488105774,,0,-1
final,159912,ppo_rev12_114505,1269,goal,113,1.0,1.0,0.0,0.0,0.0,0.0,0.0,0.0,0.0,0.0,3.4020252227783203,0.0,-0.2542794942855835,9.913829803466797,0.28577208518981934,,0,-1
final,159912,ppo_rev12_114505,1270,goal,83,1.0,1.0,0.0,0.0,0.0,0.0,0.0,0.0,0.0,0.0,5.068901538848877,0.0,-1.0,7.971393585205078,0.2999499440193176,,0,-1
final,159912,ppo_rev12_114505,1271,goal,74,1.0,1.0,0.0,0.0,0.0,0.0,0.0,0.0,0.0,0.0,5.0722336769104,0.0,-1.0,6.721095561981201,0.2870720326900482,,0,-1
final,159912,ppo_rev12_114505,1272,goal,113,1.0,1.0,0.0,0.0,0.0,0.0,0.0,0.0,0.0,0.0,4.9364914894104,0.0,-1.0,11.99428939819336,0.28327125310897827,,0,-1
final,159912,ppo_rev12_114505,1273,goal,86,1.0,1.0,0.0,0.0,0.0,0.0,0.0,0.0,0.0,0.0,4.576619625091553,0.0,-1.0,7.932775020599365,0.28966307640075684,,0,-1
final,159912,ppo_rev12_114505,1274,goal,62,1.0,1.0,0.0,0.0,0.0,0.0,0.0,0.0,0.0,0.0,5.257207870483398,0.0,-1.0,5.551907539367676,0.2696956694126129,,0,-1
final,159912,ppo_rev12_114505,1275,goal,100,1.0,1.0,0.0,0.0,0.0,0.0,0.0,0.0,0.0,0.0,4.6461992263793945,0.0,-1.0,10.282929420471191,0.28519517183303833,,0,-1
final,159912,ppo_rev12_114505,1276,goal,62,1.0,1.0,0.0,0.0,0.0,0.0,0.0,0.0,0.0,0.0,4.721283912658691,0.0,-1.0,5.300665855407715,0.26388445496559143,,0,-1
final,159912,ppo_rev12_114505,1277,goal,56,1.0,1.0,0.0,0.0,0.0,0.0,0.0,0.0,0.0,0.0,nan,0.0,-0.4474529027938843,3.965200662612915,0.29797327518463135,,0,-1
final,159912,ppo_rev12_114505,1278,goal,72,1.0,1.0,0.0,0.0,0.0,0.0,0.0,0.0,0.0,0.0,5.566545009613037,0.0,-1.0,7.174881935119629,0.2700972259044647,,0,-1
final,159912,ppo_rev12_114505,1279,stuck,125,-1.0,0.0,0.0,0.0,1.0,0.0,0.0,0.0,0.0,0.0,0.0098100071772933,0.0,-1.0,6.808317184448242,nan,,0,-1
final,159912,ppo_rev12_114505,1280,goal,97,1.0,1.0,0.0,0.0,0.0,0.0,0.0,0.0,0.0,0.0,4.997058868408203,0.0,-1.0,10.361528396606445,0.27604618668556213,,0,-1
final,159912,ppo_rev12_114505,1281,timeout,200,-0.5,0.0,0.0,0.0,0.0,1.0,0.0,0.0,0.0,0.0,1.2808101177215576,0.0,-0.6288042068481445,20.0333251953125,nan,,0,-1
final,159912,ppo_rev12_114505,1282,goal,106,1.0,1.0,0.0,0.0,0.0,0.0,0.0,0.0,0.0,0.0,4.46816873550415,0.0,0.456193745136261,8.754587173461914,0.272449791431427,,0,-1
final,159912,ppo_rev12_114505,1283,goal,109,1.0,1.0,0.0,0.0,0.0,0.0,0.0,0.0,0.0,0.0,1.9127848148345947,0.0,0.5503917932510376,6.835176467895508,0.24233850836753845,,0,-1
final,159912,ppo_rev12_114505,1284,goal,130,1.0,1.0,0.0,0.0,0.0,0.0,0.0,0.0,0.0,0.0,1.4747370481491089,0.0,-0.5435242652893066,9.848240852355957,0.2377834916114807,,0,-1
final,159912,ppo_rev12_114505,1285,goal,194,1.0,1.0,0.0,0.0,0.0,0.0,0.0,0.0,0.0,0.0,0.5557490587234497,0.0,0.7544864416122437,10.524675369262695,0.27048245072364807,,0,-1
final,159912,ppo_rev12_114505,1286,goal,71,1.0,1.0,0.0,0.0,0.0,0.0,0.0,0.0,0.0,0.0,2.548996925354004,0.0,-0.2346574068069458,4.250796318054199,0.26729676127433777,,0,-1
final,159912,ppo_rev12_114505,1287,timeout,200,-0.5,0.0,0.0,0.0,0.0,1.0,0.0,0.0,0.0,0.0,0.5969705581665039,0.0,-0.2357858419418335,12.021677017211914,nan,,0,-1
final,159912,ppo_rev12_114505,1288,goal,162,1.0,1.0,0.0,0.0,0.0,0.0,0.0,0.0,0.0,0.0,0.10224615782499313,0.0,0.3248629570007324,7.062192916870117,0.16584378480911255,,0,-1
final,159912,ppo_rev12_114505,1289,goal,59,1.0,1.0,0.0,0.0,0.0,0.0,0.0,0.0,0.0,0.0,nan,0.0,-1.0,4.948416709899902,0.29859545826911926,,0,-1
final,159912,ppo_rev12_114505,1290,collision,129,-2.0,0.0,1.0,0.0,0.0,0.0,0.0,0.0,0.0,0.0,3.101665496826172,0.0,1.0,12.574832916259766,nan,obstacle,0,-1
final,159912,ppo_rev12_114505,1291,goal,31,1.0,1.0,0.0,0.0,0.0,0.0,0.0,0.0,0.0,0.0,nan,0.0,-1.0,1.6913268566131592,0.2945544719696045,,0,-1
final,159912,ppo_rev12_114505,1292,goal,137,1.0,1.0,0.0,0.0,0.0,0.0,0.0,0.0,0.0,0.0,2.9639313220977783,0.0,-0.7099618911743164,12.581253051757812,0.26147523522377014,,0,-1
final,159912,ppo_rev12_114505,1293,goal,79,1.0,1.0,0.0,0.0,0.0,0.0,0.0,0.0,0.0,0.0,5.633877277374268,0.0,-1.0,7.861539840698242,0.23408420383930206,,0,-1
final,159912,ppo_rev12_114505,1294,goal,158,1.0,1.0,0.0,0.0,0.0,0.0,0.0,0.0,0.0,0.0,1.4706027507781982,0.0,-0.10870563983917236,12.411478042602539,0.297233521938324,,0,-1
final,159912,ppo_rev12_114505,1295,goal,65,1.0,1.0,0.0,0.0,0.0,0.0,0.0,0.0,0.0,0.0,3.5509533882141113,0.0,-1.0,4.607068061828613,0.265690416097641,,0,-1
final,159912,ppo_rev12_114505,1296,goal,63,1.0,1.0,0.0,0.0,0.0,0.0,0.0,0.0,0.0,0.0,5.067226886749268,0.0,-0.6203955411911011,5.926697731018066,0.296312540769577,,0,-1
final,159912,ppo_rev12_114505,1297,goal,87,1.0,1.0,0.0,0.0,0.0,0.0,0.0,0.0,0.0,0.0,5.561037540435791,0.0,-1.0,8.520271301269531,0.26137134432792664,,0,-1
final,159912,ppo_rev12_114505,1298,goal,92,1.0,1.0,0.0,0.0,0.0,0.0,0.0,0.0,0.0,0.0,3.597503662109375,0.0,-0.11062705516815186,9.004210472106934,0.25504225492477417,,0,-1
final,159912,ppo_rev12_114505,1299,goal,147,1.0,1.0,0.0,0.0,0.0,0.0,0.0,0.0,0.0,0.0,4.617875099182129,0.0,-1.0,16.740848541259766,0.2954377233982086,,0,-1
final,159912,ppo_rev12_114505,1300,goal,105,1.0,1.0,0.0,0.0,0.0,0.0,0.0,0.0,0.0,0.0,4.738943099975586,0.0,-1.0,10.292006492614746,0.2759367525577545,,0,-1
final,159912,ppo_rev12_114505,1301,goal,75,1.0,1.0,0.0,0.0,0.0,0.0,0.0,0.0,0.0,0.0,4.285456657409668,0.0,-1.0,6.004949569702148,0.02491651102900505,,0,-1
final,159912,ppo_rev12_114505,1302,goal,99,1.0,1.0,0.0,0.0,0.0,0.0,0.0,0.0,0.0,0.0,5.823731899261475,0.0,-1.0,10.573871612548828,0.27461788058280945,,0,-1
final,159912,ppo_rev12_114505,1303,goal,118,1.0,1.0,0.0,0.0,0.0,0.0,0.0,0.0,0.0,0.0,3.483440637588501,0.0,-0.10133481025695801,11.02385425567627,0.2601592540740967,,0,-1
final,159912,ppo_rev12_114505,1304,goal,136,1.0,1.0,0.0,0.0,0.0,0.0,0.0,0.0,0.0,0.0,4.99846076965332,0.0,-0.781028151512146,14.983240127563477,0.25082650780677795,,0,-1
final,159912,ppo_rev12_114505,1305,goal,47,1.0,1.0,0.0,0.0,0.0,0.0,0.0,0.0,0.0,0.0,nan,0.0,-0.4968760013580322,3.397531509399414,0.28531917929649353,,0,-1
final,159912,ppo_rev12_114505,1306,goal,120,1.0,1.0,0.0,0.0,0.0,0.0,0.0,0.0,0.0,0.0,3.623002052307129,0.0,-0.6017526388168335,11.56026554107666,0.2880365252494812,,0,-1
final,159912,ppo_rev12_114505,1307,goal,62,1.0,1.0,0.0,0.0,0.0,0.0,0.0,0.0,0.0,0.0,3.2891111373901367,0.0,-0.5880782604217529,4.639927864074707,0.2691163420677185,,0,-1
final,159912,ppo_rev12_114505,1308,goal,81,1.0,1.0,0.0,0.0,0.0,0.0,0.0,0.0,0.0,0.0,3.199453115463257,0.0,0.21966391801834106,5.748189926147461,0.25815215706825256,,0,-1
final,159912,ppo_rev12_114505,1309,goal,94,1.0,1.0,0.0,0.0,0.0,0.0,0.0,0.0,0.0,0.0,5.2643961906433105,0.0,-1.0,9.791345596313477,0.2920592129230499,,0,-1
final,159912,ppo_rev12_114505,1310,goal,63,1.0,1.0,0.0,0.0,0.0,0.0,0.0,0.0,0.0,0.0,5.094400882720947,0.0,-1.0,6.541898250579834,0.29279109835624695,,0,-1
final,159912,ppo_rev12_114505,1311,goal,63,1.0,1.0,0.0,0.0,0.0,0.0,0.0,0.0,0.0,0.0,5.366448879241943,0.0,-1.0,6.0034661293029785,0.2938510477542877,,0,-1
final,159912,ppo_rev12_114505,1312,goal,42,1.0,1.0,0.0,0.0,0.0,0.0,0.0,0.0,0.0,0.0,nan,0.0,-1.0,2.860318422317505,0.29505088925361633,,0,-1
final,159912,ppo_rev12_114505,1313,goal,82,1.0,1.0,0.0,0.0,0.0,0.0,0.0,0.0,0.0,0.0,5.230292320251465,0.0,-0.8521732091903687,6.758600234985352,0.07598663866519928,,0,-1
final,159912,ppo_rev12_114505,1314,goal,83,1.0,1.0,0.0,0.0,0.0,0.0,0.0,0.0,0.0,0.0,4.681727886199951,0.0,-0.0649564266204834,7.313786029815674,0.2991531789302826,,0,-1
final,159912,ppo_rev12_114505,1315,goal,83,1.0,1.0,0.0,0.0,0.0,0.0,0.0,0.0,0.0,0.0,5.511659622192383,0.0,-1.0,8.1513671875,0.285285085439682,,0,-1
final,159912,ppo_rev12_114505,1316,goal,57,1.0,1.0,0.0,0.0,0.0,0.0,0.0,0.0,0.0,0.0,nan,0.0,-1.0,5.0988969802856445,0.2707415223121643,,0,-1
final,159912,ppo_rev12_114505,1317,collision,44,-2.0,0.0,1.0,0.0,0.0,0.0,0.0,0.0,0.0,0.0,nan,0.0,1.0,3.112037181854248,nan,obstacle,0,-1
final,159912,ppo_rev12_114505,1318,goal,61,1.0,1.0,0.0,0.0,0.0,0.0,0.0,0.0,0.0,0.0,4.643697261810303,0.0,-0.27099692821502686,5.359153747558594,0.2648632824420929,,0,-1
final,159912,ppo_rev12_114505,1319,goal,109,1.0,1.0,0.0,0.0,0.0,0.0,0.0,0.0,0.0,0.027522935779816515,4.849619388580322,0.0,-1.0,12.20241928100586,0.24775196611881256,,0,-1
final,159912,ppo_rev12_114505,1320,goal,76,1.0,1.0,0.0,0.0,0.0,0.0,0.0,0.0,0.0,0.0,3.170147180557251,0.0,-1.0,6.750269889831543,0.23433919250965118,,0,-1
final,159912,ppo_rev12_114505,1321,goal,38,1.0,1.0,0.0,0.0,0.0,0.0,0.0,0.0,0.0,0.0,nan,0.0,-1.0,2.645761013031006,0.17165915668010712,,0,-1
final,159912,ppo_rev12_114505,1322,goal,178,1.0,1.0,0.0,0.0,0.0,0.0,0.0,0.0,0.0,0.0,1.176938772201538,0.0,-0.6060233116149902,14.596067428588867,0.2930241823196411,,0,-1
final,159912,ppo_rev12_114505,1323,goal,72,1.0,1.0,0.0,0.0,0.0,0.0,0.0,0.0,0.0,0.0,5.483269214630127,0.0,-0.37154924869537354,7.595282077789307,0.26406586170196533,,0,-1
final,159912,ppo_rev12_114505,1324,goal,89,1.0,1.0,0.0,0.0,0.0,0.0,0.0,0.0,0.0,0.0,2.308928966522217,0.0,-0.29541802406311035,5.929644584655762,0.21444979310035706,,0,-1
final,159912,ppo_rev12_114505,1325,goal,79,1.0,1.0,0.0,0.0,0.0,0.0,0.0,0.0,0.0,0.0,5.305758476257324,0.0,0.6813304424285889,7.2114176750183105,0.2907785177230835,,0,-1
final,159912,ppo_rev12_114505,1326,goal,50,1.0,1.0,0.0,0.0,0.0,0.0,0.0,0.0,0.0,0.0,nan,0.0,-1.0,3.676870346069336,0.25622785091400146,,0,-1
final,159912,ppo_rev12_114505,1327,goal,135,1.0,1.0,0.0,0.0,0.0,0.0,0.0,0.0,0.0,0.0,1.674588918685913,0.0,-0.056705594062805176,8.339574813842773,0.21514227986335754,,0,-1
final,159912,ppo_rev12_114505,1328,goal,61,1.0,1.0,0.0,0.0,0.0,0.0,0.0,0.0,0.0,0.0,5.055757522583008,0.0,-1.0,5.326263904571533,0.2775687277317047,,0,-1
final,159912,ppo_rev12_114505,1329,stuck,120,-1.0,0.0,0.0,0.0,1.0,0.0,0.0,0.0,0.0,0.0,0.04268133267760277,0.0,-0.9148176908493042,5.517058372497559,nan,,0,-1
final,159912,ppo_rev12_114505,1330,goal,154,1.0,1.0,0.0,0.0,0.0,0.0,0.0,0.0,0.0,0.0,2.4503889083862305,0.0,-0.030763626098632812,12.881526947021484,0.27768388390541077,,0,-1
final,159912,ppo_rev12_114505,1331,goal,86,1.0,1.0,0.0,0.0,0.0,0.0,0.0,0.0,0.0,0.0,3.0586800575256348,0.0,0.15754824876785278,5.582853317260742,0.26773491501808167,,0,-1
final,159912,ppo_rev12_114505,1332,goal,62,1.0,1.0,0.0,0.0,0.0,0.0,0.0,0.0,0.0,0.0,4.923865795135498,0.0,-0.46176719665527344,5.214319229125977,0.29498720169067383,,0,-1
final,159912,ppo_rev12_114505,1333,goal,54,1.0,1.0,0.0,0.0,0.0,0.0,0.0,0.0,0.0,0.0,nan,0.0,-0.9598674774169922,4.475797176361084,0.24567829072475433,,0,-1
final,159912,ppo_rev12_114505,1334,stuck,165,-1.0,0.0,0.0,0.0,1.0,0.0,0.0,0.0,0.0,0.0,0.05609269440174103,0.0,-1.0,8.551387786865234,nan,,0,-1
final,159912,ppo_rev12_114505,1335,collision,8,-2.0,0.0,1.0,0.0,0.0,0.0,0.0,0.0,0.0,0.0,nan,0.0,1.0,0.5409642457962036,nan,obstacle,0,-1
final,159912,ppo_rev12_114505,1336,goal,66,1.0,1.0,0.0,0.0,0.0,0.0,0.0,0.0,0.0,0.0,4.746974945068359,0.0,-1.0,5.928768157958984,0.2654894292354584,,0,-1
final,159912,ppo_rev12_114505,1337,goal,86,1.0,1.0,0.0,0.0,0.0,0.0,0.0,0.0,0.0,0.0,4.054782390594482,0.0,0.6115265488624573,6.784702301025391,0.29177364706993103,,0,-1
final,159912,ppo_rev12_114505,1338,goal,96,1.0,1.0,0.0,0.0,0.0,0.0,0.0,0.0,0.0,0.0,4.735415458679199,0.0,-1.0,9.30439281463623,0.25975701212882996,,0,-1
final,159912,ppo_rev12_114505,1339,timeout,200,-0.5,0.0,0.0,0.0,0.0,1.0,0.0,0.0,0.0,0.0,0.5769521594047546,0.0,0.026956677436828613,12.722309112548828,nan,,0,-1
final,159912,ppo_rev12_114505,1340,goal,48,1.0,1.0,0.0,0.0,0.0,0.0,0.0,0.0,0.0,0.0,nan,0.0,-1.0,3.84287166595459,0.2924518585205078,,0,-1
final,159912,ppo_rev12_114505,1341,goal,59,1.0,1.0,0.0,0.0,0.0,0.0,0.0,0.0,0.0,0.01694915254237288,nan,0.0,-1.0,5.480436325073242,0.2608664631843567,,0,-1
final,159912,ppo_rev12_114505,1342,collision,101,-2.0,0.0,1.0,0.0,0.0,0.0,0.0,0.0,0.0,0.0,2.211519479751587,0.0,1.0,8.111090660095215,nan,obstacle,0,-1
final,159912,ppo_rev12_114505,1343,goal,139,1.0,1.0,0.0,0.0,0.0,0.0,0.0,0.0,0.0,0.0,2.412844181060791,0.0,0.050446391105651855,9.506084442138672,0.15606524050235748,,0,-1
final,159912,ppo_rev12_114505,1344,goal,123,1.0,1.0,0.0,0.0,0.0,0.0,0.0,0.0,0.0,0.0,4.994781970977783,0.0,-0.035108208656311035,13.324982643127441,0.2902270257472992,,0,-1
final,159912,ppo_rev12_114505,1345,goal,39,1.0,1.0,0.0,0.0,0.0,0.0,0.0,0.0,0.0,0.0,nan,0.0,-1.0,2.666665554046631,0.25379928946495056,,0,-1
final,159912,ppo_rev12_114505,1346,goal,136,1.0,1.0,0.0,0.0,0.0,0.0,0.0,0.0,0.0,0.0,2.006469488143921,0.0,-1.0,10.779168128967285,0.25537779927253723,,0,-1
final,159912,ppo_rev12_114505,1347,goal,118,1.0,1.0,0.0,0.0,0.0,0.0,0.0,0.0,0.0,0.0,4.841883182525635,0.0,-0.7023649215698242,12.565847396850586,0.29218214750289917,,0,-1
final,159912,ppo_rev12_114505,1348,goal,72,1.0,1.0,0.0,0.0,0.0,0.0,0.0,0.0,0.0,0.0,5.155075550079346,0.0,-1.0,7.189964771270752,0.266011506319046,,0,-1
final,159912,ppo_rev12_114505,1349,goal,46,1.0,1.0,0.0,0.0,0.0,0.0,0.0,0.0,0.0,0.0,nan,0.0,-1.0,2.6446762084960938,0.25527799129486084,,0,-1
final,159912,ppo_rev12_114505,1350,goal,82,1.0,1.0,0.0,0.0,0.0,0.0,0.0,0.0,0.0,0.0,6.172333717346191,0.0,-1.0,8.580965042114258,0.1640615165233612,,0,-1
final,159912,ppo_rev12_114505,1351,goal,90,1.0,1.0,0.0,0.0,0.0,0.0,0.0,0.0,0.0,0.0,5.333560466766357,0.0,-1.0,8.810968399047852,0.2653239071369171,,0,-1
final,159912,ppo_rev12_114505,1352,goal,63,1.0,1.0,0.0,0.0,0.0,0.0,0.0,0.0,0.0,0.0,4.305630683898926,0.0,-1.0,5.518349647521973,0.28709346055984497,,0,-1
final,159912,ppo_rev12_114505,1353,goal,160,1.0,1.0,0.0,0.0,0.0,0.0,0.0,0.0,0.0,0.0,3.222911834716797,0.0,-1.0,13.626279830932617,0.2855031490325928,,0,-1
final,159912,ppo_rev12_114505,1354,collision,7,-2.0,0.0,1.0,0.0,0.0,0.0,0.0,0.0,0.0,0.0,nan,0.0,1.0,0.4422305226325989,nan,obstacle,0,-1
final,159912,ppo_rev12_114505,1355,goal,106,1.0,1.0,0.0,0.0,0.0,0.0,0.0,0.0,0.0,0.0,3.831002712249756,0.0,-1.0,8.650735855102539,0.28244340419769287,,0,-1
final,159912,ppo_rev12_114505,1356,goal,103,1.0,1.0,0.0,0.0,0.0,0.0,0.0,0.0,0.0,0.0,4.4529218673706055,0.0,-1.0,9.204845428466797,0.2844407558441162,,0,-1
final,159912,ppo_rev12_114505,1357,goal,67,1.0,1.0,0.0,0.0,0.0,0.0,0.0,0.0,0.0,0.0,5.856122016906738,0.0,-1.0,6.771701812744141,0.1043347492814064,,0,-1
final,159912,ppo_rev12_114505,1358,goal,58,1.0,1.0,0.0,0.0,0.0,0.0,0.0,0.0,0.0,0.0,nan,0.0,-1.0,3.935530185699463,0.29374876618385315,,0,-1
final,159912,ppo_rev12_114505,1359,goal,85,1.0,1.0,0.0,0.0,0.0,0.0,0.0,0.0,0.0,0.0,5.1822991371154785,0.0,0.13939642906188965,8.106021881103516,0.287227064371109,,0,-1
final,159912,ppo_rev12_114505,1360,goal,104,1.0,1.0,0.0,0.0,0.0,0.0,0.0,0.0,0.0,0.0,4.797176837921143,0.0,-1.0,10.907561302185059,0.27410048246383667,,0,-1
final,159912,ppo_rev12_114505,1361,goal,45,1.0,1.0,0.0,0.0,0.0,0.0,0.0,0.0,0.0,0.0,nan,0.0,-1.0,2.9149112701416016,0.2480749636888504,,0,-1
final,159912,ppo_rev12_114505,1362,timeout,200,-0.5,0.0,0.0,0.0,0.0,1.0,0.0,0.0,0.0,0.0,3.4205455780029297,0.0,-0.0031287670135498047,21.480422973632812,nan,,0,-1
final,159912,ppo_rev12_114505,1363,timeout,200,-0.5,0.0,0.0,0.0,0.0,1.0,0.0,0.0,0.0,0.0,2.3927063941955566,0.0,-1.0,19.002187728881836,nan,,0,-1
final,159912,ppo_rev12_114505,1364,goal,178,1.0,1.0,0.0,0.0,0.0,0.0,0.0,0.0,0.0,0.0,0.9333972930908203,0.0,0.46570461988449097,11.211517333984375,0.2776789367198944,,0,-1
final,159912,ppo_rev12_114505,1365,goal,94,1.0,1.0,0.0,0.0,0.0,0.0,0.0,0.0,0.0,0.0,5.518948078155518,0.0,-1.0,10.376808166503906,0.2911236584186554,,0,-1
final,159912,ppo_rev12_114505,1366,goal,52,1.0,1.0,0.0,0.0,0.0,0.0,0.0,0.0,0.0,0.0,nan,0.0,-1.0,5.046848297119141,0.18033723533153534,,0,-1
final,159912,ppo_rev12_114505,1367,goal,72,1.0,1.0,0.0,0.0,0.0,0.0,0.0,0.0,0.0,0.0,5.594372272491455,0.0,-1.0,7.615451812744141,0.2859250009059906,,0,-1
final,159912,ppo_rev12_114505,1368,goal,78,1.0,1.0,0.0,0.0,0.0,0.0,0.0,0.0,0.0,0.0,4.662013053894043,0.0,-0.17987334728240967,7.390843391418457,0.19844944775104523,,0,-1
final,159912,ppo_rev12_114505,1369,goal,48,1.0,1.0,0.0,0.0,0.0,0.0,0.0,0.0,0.0,0.0,nan,0.0,-0.4981900453567505,3.639880657196045,0.2524685561656952,,0,-1
final,159912,ppo_rev12_114505,1370,goal,78,1.0,1.0,0.0,0.0,0.0,0.0,0.0,0.0,0.0,0.0,5.3445143699646,0.0,-1.0,7.751469135284424,0.23682916164398193,,0,-1
final,159912,ppo_rev12_114505,1371,goal,99,1.0,1.0,0.0,0.0,0.0,0.0,0.0,0.0,0.0,0.0,3.2525594234466553,0.0,-0.15091359615325928,7.4659528732299805,0.2583196759223938,,0,-1
final,159912,ppo_rev12_114505,1372,goal,97,1.0,1.0,0.0,0.0,0.0,0.0,0.0,0.0,0.0,0.0,5.312180519104004,0.0,-1.0,9.657697677612305,0.27427324652671814,,0,-1
final,159912,ppo_rev12_114505,1373,goal,65,1.0,1.0,0.0,0.0,0.0,0.0,0.0,0.0,0.0,0.0,3.854546546936035,0.0,-0.49958550930023193,4.899842262268066,0.23034168779850006,,0,-1
final,159912,ppo_rev12_114505,1374,goal,75,1.0,1.0,0.0,0.0,0.0,0.0,0.0,0.0,0.0,0.0,4.889413356781006,0.0,-0.4612259864807129,6.797849655151367,0.24045491218566895,,0,-1
final,159912,ppo_rev12_114505,1375,goal,58,1.0,1.0,0.0,0.0,0.0,0.0,0.0,0.0,0.0,0.0,nan,0.0,-0.3821479082107544,3.035734176635742,0.18017496168613434,,0,-1
final,159912,ppo_rev12_114505,1376,timeout,200,-0.5,0.0,0.0,0.0,0.0,1.0,0.0,0.0,0.0,0.0,0.3390103876590729,0.0,0.4512619972229004,9.931077003479004,nan,,0,-1
final,159912,ppo_rev12_114505,1377,goal,70,1.0,1.0,0.0,0.0,0.0,0.0,0.0,0.0,0.0,0.0,5.065207004547119,0.0,-1.0,6.029386520385742,0.2960449457168579,,0,-1
final,159912,ppo_rev12_114505,1378,goal,74,1.0,1.0,0.0,0.0,0.0,0.0,0.0,0.0,0.0,0.0,5.5815534591674805,0.0,-1.0,7.640468597412109,0.2928067147731781,,0,-1
final,159912,ppo_rev12_114505,1379,goal,38,1.0,1.0,0.0,0.0,0.0,0.0,0.0,0.0,0.0,0.0,nan,0.0,-1.0,2.6804213523864746,0.29567286372184753,,0,-1
final,159912,ppo_rev12_114505,1380,goal,88,1.0,1.0,0.0,0.0,0.0,0.0,0.0,0.0,0.0,0.0,5.361324787139893,0.0,-1.0,9.610712051391602,0.2783486843109131,,0,-1
final,159912,ppo_rev12_114505,1381,goal,47,1.0,1.0,0.0,0.0,0.0,0.0,0.0,0.0,0.0,0.0,nan,0.0,-1.0,3.2537903785705566,0.2640584409236908,,0,-1
final,159912,ppo_rev12_114505,1382,goal,63,1.0,1.0,0.0,0.0,0.0,0.0,0.0,0.0,0.0,0.0,3.7746548652648926,0.0,-0.10447824001312256,4.525835990905762,0.2883658707141876,,0,-1
final,159912,ppo_rev12_114505,1383,goal,61,1.0,1.0,0.0,0.0,0.0,0.0,0.0,0.0,0.0,0.0,5.6030778884887695,0.0,-1.0,6.041654109954834,0.2759491503238678,,0,-1
final,159912,ppo_rev12_114505,1384,goal,81,1.0,1.0,0.0,0.0,0.0,0.0,0.0,0.0,0.0,0.0,5.6196818351745605,0.0,-1.0,7.7889556884765625,0.26302722096443176,,0,-1
final,159912,ppo_rev12_114505,1385,goal,87,1.0,1.0,0.0,0.0,0.0,0.0,0.0,0.0,0.0,0.0,4.40866756439209,0.0,-0.5214617252349854,8.089324951171875,0.2831253707408905,,0,-1
final,159912,ppo_rev12_114505,1386,goal,104,1.0,1.0,0.0,0.0,0.0,0.0,0.0,0.0,0.0,0.0,4.616431713104248,0.0,-0.8897743225097656,9.303096771240234,0.25805044174194336,,0,-1
final,159912,ppo_rev12_114505,1387,goal,88,1.0,1.0,0.0,0.0,0.0,0.0,0.0,0.0,0.0,0.0,5.452029705047607,0.0,-0.030239105224609375,7.479882717132568,0.29367440938949585,,0,-1
final,159912,ppo_rev12_114505,1388,goal,78,1.0,1.0,0.0,0.0,0.0,0.0,0.0,0.0,0.0,0.0,5.200505256652832,0.0,-1.0,8.21423625946045,0.2924995422363281,,0,-1
final,159912,ppo_rev12_114505,1389,goal,60,1.0,1.0,0.0,0.0,0.0,0.0,0.0,0.0,0.0,0.0,3.4212090969085693,0.0,-1.0,5.018949508666992,0.2627248764038086,,0,-1
final,159912,ppo_rev12_114505,1390,goal,39,1.0,1.0,0.0,0.0,0.0,0.0,0.0,0.0,0.0,0.0,nan,0.0,-1.0,3.185959815979004,0.2277916669845581,,0,-1
final,159912,ppo_rev12_114505,1391,goal,85,1.0,1.0,0.0,0.0,0.0,0.0,0.0,0.0,0.0,0.0,3.1700780391693115,0.0,-0.6138104200363159,5.370124816894531,0.22675800323486328,,0,-1
final,159912,ppo_rev12_114505,1392,goal,56,1.0,1.0,0.0,0.0,0.0,0.0,0.0,0.0,0.0,0.0,nan,0.0,-1.0,5.120894908905029,0.2903066575527191,,0,-1
final,159912,ppo_rev12_114505,1393,goal,52,1.0,1.0,0.0,0.0,0.0,0.0,0.0,0.0,0.0,0.0,nan,0.0,-1.0,4.455377578735352,0.29490748047828674,,0,-1
final,159912,ppo_rev12_114505,1394,goal,154,1.0,1.0,0.0,0.0,0.0,0.0,0.0,0.0,0.0,0.0,1.9935600757598877,0.0,0.7528088092803955,8.967103958129883,0.24636134505271912,,0,-1
final,159912,ppo_rev12_114505,1395,collision,5,-2.0,0.0,1.0,0.0,0.0,0.0,0.0,0.0,0.0,0.0,nan,0.0,1.0,0.5744789838790894,nan,obstacle,0,-1
final,159912,ppo_rev12_114505,1396,goal,62,1.0,1.0,0.0,0.0,0.0,0.0,0.0,0.0,0.0,0.0,4.91524076461792,0.0,-1.0,5.3579816818237305,0.2840816080570221,,0,-1
final,159912,ppo_rev12_114505,1397,goal,46,1.0,1.0,0.0,0.0,0.0,0.0,0.0,0.0,0.0,0.0,nan,0.0,-1.0,4.043355941772461,0.19840386509895325,,0,-1
final,159912,ppo_rev12_114505,1398,goal,85,1.0,1.0,0.0,0.0,0.0,0.0,0.0,0.0,0.0,0.0,4.279388904571533,0.0,-1.0,7.964250564575195,0.29173266887664795,,0,-1
final,159912,ppo_rev12_114505,1399,goal,46,1.0,1.0,0.0,0.0,0.0,0.0,0.0,0.0,0.0,0.0,nan,0.0,-1.0,3.258410930633545,0.16303765773773193,,0,-1
final,159912,ppo_rev12_114505,1400,goal,64,1.0,1.0,0.0,0.0,0.0,0.0,0.0,0.0,0.0,0.0,4.877647876739502,0.0,-0.7359447479248047,5.403458595275879,0.28883710503578186,,0,-1
final,159912,ppo_rev12_114505,1401,goal,65,1.0,1.0,0.0,0.0,0.0,0.0,0.0,0.0,0.0,0.0,5.145768165588379,0.0,-1.0,5.942330360412598,0.2704930305480957,,0,-1
final,159912,ppo_rev12_114505,1402,goal,57,1.0,1.0,0.0,0.0,0.0,0.0,0.0,0.0,0.0,0.0,nan,0.0,-1.0,5.887122631072998,0.14763949811458588,,0,-1
final,159912,ppo_rev12_114505,1403,goal,56,1.0,1.0,0.0,0.0,0.0,0.0,0.0,0.0,0.0,0.0,nan,0.0,-1.0,5.0948486328125,0.2822457253932953,,0,-1
final,159912,ppo_rev12_114505,1404,goal,79,1.0,1.0,0.0,0.0,0.0,0.0,0.0,0.0,0.0,0.0,5.5864691734313965,0.0,-1.0,7.636520862579346,0.2632933259010315,,0,-1
final,159912,ppo_rev12_114505,1405,goal,68,1.0,1.0,0.0,0.0,0.0,0.0,0.0,0.0,0.0,0.0,5.594854354858398,0.0,-1.0,6.631329536437988,0.18066446483135223,,0,-1
final,159912,ppo_rev12_114505,1406,goal,68,1.0,1.0,0.0,0.0,0.0,0.0,0.0,0.0,0.0,0.0,5.843114852905273,0.0,-1.0,7.032472133636475,0.2868439257144928,,0,-1
final,159912,ppo_rev12_114505,1407,goal,156,1.0,1.0,0.0,0.0,0.0,0.0,0.0,0.0,0.0,0.0,2.200249195098877,0.0,-0.7216988801956177,12.399681091308594,0.28105854988098145,,0,-1
final,159912,ppo_rev12_114505,1408,goal,61,1.0,1.0,0.0,0.0,0.0,0.0,0.0,0.0,0.0,0.0,5.412784099578857,0.0,-1.0,6.0655670166015625,0.21569983661174774,,0,-1
final,159912,ppo_rev12_114505,1409,timeout,200,-0.5,0.0,0.0,0.0,0.0,1.0,0.0,0.0,0.0,0.0,0.9651951789855957,0.0,0.3412119746208191,10.432753562927246,nan,,0,-1
final,159912,ppo_rev12_114505,1410,goal,69,1.0,1.0,0.0,0.0,0.0,0.0,0.0,0.0,0.0,0.0,5.089255332946777,0.0,-1.0,6.856797695159912,0.2984609007835388,,0,-1
final,159912,ppo_rev12_114505,1411,goal,64,1.0,1.0,0.0,0.0,0.0,0.0,0.0,0.0,0.0,0.0,4.943625450134277,0.0,-1.0,5.946561813354492,0.2835635244846344,,0,-1
final,159912,ppo_rev12_114505,1412,timeout,200,-0.5,0.0,0.0,0.0,0.0,1.0,0.0,0.0,0.0,0.0,0.4710811972618103,0.0,-0.9646320343017578,13.813766479492188,nan,,0,-1
final,159912,ppo_rev12_114505,1413,goal,76,1.0,1.0,0.0,0.0,0.0,0.0,0.0,0.0,0.0,0.0,3.927022695541382,0.0,0.5027487277984619,5.8435211181640625,0.2908502519130707,,0,-1
final,159912,ppo_rev12_114505,1414,goal,63,1.0,1.0,0.0,0.0,0.0,0.0,0.0,0.0,0.0,0.0,4.953136444091797,0.0,-1.0,5.782650947570801,0.2573792040348053,,0,-1
final,159912,ppo_rev12_114505,1415,goal,147,1.0,1.0,0.0,0.0,0.0,0.0,0.0,0.0,0.0,0.0,3.9694714546203613,0.0,-0.1431657075881958,15.300406455993652,0.2597948908805847,,0,-1
final,159912,ppo_rev12_114505,1416,goal,119,1.0,1.0,0.0,0.0,0.0,0.0,0.0,0.0,0.0,0.0,5.132404804229736,0.0,-1.0,12.509839057922363,0.16938170790672302,,0,-1
final,159912,ppo_rev12_114505,1417,goal,69,1.0,1.0,0.0,0.0,0.0,0.0,0.0,0.0,0.0,0.0,5.5626912117004395,0.0,-1.0,6.700604438781738,0.18916958570480347,,0,-1
final,159912,ppo_rev12_114505,1418,goal,93,1.0,1.0,0.0,0.0,0.0,0.0,0.0,0.0,0.0,0.010752688172043012,5.174982070922852,0.0,-1.0,9.593484878540039,0.29196465015411377,,0,-1
final,159912,ppo_rev12_114505,1419,goal,70,1.0,1.0,0.0,0.0,0.0,0.0,0.0,0.0,0.0,0.0,5.5354743003845215,0.0,-0.04514122009277344,6.523858547210693,0.18938572704792023,,0,-1
final,159912,ppo_rev12_114505,1420,goal,41,1.0,1.0,0.0,0.0,0.0,0.0,0.0,0.0,0.0,0.0,nan,0.0,-1.0,2.7435061931610107,0.28438428044319153,,0,-1
final,159912,ppo_rev12_114505,1421,goal,133,1.0,1.0,0.0,0.0,0.0,0.0,0.0,0.0,0.0,0.0,4.096768856048584,0.0,0.5119326114654541,13.200942039489746,0.2872966527938843,,0,-1
final,159912,ppo_rev12_114505,1422,goal,110,1.0,1.0,0.0,0.0,0.0,0.0,0.0,0.0,0.0,0.0,3.1744959354400635,0.0,-0.826685905456543,10.273990631103516,0.2955467998981476,,0,-1
final,159912,ppo_rev12_114505,1423,goal,102,1.0,1.0,0.0,0.0,0.0,0.0,0.0,0.0,0.0,0.0,4.103128433227539,0.0,-1.0,9.6741304397583,0.2906882166862488,,0,-1
final,159912,ppo_rev12_114505,1424,goal,60,1.0,1.0,0.0,0.0,0.0,0.0,0.0,0.0,0.0,0.0,3.5604381561279297,0.0,-1.0,4.906312942504883,0.2694113552570343,,0,-1
final,159912,ppo_rev12_114505,1425,goal,144,1.0,1.0,0.0,0.0,0.0,0.0,0.0,0.0,0.0,0.0,3.558377981185913,0.0,0.139226496219635,15.012950897216797,0.27314913272857666,,0,-1
final,159912,ppo_rev12_114505,1426,goal,85,1.0,1.0,0.0,0.0,0.0,0.0,0.0,0.0,0.0,0.0,4.961251258850098,0.0,-1.0,8.471351623535156,0.2909359335899353,,0,-1
final,159912,ppo_rev12_114505,1427,goal,180,1.0,1.0,0.0,0.0,0.0,0.0,0.0,0.0,0.0,0.0,3.730994701385498,0.0,-0.8705127239227295,15.998387336730957,0.2689131796360016,,0,-1
final,159912,ppo_rev12_114505,1428,goal,94,1.0,1.0,0.0,0.0,0.0,0.0,0.0,0.0,0.0,0.0,5.259422779083252,0.0,-0.7896503210067749,9.980831146240234,0.27648210525512695,,0,-1
final,159912,ppo_rev12_114505,1429,goal,114,1.0,1.0,0.0,0.0,0.0,0.0,0.0,0.0,0.0,0.0,4.928824424743652,0.0,-1.0,11.084997177124023,0.2696189880371094,,0,-1
final,159912,ppo_rev12_114505,1430,goal,106,1.0,1.0,0.0,0.0,0.0,0.0,0.0,0.0,0.0,0.0,4.466740608215332,0.0,-0.05144608020782471,11.306293487548828,0.2572999596595764,,0,-1
final,159912,ppo_rev12_114505,1431,goal,74,1.0,1.0,0.0,0.0,0.0,0.0,0.0,0.0,0.0,0.0,3.3426618576049805,0.0,-0.1555253267288208,5.456883907318115,0.2701503038406372,,0,-1
final,159912,ppo_rev12_114505,1432,goal,47,1.0,1.0,0.0,0.0,0.0,0.0,0.0,0.0,0.0,0.0,nan,0.0,-1.0,3.57126522064209,0.28385794162750244,,0,-1
final,159912,ppo_rev12_114505,1433,goal,61,1.0,1.0,0.0,0.0,0.0,0.0,0.0,0.0,0.0,0.0,4.361755847930908,0.0,-1.0,5.055322647094727,0.28530070185661316,,0,-1
final,159912,ppo_rev12_114505,1434,goal,61,1.0,1.0,0.0,0.0,0.0,0.0,0.0,0.0,0.0,0.0,2.4276845455169678,0.0,-0.39562511444091797,4.301625728607178,0.24946436285972595,,0,-1
final,159912,ppo_rev12_114505,1435,goal,77,1.0,1.0,0.0,0.0,0.0,0.0,0.0,0.0,0.0,0.0,5.407138824462891,0.0,-0.5516725778579712,7.806068420410156,0.18004584312438965,,0,-1
final,159912,ppo_rev12_114505,1436,goal,47,1.0,1.0,0.0,0.0,0.0,0.0,0.0,0.0,0.0,0.0,nan,0.0,-1.0,3.705965995788574,0.2582685351371765,,0,-1
final,159912,ppo_rev12_114505,1437,goal,66,1.0,1.0,0.0,0.0,0.0,0.0,0.0,0.0,0.0,0.0,4.375895977020264,0.0,-1.0,5.0164995193481445,0.04009203612804413,,0,-1
final,159912,ppo_rev12_114505,1438,goal,41,1.0,1.0,0.0,0.0,0.0,0.0,0.0,0.0,0.0,0.0,nan,0.0,-1.0,2.817577362060547,0.1888401359319687,,0,-1
final,159912,ppo_rev12_114505,1439,goal,121,1.0,1.0,0.0,0.0,0.0,0.0,0.0,0.0,0.0,0.0,3.2945175170898438,0.0,-1.0,12.292006492614746,0.2748607099056244,,0,-1
final,159912,ppo_rev12_114505,1440,goal,120,1.0,1.0,0.0,0.0,0.0,0.0,0.0,0.0,0.0,0.0,3.3535284996032715,0.0,0.17239218950271606,11.063652992248535,0.2754698097705841,,0,-1
final,159912,ppo_rev12_114505,1441,stuck,112,-1.0,0.0,0.0,0.0,1.0,0.0,0.0,0.0,0.0,0.0,0.0015021883882582188,0.0,-1.0,3.533618927001953,nan,,0,-1
final,159912,ppo_rev12_114505,1442,goal,160,1.0,1.0,0.0,0.0,0.0,0.0,0.0,0.0,0.0,0.0,4.119302272796631,0.0,-0.47738397121429443,17.31185531616211,0.08420614153146744,,0,-1
final,159912,ppo_rev12_114505,1443,goal,118,1.0,1.0,0.0,0.0,0.0,0.0,0.0,0.0,0.0,0.0,2.9947237968444824,0.0,0.04661518335342407,11.156068801879883,0.26525548100471497,,0,-1
final,159912,ppo_rev12_114505,1444,goal,153,1.0,1.0,0.0,0.0,0.0,0.0,0.0,0.0,0.0,0.0,3.6948275566101074,0.0,0.5109490752220154,14.041830062866211,0.29779353737831116,,0,-1
final,159912,ppo_rev12_114505,1445,goal,106,1.0,1.0,0.0,0.0,0.0,0.0,0.0,0.0,0.0,0.0,3.2718446254730225,0.0,-0.9723705053329468,8.970155715942383,0.28838202357292175,,0,-1
final,159912,ppo_rev12_114505,1446,collision,131,-2.0,0.0,1.0,0.0,0.0,0.0,0.0,0.0,0.0,0.0,0.5220006108283997,0.0,1.0,4.236879348754883,nan,obstacle,0,-1
final,159912,ppo_rev12_114505,1447,timeout,200,-0.5,0.0,0.0,0.0,0.0,1.0,0.0,0.0,0.0,0.0,1.4510496854782104,0.0,-1.0,17.572021484375,nan,,0,-1
final,159912,ppo_rev12_114505,1448,goal,81,1.0,1.0,0.0,0.0,0.0,0.0,0.0,0.0,0.0,0.0,6.184463024139404,0.0,-1.0,8.805334091186523,0.24780099093914032,,0,-1
final,159912,ppo_rev12_114505,1449,timeout,200,-0.5,0.0,0.0,0.0,0.0,1.0,0.0,0.0,0.0,0.0,0.4543725848197937,0.0,-0.3006782531738281,14.089975357055664,nan,,0,-1
final,159912,ppo_rev12_114505,1450,goal,64,1.0,1.0,0.0,0.0,0.0,0.0,0.0,0.0,0.0,0.0,3.926114320755005,0.0,-0.23037993907928467,4.258505821228027,0.2751133143901825,,0,-1
final,159912,ppo_rev12_114505,1451,goal,71,1.0,1.0,0.0,0.0,0.0,0.0,0.0,0.0,0.0,0.0,4.944876670837402,0.0,-1.0,6.387538433074951,0.27346283197402954,,0,-1
final,159912,ppo_rev12_114505,1452,goal,147,1.0,1.0,0.0,0.0,0.0,0.0,0.0,0.0,0.0,0.0,1.940260648727417,0.0,-0.6190719604492188,11.686132431030273,0.27462708950042725,,0,-1
final,159912,ppo_rev12_114505,1453,goal,56,1.0,1.0,0.0,0.0,0.0,0.0,0.0,0.0,0.0,0.0,nan,0.0,-1.0,4.626599311828613,0.24231328070163727,,0,-1
final,159912,ppo_rev12_114505,1454,goal,91,1.0,1.0,0.0,0.0,0.0,0.0,0.0,0.0,0.0,0.0,3.091003179550171,0.0,0.7979126572608948,7.393095016479492,0.2881849706172943,,0,-1
final,159912,ppo_rev12_114505,1455,goal,78,1.0,1.0,0.0,0.0,0.0,0.0,0.0,0.0,0.0,0.0,4.472996711730957,0.0,-1.0,7.922933578491211,0.28088879585266113,,0,-1
final,159912,ppo_rev12_114505,1456,goal,61,1.0,1.0,0.0,0.0,0.0,0.0,0.0,0.0,0.0,0.0,4.9330339431762695,0.0,-0.3140014410018921,5.401376724243164,0.2696898579597473,,0,-1
final,159912,ppo_rev12_114505,1457,goal,99,1.0,1.0,0.0,0.0,0.0,0.0,0.0,0.0,0.0,0.0,4.610473155975342,0.0,-0.8471020460128784,9.85420036315918,0.27775588631629944,,0,-1
final,159912,ppo_rev12_114505,1458,goal,63,1.0,1.0,0.0,0.0,0.0,0.0,0.0,0.0,0.0,0.0,5.2418413162231445,0.0,-1.0,5.6561713218688965,0.25060757994651794,,0,-1
final,159912,ppo_rev12_114505,1459,goal,181,1.0,1.0,0.0,0.0,0.0,0.0,0.0,0.0,0.0,0.0,2.421928644180298,0.0,0.18145519495010376,12.967884063720703,0.22249725461006165,,0,-1
final,159912,ppo_rev12_114505,1460,goal,109,1.0,1.0,0.0,0.0,0.0,0.0,0.0,0.0,0.0,0.0,2.7950539588928223,0.0,-0.42205631732940674,8.228311538696289,0.2741282880306244,,0,-1
final,159912,ppo_rev12_114505,1461,goal,94,1.0,1.0,0.0,0.0,0.0,0.0,0.0,0.0,0.0,0.0,4.614102363586426,0.0,-0.5523135662078857,8.347318649291992,0.2650175988674164,,0,-1
final,159912,ppo_rev12_114505,1462,goal,70,1.0,1.0,0.0,0.0,0.0,0.0,0.0,0.0,0.0,0.0,5.325356960296631,0.0,-1.0,6.147890090942383,0.29980412125587463,,0,-1
final,159912,ppo_rev12_114505,1463,goal,101,1.0,1.0,0.0,0.0,0.0,0.0,0.0,0.0,0.0,0.0,4.6107354164123535,0.0,-1.0,10.896062850952148,0.2577176094055176,,0,-1
final,159912,ppo_rev12_114505,1464,goal,48,1.0,1.0,0.0,0.0,0.0,0.0,0.0,0.0,0.0,0.0,nan,0.0,-1.0,3.175929069519043,0.28962981700897217,,0,-1
final,159912,ppo_rev12_114505,1465,goal,81,1.0,1.0,0.0,0.0,0.0,0.0,0.0,0.0,0.0,0.0,3.526984691619873,0.0,0.03637063503265381,5.284783840179443,0.27240943908691406,,0,-1
final,159912,ppo_rev12_114505,1466,goal,62,1.0,1.0,0.0,0.0,0.0,0.0,0.0,0.0,0.0,0.0,5.664478778839111,0.0,-0.8049100637435913,5.973991870880127,0.2952210009098053,,0,-1
final,159912,ppo_rev12_114505,1467,goal,53,1.0,1.0,0.0,0.0,0.0,0.0,0.0,0.0,0.0,0.0,nan,0.0,-1.0,4.518083572387695,0.2970644235610962,,0,-1
final,159912,ppo_rev12_114505,1468,goal,74,1.0,1.0,0.0,0.0,0.0,0.0,0.0,0.0,0.0,0.0,5.483974456787109,0.0,-0.5488516092300415,6.498233795166016,0.2681207060813904,,0,-1
final,159912,ppo_rev12_114505,1469,goal,58,1.0,1.0,0.0,0.0,0.0,0.0,0.0,0.0,0.0,0.0,nan,0.0,-1.0,3.960145950317383,0.20501939952373505,,0,-1
final,159912,ppo_rev12_114505,1470,goal,120,1.0,1.0,0.0,0.0,0.0,0.0,0.0,0.0,0.0,0.041666666666666664,5.005921840667725,0.0,-1.0,13.414121627807617,0.29795563220977783,,0,-1
final,159912,ppo_rev12_114505,1471,goal,106,1.0,1.0,0.0,0.0,0.0,0.0,0.0,0.0,0.0,0.0,1.7784355878829956,0.0,0.1339653730392456,6.774202346801758,0.26415205001831055,,0,-1
final,159912,ppo_rev12_114505,1472,goal,56,1.0,1.0,0.0,0.0,0.0,0.0,0.0,0.0,0.0,0.0,nan,0.0,-1.0,5.1333394050598145,0.281339555978775,,0,-1
final,159912,ppo_rev12_114505,1473,goal,82,1.0,1.0,0.0,0.0,0.0,0.0,0.0,0.0,0.0,0.0,5.772246837615967,0.0,-0.47798478603363037,8.796175003051758,0.2915549874305725,,0,-1
final,159912,ppo_rev12_114505,1474,goal,126,1.0,1.0,0.0,0.0,0.0,0.0,0.0,0.0,0.0,0.0,0.9314794540405273,0.0,-0.4361460208892822,8.140581130981445,0.26349321007728577,,0,-1
final,159912,ppo_rev12_114505,1475,goal,59,1.0,1.0,0.0,0.0,0.0,0.0,0.0,0.0,0.0,0.0,nan,0.0,-0.25350654125213623,4.412817001342773,0.24601586163043976,,0,-1
final,159912,ppo_rev12_114505,1476,goal,120,1.0,1.0,0.0,0.0,0.0,0.0,0.0,0.0,0.0,0.0,2.07589054107666,0.0,0.00035446882247924805,9.16055679321289,0.2891800105571747,,0,-1
final,159912,ppo_rev12_114505,1477,goal,123,1.0,1.0,0.0,0.0,0.0,0.0,0.0,0.0,0.0,0.0,3.892939567565918,0.0,0.4166575074195862,12.1197509765625,0.27889618277549744,,0,-1
final,159912,ppo_rev12_114505,1478,goal,83,1.0,1.0,0.0,0.0,0.0,0.0,0.0,0.0,0.0,0.0,5.644476413726807,0.0,-1.0,8.63952350616455,0.2938438951969147,,0,-1
final,159912,ppo_rev12_114505,1479,goal,95,1.0,1.0,0.0,0.0,0.0,0.0,0.0,0.0,0.0,0.0,4.720132827758789,0.0,-1.0,8.755781173706055,0.2739354074001312,,0,-1
final,159912,ppo_rev12_114505,1480,timeout,200,-0.5,0.0,0.0,0.0,0.0,1.0,0.0,0.0,0.0,0.0,0.45991235971450806,0.0,0.16640758514404297,13.347099304199219,nan,,0,-1
final,159912,ppo_rev12_114505,1481,goal,92,1.0,1.0,0.0,0.0,0.0,0.0,0.0,0.0,0.0,0.0,4.421996593475342,0.0,0.04458284378051758,9.45102310180664,0.22495988011360168,,0,-1
final,159912,ppo_rev12_114505,1482,timeout,200,-0.5,0.0,0.0,0.0,0.0,1.0,0.0,0.0,0.0,0.0,2.348773241043091,0.0,0.10794496536254883,16.13644027709961,nan,,0,-1
final,159912,ppo_rev12_114505,1483,goal,60,1.0,1.0,0.0,0.0,0.0,0.0,0.0,0.0,0.0,0.0,4.219178199768066,0.0,-1.0,5.357861518859863,0.27787184715270996,,0,-1
final,159912,ppo_rev12_114505,1484,goal,62,1.0,1.0,0.0,0.0,0.0,0.0,0.0,0.0,0.0,0.0,4.515593528747559,0.0,-1.0,4.871350288391113,0.2868676483631134,,0,-1
final,159912,ppo_rev12_114505,1485,goal,74,1.0,1.0,0.0,0.0,0.0,0.0,0.0,0.0,0.0,0.0,6.1507568359375,0.0,-1.0,7.5536699295043945,0.2971057593822479,,0,-1
final,159912,ppo_rev12_114505,1486,goal,97,1.0,1.0,0.0,0.0,0.0,0.0,0.0,0.0,0.0,0.0,3.599485158920288,0.0,-0.29097723960876465,8.689091682434082,0.2712332010269165,,0,-1
final,159912,ppo_rev12_114505,1487,goal,38,1.0,1.0,0.0,0.0,0.0,0.0,0.0,0.0,0.0,0.0,nan,0.0,-1.0,2.371499538421631,0.27894631028175354,,0,-1
final,159912,ppo_rev12_114505,1488,goal,50,1.0,1.0,0.0,0.0,0.0,0.0,0.0,0.0,0.0,0.0,nan,0.0,-1.0,4.347284317016602,0.2790232300758362,,0,-1
final,159912,ppo_rev12_114505,1489,collision,27,-2.0,0.0,1.0,0.0,0.0,0.0,0.0,0.0,0.0,0.0,nan,0.0,1.0,2.0179343223571777,nan,obstacle,0,-1
final,159912,ppo_rev12_114505,1490,goal,84,1.0,1.0,0.0,0.0,0.0,0.0,0.0,0.0,0.0,0.0,5.349907875061035,0.0,0.8494716882705688,7.06674337387085,0.18373094499111176,,0,-1
final,159912,ppo_rev12_114505,1491,goal,65,1.0,1.0,0.0,0.0,0.0,0.0,0.0,0.0,0.0,0.0,6.003636837005615,0.0,-1.0,6.699329376220703,0.25539350509643555,,0,-1
final,159912,ppo_rev12_114505,1492,goal,61,1.0,1.0,0.0,0.0,0.0,0.0,0.0,0.0,0.0,0.0,4.528533935546875,0.0,-1.0,5.11903190612793,0.2583160102367401,,0,-1
final,159912,ppo_rev12_114505,1493,goal,101,1.0,1.0,0.0,0.0,0.0,0.0,0.0,0.0,0.0,0.0,4.310046195983887,0.0,-0.0962529182434082,8.285867691040039,0.2824200391769409,,0,-1
final,159912,ppo_rev12_114505,1494,goal,83,1.0,1.0,0.0,0.0,0.0,0.0,0.0,0.0,0.0,0.0,5.309264659881592,0.0,-1.0,7.996234893798828,0.27535805106163025,,0,-1
final,159912,ppo_rev12_114505,1495,goal,64,1.0,1.0,0.0,0.0,0.0,0.0,0.0,0.0,0.0,0.0,5.731182098388672,0.0,-1.0,6.08750057220459,0.28948742151260376,,0,-1
final,159912,ppo_rev12_114505,1496,goal,64,1.0,1.0,0.0,0.0,0.0,0.0,0.0,0.0,0.0,0.0,5.028735637664795,0.0,-1.0,6.230137825012207,0.2856754660606384,,0,-1
final,159912,ppo_rev12_114505,1497,goal,53,1.0,1.0,0.0,0.0,0.0,0.0,0.0,0.0,0.0,0.0,nan,0.0,-1.0,4.413825035095215,0.2810348570346832,,0,-1
final,159912,ppo_rev12_114505,1498,goal,60,1.0,1.0,0.0,0.0,0.0,0.0,0.0,0.0,0.0,0.0,4.2204766273498535,0.0,-0.15845942497253418,4.858832359313965,0.29538363218307495,,0,-1
final,159912,ppo_rev12_114505,1499,goal,52,1.0,1.0,0.0,0.0,0.0,0.0,0.0,0.0,0.0,0.0,nan,0.0,-1.0,3.4591050148010254,0.21662113070487976,,0,-1
final,159912,ppo_rev12_114505,1500,goal,85,1.0,1.0,0.0,0.0,0.0,0.0,0.0,0.0,0.0,0.0,2.353398561477661,0.0,-0.3692631721496582,5.458810329437256,0.29238957166671753,,0,-1
final,159912,ppo_rev12_114505,1501,goal,113,1.0,1.0,0.0,0.0,0.0,0.0,0.0,0.0,0.0,0.0,3.2203335762023926,0.0,-1.0,10.419794082641602,0.29702872037887573,,0,-1
final,159912,ppo_rev12_114505,1502,goal,55,1.0,1.0,0.0,0.0,0.0,0.0,0.0,0.0,0.0,0.0,nan,0.0,-1.0,4.337776184082031,0.2675819993019104,,0,-1
final,159912,ppo_rev12_114505,1503,goal,51,1.0,1.0,0.0,0.0,0.0,0.0,0.0,0.0,0.0,0.0,nan,0.0,-1.0,3.238369941711426,0.15780609846115112,,0,-1
final,159912,ppo_rev12_114505,1504,goal,77,1.0,1.0,0.0,0.0,0.0,0.0,0.0,0.0,0.0,0.0,2.473051071166992,0.0,0.14063960313796997,3.917764663696289,0.28257977962493896,,0,-1
final,159912,ppo_rev12_114505,1505,goal,71,1.0,1.0,0.0,0.0,0.0,0.0,0.0,0.0,0.0,0.0,6.353001117706299,0.0,-1.0,7.0439605712890625,0.2676757276058197,,0,-1
final,159912,ppo_rev12_114505,1506,goal,97,1.0,1.0,0.0,0.0,0.0,0.0,0.0,0.0,0.0,0.0,4.818395614624023,0.0,-1.0,10.043582916259766,0.2824217677116394,,0,-1
final,159912,ppo_rev12_114505,1507,goal,83,1.0,1.0,0.0,0.0,0.0,0.0,0.0,0.0,0.0,0.0,5.002636432647705,0.0,-1.0,8.50244140625,0.2699206471443176,,0,-1
final,159912,ppo_rev12_114505,1508,goal,103,1.0,1.0,0.0,0.0,0.0,0.0,0.0,0.0,0.0,0.0,5.523250102996826,0.0,-1.0,11.72480297088623,0.252898246049881,,0,-1
final,159912,ppo_rev12_114505,1509,goal,75,1.0,1.0,0.0,0.0,0.0,0.0,0.0,0.0,0.0,0.0,4.7850141525268555,0.0,-1.0,7.310605525970459,0.28331613540649414,,0,-1
final,159912,ppo_rev12_114505,1510,timeout,200,-0.5,0.0,0.0,0.0,0.0,1.0,0.0,0.0,0.0,0.0,1.3564250469207764,0.0,-0.2147902250289917,13.655445098876953,nan,,0,-1
final,159912,ppo_rev12_114505,1511,goal,47,1.0,1.0,0.0,0.0,0.0,0.0,0.0,0.0,0.0,0.0,nan,0.0,-0.06731486320495605,2.7471091747283936,0.26749375462532043,,0,-1
final,159912,ppo_rev12_114505,1512,goal,171,1.0,1.0,0.0,0.0,0.0,0.0,0.0,0.0,0.0,0.0,3.0581629276275635,0.0,-0.7180306911468506,16.227561950683594,0.2851811647415161,,0,-1
final,159912,ppo_rev12_114505,1513,goal,113,1.0,1.0,0.0,0.0,0.0,0.0,0.0,0.0,0.0,0.0,3.043814182281494,0.0,-0.5302371978759766,9.935833930969238,0.29799947142601013,,0,-1
final,159912,ppo_rev12_114505,1514,goal,52,1.0,1.0,0.0,0.0,0.0,0.0,0.0,0.0,0.0,0.0,nan,0.0,-1.0,4.445122718811035,0.29738718271255493,,0,-1
final,159912,ppo_rev12_114505,1515,goal,57,1.0,1.0,0.0,0.0,0.0,0.0,0.0,0.0,0.0,0.0,nan,0.0,-1.0,5.25834846496582,0.2411918342113495,,0,-1
final,159912,ppo_rev12_114505,1516,goal,82,1.0,1.0,0.0,0.0,0.0,0.0,0.0,0.0,0.0,0.0,4.109095573425293,0.0,0.5422780513763428,7.108343124389648,0.2796176075935364,,0,-1
final,159912,ppo_rev12_114505,1517,goal,64,1.0,1.0,0.0,0.0,0.0,0.0,0.0,0.0,0.0,0.0,3.9265940189361572,0.0,-1.0,5.52039909362793,0.16417740285396576,,0,-1
final,159912,ppo_rev12_114505,1518,goal,97,1.0,1.0,0.0,0.0,0.0,0.0,0.0,0.0,0.0,0.0,5.03804874420166,0.0,-1.0,9.097708702087402,0.28696107864379883,,0,-1
final,159912,ppo_rev12_114505,1519,goal,78,1.0,1.0,0.0,0.0,0.0,0.0,0.0,0.0,0.0,0.0,5.651205539703369,0.0,-1.0,7.457724571228027,0.28103113174438477,,0,-1
final,159912,ppo_rev12_114505,1520,goal,90,1.0,1.0,0.0,0.0,0.0,0.0,0.0,0.0,0.0,0.0,3.924424886703491,0.0,-1.0,7.572243690490723,0.2641284465789795,,0,-1
final,159912,ppo_rev12_114505,1521,goal,199,1.0,1.0,0.0,0.0,0.0,0.0,0.0,0.0,0.0,0.0,1.1309655904769897,0.0,0.10378843545913696,15.246942520141602,0.12397199869155884,,0,-1
final,159912,ppo_rev12_114505,1522,goal,97,1.0,1.0,0.0,0.0,0.0,0.0,0.0,0.0,0.0,0.0,2.9353880882263184,0.0,0.14332079887390137,7.869237899780273,0.2906317114830017,,0,-1
final,159912,ppo_rev12_114505,1523,goal,55,1.0,1.0,0.0,0.0,0.0,0.0,0.0,0.0,0.0,0.0,nan,0.0,-1.0,5.548803806304932,0.23284031450748444,,0,-1
final,159912,ppo_rev12_114505,1524,goal,77,1.0,1.0,0.0,0.0,0.0,0.0,0.0,0.0,0.0,0.0,6.038176536560059,0.0,-1.0,8.312629699707031,0.2633378505706787,,0,-1
final,159912,ppo_rev12_114505,1525,goal,83,1.0,1.0,0.0,0.0,0.0,0.0,0.0,0.0,0.0,0.0,3.987488269805908,0.0,-1.0,8.140507698059082,0.2930993139743805,,0,-1
final,159912,ppo_rev12_114505,1526,goal,90,1.0,1.0,0.0,0.0,0.0,0.0,0.0,0.0,0.0,0.0,4.027685165405273,0.0,-1.0,8.162342071533203,0.2980433702468872,,0,-1
final,159912,ppo_rev12_114505,1527,goal,72,1.0,1.0,0.0,0.0,0.0,0.0,0.0,0.0,0.0,0.0,6.143737316131592,0.0,-1.0,7.404933929443359,0.2806410789489746,,0,-1
final,159912,ppo_rev12_114505,1528,goal,83,1.0,1.0,0.0,0.0,0.0,0.0,0.0,0.0,0.0,0.0,4.777453899383545,0.0,-1.0,8.128863334655762,0.2429361790418625,,0,-1
final,159912,ppo_rev12_114505,1529,goal,81,1.0,1.0,0.0,0.0,0.0,0.0,0.0,0.0,0.0,0.0,5.342096328735352,0.0,-1.0,7.721920967102051,0.2969234883785248,,0,-1
final,159912,ppo_rev12_114505,1530,goal,79,1.0,1.0,0.0,0.0,0.0,0.0,0.0,0.0,0.0,0.0,5.328725337982178,0.0,-1.0,7.770913124084473,0.28185775876045227,,0,-1
final,159912,ppo_rev12_114505,1531,goal,62,1.0,1.0,0.0,0.0,0.0,0.0,0.0,0.0,0.0,0.0,5.126601219177246,0.0,-1.0,5.7101335525512695,0.19383610785007477,,0,-1
final,159912,ppo_rev12_114505,1532,goal,69,1.0,1.0,0.0,0.0,0.0,0.0,0.0,0.0,0.0,0.0,5.3990349769592285,0.0,-1.0,6.493348598480225,0.2589268088340759,,0,-1
final,159912,ppo_rev12_114505,1533,goal,180,1.0,1.0,0.0,0.0,0.0,0.0,0.0,0.0,0.0,0.0,1.1333290338516235,0.0,-0.583439826965332,12.296255111694336,0.27291181683540344,,0,-1
final,159912,ppo_rev12_114505,1534,goal,71,1.0,1.0,0.0,0.0,0.0,0.0,0.0,0.0,0.0,0.0,4.707361221313477,0.0,0.5226369500160217,6.949542999267578,0.24205532670021057,,0,-1
final,159912,ppo_rev12_114505,1535,goal,70,1.0,1.0,0.0,0.0,0.0,0.0,0.0,0.0,0.0,0.0,4.330496311187744,0.0,-0.6594758033752441,6.227735996246338,0.291645884513855,,0,-1
final,159912,ppo_rev12_114505,1536,goal,55,1.0,1.0,0.0,0.0,0.0,0.0,0.0,0.0,0.0,0.0,nan,0.0,-1.0,4.538731098175049,0.2812193036079407,,0,-1
final,159912,ppo_rev12_114505,1537,goal,76,1.0,1.0,0.0,0.0,0.0,0.0,0.0,0.0,0.0,0.0,4.117146968841553,0.0,-1.0,5.79982328414917,0.08850791305303574,,0,-1
final,159912,ppo_rev12_114505,1538,goal,148,1.0,1.0,0.0,0.0,0.0,0.0,0.0,0.0,0.0,0.0,3.3884077072143555,0.0,0.8682091236114502,14.207562446594238,0.18209470808506012,,0,-1
final,159912,ppo_rev12_114505,1539,goal,103,1.0,1.0,0.0,0.0,0.0,0.0,0.0,0.0,0.0,0.0,3.60740065574646,0.0,-1.0,9.306567192077637,0.28852102160453796,,0,-1
final,159912,ppo_rev12_114505,1540,timeout,200,-0.5,0.0,0.0,0.0,0.0,1.0,0.0,0.0,0.0,0.0,0.14331737160682678,0.0,0.6366814374923706,7.686718940734863,nan,,0,-1
final,159912,ppo_rev12_114505,1541,goal,44,1.0,1.0,0.0,0.0,0.0,0.0,0.0,0.0,0.0,0.0,nan,0.0,-1.0,2.855478286743164,0.23294703662395477,,0,-1
final,159912,ppo_rev12_114505,1542,collision,102,-2.0,0.0,1.0,0.0,0.0,0.0,0.0,0.0,0.0,0.0,3.806675672531128,0.0,-1.0,9.220108032226562,nan,band_upper,0,-1
final,159912,ppo_rev12_114505,1543,goal,69,1.0,1.0,0.0,0.0,0.0,0.0,0.0,0.0,0.0,0.0,5.176933765411377,0.0,-0.8790894746780396,6.163475036621094,0.2395022064447403,,0,-1
final,159912,ppo_rev12_114505,1544,goal,103,1.0,1.0,0.0,0.0,0.0,0.0,0.0,0.0,0.0,0.0,4.480611324310303,0.0,0.9905222058296204,7.911358833312988,0.2969943881034851,,0,-1
final,159912,ppo_rev12_114505,1545,goal,81,1.0,1.0,0.0,0.0,0.0,0.0,0.0,0.0,0.0,0.0,5.662389755249023,0.0,-1.0,7.426319122314453,0.2786978781223297,,0,-1
final,159912,ppo_rev12_114505,1546,goal,68,1.0,1.0,0.0,0.0,0.0,0.0,0.0,0.0,0.0,0.0,5.825698375701904,0.0,-1.0,6.278439521789551,0.29712289571762085,,0,-1
final,159912,ppo_rev12_114505,1547,goal,126,1.0,1.0,0.0,0.0,0.0,0.0,0.0,0.0,0.0,0.0,3.7206971645355225,0.0,-0.9567047357559204,10.76694107055664,0.2675870954990387,,0,-1
final,159912,ppo_rev12_114505,1548,goal,176,1.0,1.0,0.0,0.0,0.0,0.0,0.0,0.0,0.0,0.0,0.8446025848388672,0.0,0.7146323919296265,11.27616024017334,0.24061648547649384,,0,-1
final,159912,ppo_rev12_114505,1549,goal,192,1.0,1.0,0.0,0.0,0.0,0.0,0.0,0.0,0.0,0.0,4.148869514465332,0.0,-0.4371926784515381,20.843608856201172,0.26619285345077515,,0,-1
final,159912,ppo_rev12_114505,1550,goal,77,1.0,1.0,0.0,0.0,0.0,0.0,0.0,0.0,0.0,0.0,5.804559230804443,0.0,-0.8593083620071411,7.411209583282471,0.2855870723724365,,0,-1
final,159912,ppo_rev12_114505,1551,goal,56,1.0,1.0,0.0,0.0,0.0,0.0,0.0,0.0,0.0,0.0,nan,0.0,-0.7081574201583862,4.353692531585693,0.1788477599620819,,0,-1
final,159912,ppo_rev12_114505,1552,goal,104,1.0,1.0,0.0,0.0,0.0,0.0,0.0,0.0,0.0,0.019230769230769232,5.841465473175049,0.0,-1.0,11.86135482788086,0.26011306047439575,,0,-1
final,159912,ppo_rev12_114505,1553,goal,75,1.0,1.0,0.0,0.0,0.0,0.0,0.0,0.0,0.0,0.0,5.232605457305908,0.0,-1.0,6.241637229919434,0.29340940713882446,,0,-1
final,159912,ppo_rev12_114505,1554,goal,62,1.0,1.0,0.0,0.0,0.0,0.0,0.0,0.0,0.0,0.0,4.801374912261963,0.0,-1.0,5.358673572540283,0.2508525252342224,,0,-1
final,159912,ppo_rev12_114505,1555,goal,59,1.0,1.0,0.0,0.0,0.0,0.0,0.0,0.0,0.0,0.0,nan,0.0,-1.0,5.288910388946533,0.27318817377090454,,0,-1
final,159912,ppo_rev12_114505,1556,goal,82,1.0,1.0,0.0,0.0,0.0,0.0,0.0,0.0,0.0,0.0,5.171241760253906,0.0,-1.0,7.763715744018555,0.268180251121521,,0,-1
final,159912,ppo_rev12_114505,1557,goal,52,1.0,1.0,0.0,0.0,0.0,0.0,0.0,0.0,0.0,0.0,nan,0.0,-1.0,5.080199241638184,0.18026801943778992,,0,-1
final,159912,ppo_rev12_114505,1558,goal,40,1.0,1.0,0.0,0.0,0.0,0.0,0.0,0.0,0.0,0.0,nan,0.0,-1.0,3.0061354637145996,0.25382035970687866,,0,-1
final,159912,ppo_rev12_114505,1559,goal,105,1.0,1.0,0.0,0.0,0.0,0.0,0.0,0.0,0.0,0.0,3.2143006324768066,0.0,-0.08352303504943848,8.860721588134766,0.15676839649677277,,0,-1
final,159912,ppo_rev12_114505,1560,goal,111,1.0,1.0,0.0,0.0,0.0,0.0,0.0,0.0,0.0,0.0,4.583243370056152,0.0,-0.6713323593139648,10.757980346679688,0.2340751439332962,,0,-1
final,159912,ppo_rev12_114505,1561,goal,82,1.0,1.0,0.0,0.0,0.0,0.0,0.0,0.0,0.0,0.0,4.176034927368164,0.0,-1.0,6.552278518676758,0.04949202015995979,,0,-1
final,159912,ppo_rev12_114505,1562,goal,77,1.0,1.0,0.0,0.0,0.0,0.0,0.0,0.0,0.0,0.0,3.65104079246521,0.0,-0.17424440383911133,6.058253288269043,0.2347041517496109,,0,-1
final,159912,ppo_rev12_114505,1563,goal,109,1.0,1.0,0.0,0.0,0.0,0.0,0.0,0.0,0.0,0.0,3.166097402572632,0.0,0.7311539649963379,9.508294105529785,0.23384587466716766,,0,-1
final,159912,ppo_rev12_114505,1564,collision,188,-2.0,0.0,1.0,0.0,0.0,0.0,0.0,0.0,0.0,0.0,0.39095190167427063,0.0,1.0,8.804134368896484,nan,obstacle,0,-1
final,159912,ppo_rev12_114505,1565,timeout,200,-0.5,0.0,0.0,0.0,0.0,1.0,0.0,0.0,0.0,0.0,3.8094642162323,0.0,0.6549756526947021,21.858631134033203,nan,,0,-1
final,159912,ppo_rev12_114505,1566,goal,75,1.0,1.0,0.0,0.0,0.0,0.0,0.0,0.0,0.0,0.0,5.576323986053467,0.0,-1.0,7.314292907714844,0.2631271183490753,,0,-1
final,159912,ppo_rev12_114505,1567,goal,94,1.0,1.0,0.0,0.0,0.0,0.0,0.0,0.0,0.0,0.0,4.115870952606201,0.0,-0.3010965585708618,8.101787567138672,0.262194961309433,,0,-1
final,159912,ppo_rev12_114505,1568,goal,42,1.0,1.0,0.0,0.0,0.0,0.0,0.0,0.0,0.0,0.0,nan,0.0,-1.0,3.5601119995117188,0.2934999167919159,,0,-1
final,159912,ppo_rev12_114505,1569,goal,55,1.0,1.0,0.0,0.0,0.0,0.0,0.0,0.0,0.0,0.0,nan,0.0,-0.3318566083908081,3.9748106002807617,0.23743374645709991,,0,-1
final,159912,ppo_rev12_114505,1570,goal,94,1.0,1.0,0.0,0.0,0.0,0.0,0.0,0.0,0.0,0.0,2.845397472381592,0.0,-1.0,6.733344554901123,0.11085925996303558,,0,-1
final,159912,ppo_rev12_114505,1571,goal,93,1.0,1.0,0.0,0.0,0.0,0.0,0.0,0.0,0.0,0.0,5.33195161819458,0.0,0.05757254362106323,9.808988571166992,0.2614326775074005,,0,-1
final,159912,ppo_rev12_114505,1572,goal,56,1.0,1.0,0.0,0.0,0.0,0.0,0.0,0.0,0.0,0.0,nan,0.0,-1.0,4.625182151794434,0.21474529802799225,,0,-1
final,159912,ppo_rev12_114505,1573,collision,9,-2.0,0.0,1.0,0.0,0.0,0.0,0.0,0.0,0.0,0.0,nan,0.0,1.0,0.5274326205253601,nan,obstacle,0,-1
final,159912,ppo_rev12_114505,1574,goal,99,1.0,1.0,0.0,0.0,0.0,0.0,0.0,0.0,0.0,0.0,3.307525396347046,0.0,-0.10356128215789795,8.899450302124023,0.2929273545742035,,0,-1
final,159912,ppo_rev12_114505,1575,goal,63,1.0,1.0,0.0,0.0,0.0,0.0,0.0,0.0,0.0,0.0,5.927246570587158,0.0,-1.0,6.27698278427124,0.256761759519577,,0,-1
final,159912,ppo_rev12_114505,1576,goal,73,1.0,1.0,0.0,0.0,0.0,0.0,0.0,0.0,0.0,0.0,5.403736591339111,0.0,-1.0,6.47415828704834,0.2947050631046295,,0,-1
final,159912,ppo_rev12_114505,1577,goal,87,1.0,1.0,0.0,0.0,0.0,0.0,0.0,0.0,0.0,0.0,5.0043792724609375,0.0,-1.0,9.506035804748535,0.2310405969619751,,0,-1
final,159912,ppo_rev12_114505,1578,goal,67,1.0,1.0,0.0,0.0,0.0,0.0,0.0,0.0,0.0,0.0,5.081247806549072,0.0,-1.0,6.127628803253174,0.2792244553565979,,0,-1
final,159912,ppo_rev12_114505,1579,goal,91,1.0,1.0,0.0,0.0,0.0,0.0,0.0,0.0,0.0,0.0,3.6569759845733643,0.0,-1.0,7.97842264175415,0.1544618010520935,,0,-1
final,159912,ppo_rev12_114505,1580,goal,75,1.0,1.0,0.0,0.0,0.0,0.0,0.0,0.0,0.0,0.0,5.657397747039795,0.0,-1.0,6.786681175231934,0.29454895853996277,,0,-1
final,159912,ppo_rev12_114505,1581,goal,76,1.0,1.0,0.0,0.0,0.0,0.0,0.0,0.0,0.0,0.0,5.334531307220459,0.0,-0.8942339420318604,8.19924545288086,0.26417434215545654,,0,-1
final,159912,ppo_rev12_114505,1582,goal,91,1.0,1.0,0.0,0.0,0.0,0.0,0.0,0.0,0.0,0.0,3.857581615447998,0.0,-1.0,7.366170883178711,0.2873521149158478,,0,-1
final,159912,ppo_rev12_114505,1583,goal,48,1.0,1.0,0.0,0.0,0.0,0.0,0.0,0.0,0.0,0.0,nan,0.0,-1.0,4.278155326843262,0.24408438801765442,,0,-1
final,159912,ppo_rev12_114505,1584,goal,53,1.0,1.0,0.0,0.0,0.0,0.0,0.0,0.0,0.0,0.0,nan,0.0,-0.6957148313522339,4.1136322021484375,0.25566744804382324,,0,-1
final,159912,ppo_rev12_114505,1585,goal,65,1.0,1.0,0.0,0.0,0.0,0.0,0.0,0.0,0.0,0.0,4.524320602416992,0.0,-1.0,5.3700432777404785,0.2351294904947281,,0,-1
final,159912,ppo_rev12_114505,1586,goal,97,1.0,1.0,0.0,0.0,0.0,0.0,0.0,0.0,0.0,0.0,4.711410999298096,0.0,-1.0,9.277832984924316,0.2782853841781616,,0,-1
final,159912,ppo_rev12_114505,1587,goal,108,1.0,1.0,0.0,0.0,0.0,0.0,0.0,0.0,0.0,0.0,4.302064418792725,0.0,-1.0,9.878805160522461,0.29517698287963867,,0,-1
final,159912,ppo_rev12_114505,1588,goal,50,1.0,1.0,0.0,0.0,0.0,0.0,0.0,0.0,0.0,0.0,nan,0.0,-1.0,3.9681284427642822,0.2709813416004181,,0,-1
final,159912,ppo_rev12_114505,1589,goal,78,1.0,1.0,0.0,0.0,0.0,0.0,0.0,0.0,0.0,0.0,5.983548641204834,0.0,-0.7598612308502197,8.278475761413574,0.2693644165992737,,0,-1
final,159912,ppo_rev12_114505,1590,goal,66,1.0,1.0,0.0,0.0,0.0,0.0,0.0,0.0,0.0,0.0,4.695829391479492,0.0,0.6902860403060913,5.236842155456543,0.24548833072185516,,0,-1
final,159912,ppo_rev12_114505,1591,goal,71,1.0,1.0,0.0,0.0,0.0,0.0,0.0,0.0,0.0,0.0,3.5778005123138428,0.0,-0.021780967712402344,6.050382614135742,0.24105696380138397,,0,-1
final,159912,ppo_rev12_114505,1592,goal,37,1.0,1.0,0.0,0.0,0.0,0.0,0.0,0.0,0.0,0.0,nan,0.0,-1.0,2.4236297607421875,0.27862077951431274,,0,-1
final,159912,ppo_rev12_114505,1593,goal,40,1.0,1.0,0.0,0.0,0.0,0.0,0.0,0.0,0.0,0.0,nan,0.0,-1.0,3.430999755859375,0.29641586542129517,,0,-1
final,159912,ppo_rev12_114505,1594,goal,94,1.0,1.0,0.0,0.0,0.0,0.0,0.0,0.0,0.0,0.0,2.794433832168579,0.0,-0.7067633867263794,7.247224807739258,0.2520245313644409,,0,-1
final,159912,ppo_rev12_114505,1595,goal,122,1.0,1.0,0.0,0.0,0.0,0.0,0.0,0.0,0.0,0.0,5.539781093597412,0.0,-1.0,14.322711944580078,0.2845553457736969,,0,-1
final,159912,ppo_rev12_114505,1596,goal,66,1.0,1.0,0.0,0.0,0.0,0.0,0.0,0.0,0.0,0.0,5.190030097961426,0.0,-1.0,5.63719367980957,0.29620906710624695,,0,-1
final,159912,ppo_rev12_114505,1597,timeout,200,-0.5,0.0,0.0,0.0,0.0,1.0,0.0,0.0,0.0,0.0,2.144172191619873,0.0,-0.05323958396911621,17.598386764526367,nan,,0,-1
final,159912,ppo_rev12_114505,1598,goal,71,1.0,1.0,0.0,0.0,0.0,0.0,0.0,0.0,0.0,0.0,3.3142945766448975,0.0,-1.0,5.441761493682861,0.2124859094619751,,0,-1
final,159912,ppo_rev12_114505,1599,goal,123,1.0,1.0,0.0,0.0,0.0,0.0,0.0,0.0,0.0,0.0,3.9513590335845947,0.0,-0.05326855182647705,12.265584945678711,0.2876976728439331,,0,-1
final,159912,ppo_rev12_114505,1600,goal,103,1.0,1.0,0.0,0.0,0.0,0.0,0.0,0.0,0.0,0.0,3.371875047683716,0.0,-0.9477609395980835,9.820137023925781,0.2729950547218323,,0,-1
final,159912,ppo_rev12_114505,1601,goal,88,1.0,1.0,0.0,0.0,0.0,0.0,0.0,0.0,0.0,0.0,3.5301673412323,0.0,0.806567907333374,6.890966415405273,0.26187726855278015,,0,-1
final,159912,ppo_rev12_114505,1602,goal,143,1.0,1.0,0.0,0.0,0.0,0.0,0.0,0.0,0.0,0.0,3.732875347137451,0.0,-0.8135204315185547,14.145832061767578,0.17100945115089417,,0,-1
final,159912,ppo_rev12_114505,1603,goal,64,1.0,1.0,0.0,0.0,0.0,0.0,0.0,0.0,0.0,0.0,5.357333660125732,0.0,-1.0,5.732259273529053,0.2906414568424225,,0,-1
final,159912,ppo_rev12_114505,1604,goal,59,1.0,1.0,0.0,0.0,0.0,0.0,0.0,0.0,0.0,0.0,nan,0.0,-1.0,4.3829522132873535,0.281521737575531,,0,-1
final,159912,ppo_rev12_114505,1605,goal,121,1.0,1.0,0.0,0.0,0.0,0.0,0.0,0.0,0.0,0.0,1.6322754621505737,0.0,-0.897587776184082,8.710958480834961,0.2891603112220764,,0,-1
final,159912,ppo_rev12_114505,1606,goal,75,1.0,1.0,0.0,0.0,0.0,0.0,0.0,0.0,0.0,0.0,5.681863307952881,0.0,-1.0,6.96949577331543,0.2859727740287781,,0,-1
final,159912,ppo_rev12_114505,1607,goal,66,1.0,1.0,0.0,0.0,0.0,0.0,0.0,0.0,0.0,0.0,4.242129325866699,0.0,-1.0,5.385296821594238,0.12852871417999268,,0,-1
final,159912,ppo_rev12_114505,1608,goal,68,1.0,1.0,0.0,0.0,0.0,0.0,0.0,0.0,0.0,0.0,4.0550947189331055,0.0,-0.9639185667037964,6.707065582275391,0.2584587633609772,,0,-1
final,159912,ppo_rev12_114505,1609,timeout,200,-0.5,0.0,0.0,0.0,0.0,1.0,0.0,0.0,0.0,0.0,0.594605028629303,0.0,0.7258591651916504,11.716854095458984,nan,,0,-1
final,159912,ppo_rev12_114505,1610,goal,50,1.0,1.0,0.0,0.0,0.0,0.0,0.0,0.0,0.0,0.0,nan,0.0,-1.0,4.074102878570557,0.2990550398826599,,0,-1
final,159912,ppo_rev12_114505,1611,goal,102,1.0,1.0,0.0,0.0,0.0,0.0,0.0,0.0,0.0,0.0,3.380850315093994,0.0,-0.5886222124099731,8.871827125549316,0.27750998735427856,,0,-1
final,159912,ppo_rev12_114505,1612,goal,72,1.0,1.0,0.0,0.0,0.0,0.0,0.0,0.0,0.0,0.0,5.752603530883789,0.0,0.2263627052307129,7.257691383361816,0.2838851511478424,,0,-1
final,159912,ppo_rev12_114505,1613,goal,68,1.0,1.0,0.0,0.0,0.0,0.0,0.0,0.0,0.0,0.0,4.658140659332275,0.0,0.2619190812110901,6.120359420776367,0.250975638628006,,0,-1
final,159912,ppo_rev12_114505,1614,collision,78,-2.0,0.0,1.0,0.0,0.0,0.0,0.0,0.0,0.0,0.0,0.7628898024559021,0.0,1.0,2.821143627166748,nan,obstacle,0,-1
final,159912,ppo_rev12_114505,1615,goal,42,1.0,1.0,0.0,0.0,0.0,0.0,0.0,0.0,0.0,0.0,nan,0.0,-1.0,3.408961534500122,0.2921023368835449,,0,-1
final,159912,ppo_rev12_114505,1616,goal,101,1.0,1.0,0.0,0.0,0.0,0.0,0.0,0.0,0.0,0.0,5.666147708892822,0.0,-1.0,11.001331329345703,0.29834607243537903,,0,-1
final,159912,ppo_rev12_114505,1617,goal,91,1.0,1.0,0.0,0.0,0.0,0.0,0.0,0.0,0.0,0.0,5.7590203285217285,0.0,0.34565508365631104,9.12088394165039,0.24492566287517548,,0,-1
final,159912,ppo_rev12_114505,1618,goal,69,1.0,1.0,0.0,0.0,0.0,0.0,0.0,0.0,0.0,0.0,5.704015731811523,0.0,-1.0,6.535171985626221,0.17107036709785461,,0,-1
final,159912,ppo_rev12_114505,1619,goal,72,1.0,1.0,0.0,0.0,0.0,0.0,0.0,0.0,0.0,0.0,4.8317155838012695,0.0,-1.0,6.766641139984131,0.29465243220329285,,0,-1
final,159912,ppo_rev12_114505,1620,goal,65,1.0,1.0,0.0,0.0,0.0,0.0,0.0,0.0,0.0,0.0,4.953804016113281,0.0,-1.0,6.15078067779541,0.29246917366981506,,0,-1
final,159912,ppo_rev12_114505,1621,goal,65,1.0,1.0,0.0,0.0,0.0,0.0,0.0,0.0,0.0,0.0,2.1142117977142334,0.0,0.3499033451080322,4.542324066162109,0.28204280138015747,,0,-1
final,159912,ppo_rev12_114505,1622,goal,116,1.0,1.0,0.0,0.0,0.0,0.0,0.0,0.0,0.0,0.0,3.7004551887512207,0.0,0.8947238922119141,10.200582504272461,0.23394325375556946,,0,-1
final,159912,ppo_rev12_114505,1623,goal,65,1.0,1.0,0.0,0.0,0.0,0.0,0.0,0.0,0.0,0.0,3.65567684173584,0.0,0.4206060767173767,5.279523849487305,0.2891387641429901,,0,-1
final,159912,ppo_rev12_114505,1624,goal,90,1.0,1.0,0.0,0.0,0.0,0.0,0.0,0.0,0.0,0.0,5.906514644622803,0.0,-1.0,9.31066608428955,0.28688961267471313,,0,-1
final,159912,ppo_rev12_114505,1625,goal,46,1.0,1.0,0.0,0.0,0.0,0.0,0.0,0.0,0.0,0.0,nan,0.0,-1.0,2.4184610843658447,0.14684559404850006,,0,-1
final,159912,ppo_rev12_114505,1626,goal,80,1.0,1.0,0.0,0.0,0.0,0.0,0.0,0.0,0.0,0.0,3.083714723587036,0.0,-0.15128815174102783,5.834289073944092,0.2293219417333603,,0,-1
final,159912,ppo_rev12_114505,1627,goal,132,1.0,1.0,0.0,0.0,0.0,0.0,0.0,0.0,0.0,0.0,2.0479609966278076,0.0,-0.07471287250518799,7.591965198516846,0.29821160435676575,,0,-1
final,159912,ppo_rev12_114505,1628,goal,84,1.0,1.0,0.0,0.0,0.0,0.0,0.0,0.0,0.0,0.0,4.318982124328613,0.0,-1.0,7.689484119415283,0.26359832286834717,,0,-1
final,159912,ppo_rev12_114505,1629,goal,156,1.0,1.0,0.0,0.0,0.0,0.0,0.0,0.0,0.0,0.0,3.5788373947143555,0.0,-0.26900386810302734,15.413228988647461,0.2979128658771515,,0,-1
final,159912,ppo_rev12_114505,1630,goal,58,1.0,1.0,0.0,0.0,0.0,0.0,0.0,0.0,0.0,0.0,nan,0.0,-1.0,5.674168586730957,0.17418847978115082,,0,-1
final,159912,ppo_rev12_114505,1631,goal,84,1.0,1.0,0.0,0.0,0.0,0.0,0.0,0.0,0.0,0.0,3.698803424835205,0.0,0.211931049823761,5.95964241027832,0.2824731171131134,,0,-1
final,159912,ppo_rev12_114505,1632,collision,6,-2.0,0.0,1.0,0.0,0.0,0.0,0.0,0.0,0.0,0.0,nan,0.0,1.0,0.27651143074035645,nan,obstacle,0,-1
final,159912,ppo_rev12_114505,1633,goal,63,1.0,1.0,0.0,0.0,0.0,0.0,0.0,0.0,0.0,0.0,5.268548488616943,0.0,-1.0,5.743473052978516,0.2699759304523468,,0,-1
final,159912,ppo_rev12_114505,1634,goal,58,1.0,1.0,0.0,0.0,0.0,0.0,0.0,0.0,0.0,0.0,nan,0.0,-0.6624764204025269,5.059446334838867,0.27488404512405396,,0,-1
final,159912,ppo_rev12_114505,1635,goal,177,1.0,1.0,0.0,0.0,0.0,0.0,0.0,0.0,0.0,0.0,0.799281120300293,0.0,-0.600337028503418,9.213147163391113,0.2660730183124542,,0,-1
final,159912,ppo_rev12_114505,1636,timeout,200,-0.5,0.0,0.0,0.0,0.0,1.0,0.0,0.0,0.0,0.0,0.5815386772155762,0.0,0.15633708238601685,9.157904624938965,nan,,0,-1
final,159912,ppo_rev12_114505,1637,goal,56,1.0,1.0,0.0,0.0,0.0,0.0,0.0,0.0,0.0,0.0,nan,0.0,-1.0,4.754143238067627,0.15507030487060547,,0,-1
final,159912,ppo_rev12_114505,1638,goal,73,1.0,1.0,0.0,0.0,0.0,0.0,0.0,0.0,0.0,0.0,4.231738567352295,0.0,-1.0,5.505417823791504,0.14971716701984406,,0,-1
final,159912,ppo_rev12_114505,1639,goal,82,1.0,1.0,0.0,0.0,0.0,0.0,0.0,0.0,0.0,0.0,5.76844596862793,0.0,-1.0,8.471609115600586,0.22829844057559967,,0,-1
final,159912,ppo_rev12_114505,1640,goal,153,1.0,1.0,0.0,0.0,0.0,0.0,0.0,0.0,0.0,0.0,4.372897148132324,0.0,-1.0,17.03662109375,0.2917725145816803,,0,-1
final,159912,ppo_rev12_114505,1641,goal,80,1.0,1.0,0.0,0.0,0.0,0.0,0.0,0.0,0.0,0.0,5.272567272186279,0.0,-1.0,8.234712600708008,0.16876350343227386,,0,-1
final,159912,ppo_rev12_114505,1642,collision,69,-2.0,0.0,1.0,0.0,0.0,0.0,0.0,0.0,0.0,0.0,2.625628709793091,0.0,1.0,4.342443943023682,nan,obstacle,0,-1
final,159912,ppo_rev12_114505,1643,timeout,200,-0.5,0.0,0.0,0.0,0.0,1.0,0.0,0.0,0.0,0.0,0.20507101714611053,0.0,-0.07581961154937744,5.137931823730469,nan,,0,-1
final,159912,ppo_rev12_114505,1644,goal,97,1.0,1.0,0.0,0.0,0.0,0.0,0.0,0.0,0.0,0.0,3.4447848796844482,0.0,-1.0,8.714481353759766,0.24797435104846954,,0,-1
final,159912,ppo_rev12_114505,1645,goal,70,1.0,1.0,0.0,0.0,0.0,0.0,0.0,0.0,0.0,0.0,5.72938871383667,0.0,-1.0,7.115955829620361,0.13686586916446686,,0,-1
final,159912,ppo_rev12_114505,1646,goal,86,1.0,1.0,0.0,0.0,0.0,0.0,0.0,0.0,0.0,0.0,3.493534564971924,0.0,-1.0,6.742186546325684,0.11678558588027954,,0,-1
final,159912,ppo_rev12_114505,1647,goal,104,1.0,1.0,0.0,0.0,0.0,0.0,0.0,0.0,0.0,0.0,4.698408603668213,0.0,-0.29621171951293945,10.379461288452148,0.27083641290664673,,0,-1
final,159912,ppo_rev12_114505,1648,goal,60,1.0,1.0,0.0,0.0,0.0,0.0,0.0,0.0,0.0,0.0,4.2783522605896,0.0,-1.0,5.095458030700684,0.273487389087677,,0,-1
final,159912,ppo_rev12_114505,1649,goal,84,1.0,1.0,0.0,0.0,0.0,0.0,0.0,0.0,0.0,0.0,3.8156533241271973,0.0,-0.6915825605392456,6.655893325805664,0.19722095131874084,,0,-1
final,159912,ppo_rev12_114505,1650,goal,90,1.0,1.0,0.0,0.0,0.0,0.0,0.0,0.0,0.0,0.0,5.958037376403809,0.0,-1.0,9.810226440429688,0.24657057225704193,,0,-1
final,159912,ppo_rev12_114505,1651,goal,62,1.0,1.0,0.0,0.0,0.0,0.0,0.0,0.0,0.0,0.0,2.4515607357025146,0.0,-0.13251912593841553,2.9905450344085693,0.2865617275238037,,0,-1
final,159912,ppo_rev12_114505,1652,goal,49,1.0,1.0,0.0,0.0,0.0,0.0,0.0,0.0,0.0,0.0,nan,0.0,0.19840127229690552,2.3999767303466797,0.2897045910358429,,0,-1
final,159912,ppo_rev12_114505,1653,goal,114,1.0,1.0,0.0,0.0,0.0,0.0,0.0,0.0,0.0,0.0,2.5476861000061035,0.0,0.19005560874938965,6.585900783538818,0.2796846032142639,,0,-1
final,159912,ppo_rev12_114505,1654,goal,74,1.0,1.0,0.0,0.0,0.0,0.0,0.0,0.0,0.0,0.0,4.390243053436279,0.0,-0.29357755184173584,5.660318851470947,0.2542734444141388,,0,-1
final,159912,ppo_rev12_114505,1655,stuck,105,-1.0,0.0,0.0,0.0,1.0,0.0,0.0,0.0,0.0,0.0,0.007516033481806517,0.0,-1.0,2.8129539489746094,nan,,0,-1
final,159912,ppo_rev12_114505,1656,goal,75,1.0,1.0,0.0,0.0,0.0,0.0,0.0,0.0,0.0,0.0,2.4388327598571777,0.0,0.346943199634552,6.142567157745361,0.28582096099853516,,0,-1
final,159912,ppo_rev12_114505,1657,goal,74,1.0,1.0,0.0,0.0,0.0,0.0,0.0,0.0,0.0,0.0,5.83164119720459,0.0,-1.0,7.315360069274902,0.282919317483902,,0,-1
final,159912,ppo_rev12_114505,1658,goal,121,1.0,1.0,0.0,0.0,0.0,0.0,0.0,0.0,0.0,0.0,2.501739501953125,0.0,0.30249351263046265,8.613327026367188,0.16513600945472717,,0,-1
final,159912,ppo_rev12_114505,1659,goal,81,1.0,1.0,0.0,0.0,0.0,0.0,0.0,0.0,0.0,0.0,2.7325758934020996,0.0,-1.0,5.1504364013671875,0.2938189208507538,,0,-1
final,159912,ppo_rev12_114505,1660,goal,54,1.0,1.0,0.0,0.0,0.0,0.0,0.0,0.0,0.0,0.0,nan,0.0,-0.9623039960861206,4.577772617340088,0.24898235499858856,,0,-1
final,159912,ppo_rev12_114505,1661,goal,82,1.0,1.0,0.0,0.0,0.0,0.0,0.0,0.0,0.0,0.0,5.889590263366699,0.0,-1.0,8.074844360351562,0.25012195110321045,,0,-1
final,159912,ppo_rev12_114505,1662,goal,172,1.0,1.0,0.0,0.0,0.0,0.0,0.0,0.0,0.0,0.0,1.9542899131774902,0.0,0.9899435043334961,15.9600830078125,0.25893282890319824,,0,-1
final,159912,ppo_rev12_114505,1663,stuck,102,-1.0,0.0,0.0,0.0,1.0,0.0,0.0,0.0,0.0,0.0,0.02413066476583481,0.0,-1.0,4.456668853759766,nan,,0,-1
final,159912,ppo_rev12_114505,1664,goal,97,1.0,1.0,0.0,0.0,0.0,0.0,0.0,0.0,0.0,0.0,4.99504280090332,0.0,0.04563868045806885,8.671696662902832,0.29520562291145325,,0,-1
final,159912,ppo_rev12_114505,1665,goal,67,1.0,1.0,0.0,0.0,0.0,0.0,0.0,0.0,0.0,0.0,4.915360450744629,0.0,-1.0,6.336219310760498,0.2900015115737915,,0,-1
final,159912,ppo_rev12_114505,1666,goal,108,1.0,1.0,0.0,0.0,0.0,0.0,0.0,0.0,0.0,0.0,3.4556610584259033,0.0,-0.32860422134399414,9.835410118103027,0.2746885418891907,,0,-1
final,159912,ppo_rev12_114505,1667,goal,35,1.0,1.0,0.0,0.0,0.0,0.0,0.0,0.0,0.0,0.0,nan,0.0,-1.0,1.9552290439605713,0.2510741055011749,,0,-1
final,159912,ppo_rev12_114505,1668,goal,116,1.0,1.0,0.0,0.0,0.0,0.0,0.0,0.0,0.0,0.0,1.3359203338623047,0.0,0.19256210327148438,7.005716323852539,0.19180849194526672,,0,-1
final,159912,ppo_rev12_114505,1669,goal,74,1.0,1.0,0.0,0.0,0.0,0.0,0.0,0.0,0.0,0.0,5.669374465942383,0.0,-1.0,7.252840042114258,0.293461412191391,,0,-1
final,159912,ppo_rev12_114505,1670,goal,63,1.0,1.0,0.0,0.0,0.0,0.0,0.0,0.0,0.0,0.0,3.7877163887023926,0.0,-0.2539263963699341,4.071967124938965,0.2614794671535492,,0,-1
final,159912,ppo_rev12_114505,1671,goal,128,1.0,1.0,0.0,0.0,0.0,0.0,0.0,0.0,0.0,0.0,3.324984312057495,0.0,-1.0,12.730079650878906,0.2656700909137726,,0,-1
final,159912,ppo_rev12_114505,1672,goal,135,1.0,1.0,0.0,0.0,0.0,0.0,0.0,0.0,0.0,0.0,4.319118022918701,0.0,-0.9514766931533813,15.124065399169922,0.2547699511051178,,0,-1
final,159912,ppo_rev12_114505,1673,goal,52,1.0,1.0,0.0,0.0,0.0,0.0,0.0,0.0,0.0,0.0,nan,0.0,-1.0,4.356499671936035,0.27763962745666504,,0,-1
final,159912,ppo_rev12_114505,1674,goal,45,1.0,1.0,0.0,0.0,0.0,0.0,0.0,0.0,0.0,0.0,nan,0.0,-1.0,3.786954879760742,0.2129516452550888,,0,-1
final,159912,ppo_rev12_114505,1675,goal,98,1.0,1.0,0.0,0.0,0.0,0.0,0.0,0.0,0.0,0.0,4.762731075286865,0.0,-1.0,8.666321754455566,0.2963041067123413,,0,-1
final,159912,ppo_rev12_114505,1676,goal,45,1.0,1.0,0.0,0.0,0.0,0.0,0.0,0.0,0.0,0.0,nan,0.0,-1.0,3.1044423580169678,0.29569634795188904,,0,-1
final,159912,ppo_rev12_114505,1677,goal,76,1.0,1.0,0.0,0.0,0.0,0.0,0.0,0.0,0.0,0.0,4.642561912536621,0.0,-0.13273286819458008,6.752509117126465,0.2950066030025482,,0,-1
final,159912,ppo_rev12_114505,1678,goal,194,1.0,1.0,0.0,0.0,0.0,0.0,0.0,0.0,0.0,0.0,2.445068120956421,0.0,0.14998799562454224,17.554824829101562,0.287528395652771,,0,-1
final,159912,ppo_rev12_114505,1679,timeout,200,-0.5,0.0,0.0,0.0,0.0,1.0,0.0,0.0,0.0,0.0,0.8641823530197144,0.0,0.592535138130188,16.70064926147461,nan,,0,-1
final,159912,ppo_rev12_114505,1680,goal,80,1.0,1.0,0.0,0.0,0.0,0.0,0.0,0.0,0.0,0.0,5.868617534637451,0.0,-0.3074827194213867,7.630606174468994,0.29017671942710876,,0,-1
final,159912,ppo_rev12_114505,1681,goal,105,1.0,1.0,0.0,0.0,0.0,0.0,0.0,0.0,0.0,0.0,3.2701163291931152,0.0,-0.2841367721557617,6.5122880935668945,0.18916547298431396,,0,-1
final,159912,ppo_rev12_114505,1682,goal,44,1.0,1.0,0.0,0.0,0.0,0.0,0.0,0.0,0.0,0.0,nan,0.0,-1.0,3.4267187118530273,0.28317391872406006,,0,-1
final,159912,ppo_rev12_114505,1683,goal,61,1.0,1.0,0.0,0.0,0.0,0.0,0.0,0.0,0.0,0.0,4.9012532234191895,0.0,-1.0,5.285348892211914,0.29626327753067017,,0,-1
final,159912,ppo_rev12_114505,1684,goal,62,1.0,1.0,0.0,0.0,0.0,0.0,0.0,0.0,0.0,0.0,5.646242618560791,0.0,-1.0,5.846437454223633,0.25567102432250977,,0,-1
final,159912,ppo_rev12_114505,1685,goal,60,1.0,1.0,0.0,0.0,0.0,0.0,0.0,0.0,0.0,0.0,2.7813143730163574,0.0,0.28088289499282837,4.765047073364258,0.2628351151943207,,0,-1
final,159912,ppo_rev12_114505,1686,goal,55,1.0,1.0,0.0,0.0,0.0,0.0,0.0,0.0,0.0,0.0,nan,0.0,-1.0,4.168783187866211,0.27257001399993896,,0,-1
final,159912,ppo_rev12_114505,1687,goal,78,1.0,1.0,0.0,0.0,0.0,0.0,0.0,0.0,0.0,0.0,5.436206817626953,0.0,-1.0,7.641705513000488,0.2636691629886627,,0,-1
final,159912,ppo_rev12_114505,1688,goal,175,1.0,1.0,0.0,0.0,0.0,0.0,0.0,0.0,0.0,0.0,2.0976977348327637,0.0,-0.43129611015319824,13.412837982177734,0.18221132457256317,,0,-1
final,159912,ppo_rev12_114505,1689,goal,123,1.0,1.0,0.0,0.0,0.0,0.0,0.0,0.0,0.0,0.0,2.1146864891052246,0.0,0.3953401446342468,7.925000190734863,0.16430656611919403,,0,-1
final,159912,ppo_rev12_114505,1690,goal,59,1.0,1.0,0.0,0.0,0.0,0.0,0.0,0.0,0.0,0.0,nan,0.0,-1.0,4.089251518249512,0.28082117438316345,,0,-1
final,159912,ppo_rev12_114505,1691,goal,98,1.0,1.0,0.0,0.0,0.0,0.0,0.0,0.0,0.0,0.02040816326530612,5.161665916442871,0.0,-1.0,10.75783920288086,0.2441089004278183,,0,-1
final,159912,ppo_rev12_114505,1692,goal,150,1.0,1.0,0.0,0.0,0.0,0.0,0.0,0.0,0.0,0.0,1.8476630449295044,0.0,0.16786712408065796,10.006454467773438,0.23774582147598267,,0,-1
final,159912,ppo_rev12_114505,1693,goal,58,1.0,1.0,0.0,0.0,0.0,0.0,0.0,0.0,0.0,0.0,nan,0.0,-1.0,4.666852951049805,0.2722126543521881,,0,-1
final,159912,ppo_rev12_114505,1694,goal,59,1.0,1.0,0.0,0.0,0.0,0.0,0.0,0.0,0.0,0.0,nan,0.0,-0.3462789058685303,4.175846576690674,0.26524072885513306,,0,-1
final,159912,ppo_rev12_114505,1695,goal,66,1.0,1.0,0.0,0.0,0.0,0.0,0.0,0.0,0.0,0.0,4.008030414581299,0.0,-1.0,5.252292633056641,0.2654147744178772,,0,-1
final,159912,ppo_rev12_114505,1696,goal,93,1.0,1.0,0.0,0.0,0.0,0.0,0.0,0.0,0.0,0.0,4.197004795074463,0.0,-1.0,9.143497467041016,0.2971342206001282,,0,-1
final,159912,ppo_rev12_114505,1697,goal,58,1.0,1.0,0.0,0.0,0.0,0.0,0.0,0.0,0.0,0.0,nan,0.0,-1.0,4.631683349609375,0.28662100434303284,,0,-1
final,159912,ppo_rev12_114505,1698,goal,90,1.0,1.0,0.0,0.0,0.0,0.0,0.0,0.0,0.0,0.0,4.8006978034973145,0.0,-0.5189729928970337,8.10494327545166,0.2342841476202011,,0,-1
final,159912,ppo_rev12_114505,1699,goal,50,1.0,1.0,0.0,0.0,0.0,0.0,0.0,0.0,0.0,0.0,nan,0.0,-1.0,4.415622234344482,0.26743295788764954,,0,-1
final,159912,ppo_rev12_114505,1700,collision,53,-2.0,0.0,1.0,0.0,0.0,0.0,0.0,0.0,0.0,0.0,nan,0.0,1.0,3.8982579708099365,nan,obstacle,0,-1
final,159912,ppo_rev12_114505,1701,goal,136,1.0,1.0,0.0,0.0,0.0,0.0,0.0,0.0,0.0,0.0,2.609325885772705,0.0,-0.019324541091918945,11.088602066040039,0.2694720923900604,,0,-1
final,159912,ppo_rev12_114505,1702,goal,62,1.0,1.0,0.0,0.0,0.0,0.0,0.0,0.0,0.0,0.0,4.955573558807373,0.0,-1.0,5.44089937210083,0.29845044016838074,,0,-1
final,159912,ppo_rev12_114505,1703,goal,92,1.0,1.0,0.0,0.0,0.0,0.0,0.0,0.0,0.0,0.0,5.579293251037598,0.0,-1.0,9.825450897216797,0.20513440668582916,,0,-1
final,159912,ppo_rev12_114505,1704,collision,14,-2.0,0.0,1.0,0.0,0.0,0.0,0.0,0.0,0.0,0.0,nan,0.0,1.0,1.5343388319015503,nan,obstacle,0,-1
final,159912,ppo_rev12_114505,1705,goal,49,1.0,1.0,0.0,0.0,0.0,0.0,0.0,0.0,0.0,0.0,nan,0.0,-1.0,3.9237899780273438,0.2705194056034088,,0,-1
final,159912,ppo_rev12_114505,1706,goal,169,1.0,1.0,0.0,0.0,0.0,0.0,0.0,0.0,0.0,0.0,0.6561127305030823,0.0,-0.7819088697433472,12.378984451293945,0.2894839644432068,,0,-1
final,159912,ppo_rev12_114505,1707,goal,64,1.0,1.0,0.0,0.0,0.0,0.0,0.0,0.0,0.0,0.0,5.877567291259766,0.0,-1.0,6.486211776733398,0.29988113045692444,,0,-1
final,159912,ppo_rev12_114505,1708,goal,97,1.0,1.0,0.0,0.0,0.0,0.0,0.0,0.0,0.0,0.0,2.5981335639953613,0.0,0.8114556670188904,7.645270824432373,0.28531959652900696,,0,-1
final,159912,ppo_rev12_114505,1709,goal,84,1.0,1.0,0.0,0.0,0.0,0.0,0.0,0.0,0.0,0.0,3.78352952003479,0.0,-1.0,6.991400718688965,0.2792644202709198,,0,-1
final,159912,ppo_rev12_114505,1710,goal,53,1.0,1.0,0.0,0.0,0.0,0.0,0.0,0.0,0.0,0.0,nan,0.0,-1.0,4.670605182647705,0.23963695764541626,,0,-1
final,159912,ppo_rev12_114505,1711,goal,79,1.0,1.0,0.0,0.0,0.0,0.0,0.0,0.0,0.0,0.0,5.837864875793457,0.0,-0.9412187337875366,7.447902679443359,0.25266173481941223,,0,-1
final,159912,ppo_rev12_114505,1712,timeout,200,-0.5,0.0,0.0,0.0,0.0,1.0,0.0,0.0,0.0,0.0,0.854423999786377,0.0,-0.5650204420089722,16.745502471923828,nan,,0,-1
final,159912,ppo_rev12_114505,1713,collision,6,-2.0,0.0,1.0,0.0,0.0,0.0,0.0,0.0,0.0,0.0,nan,0.0,1.0,0.5783939361572266,nan,obstacle,0,-1
final,159912,ppo_rev12_114505,1714,goal,86,1.0,1.0,0.0,0.0,0.0,0.0,0.0,0.0,0.0,0.0,3.2707347869873047,0.0,0.9586794972419739,6.42702054977417,0.2582278549671173,,0,-1
final,159912,ppo_rev12_114505,1715,goal,59,1.0,1.0,0.0,0.0,0.0,0.0,0.0,0.0,0.0,0.0,nan,0.0,-1.0,5.591221809387207,0.2845887839794159,,0,-1
final,159912,ppo_rev12_114505,1716,goal,107,1.0,1.0,0.0,0.0,0.0,0.0,0.0,0.0,0.0,0.0,2.050492286682129,0.0,0.33775901794433594,7.652990341186523,0.2990688979625702,,0,-1
final,159912,ppo_rev12_114505,1717,collision,93,-2.0,0.0,1.0,0.0,0.0,0.0,0.0,0.0,0.0,0.0,1.8360443115234375,0.0,1.0,5.153271675109863,nan,obstacle,0,-1
final,159912,ppo_rev12_114505,1718,goal,64,1.0,1.0,0.0,0.0,0.0,0.0,0.0,0.0,0.0,0.0,4.260051727294922,0.0,-0.9273889064788818,4.718997955322266,0.2982112467288971,,0,-1
final,159912,ppo_rev12_114505,1719,goal,46,1.0,1.0,0.0,0.0,0.0,0.0,0.0,0.0,0.0,0.0,nan,0.0,-0.8190326690673828,3.8983864784240723,0.29246336221694946,,0,-1
final,159912,ppo_rev12_114505,1720,goal,102,1.0,1.0,0.0,0.0,0.0,0.0,0.0,0.0,0.0,0.0,3.9719789028167725,0.0,-1.0,8.999401092529297,0.27269503474235535,,0,-1
final,159912,ppo_rev12_114505,1721,goal,97,1.0,1.0,0.0,0.0,0.0,0.0,0.0,0.0,0.0,0.0,3.9647276401519775,0.0,0.9958598613739014,8.20377254486084,0.2881167531013489,,0,-1
final,159912,ppo_rev12_114505,1722,goal,63,1.0,1.0,0.0,0.0,0.0,0.0,0.0,0.0,0.0,0.0,4.921347618103027,0.0,-0.9076303243637085,5.597506523132324,0.24864105880260468,,0,-1
final,159912,ppo_rev12_114505,1723,goal,87,1.0,1.0,0.0,0.0,0.0,0.0,0.0,0.0,0.0,0.0,3.694829225540161,0.0,-0.5796154737472534,7.723099708557129,0.2854972779750824,,0,-1
final,159912,ppo_rev12_114505,1724,goal,97,1.0,1.0,0.0,0.0,0.0,0.0,0.0,0.0,0.0,0.0,2.076127767562866,0.0,-0.5864168405532837,6.039708137512207,0.2742293179035187,,0,-1
final,159912,ppo_rev12_114505,1725,goal,154,1.0,1.0,0.0,0.0,0.0,0.0,0.0,0.0,0.0,0.0,1.6662118434906006,0.0,-0.10984230041503906,11.079401969909668,0.2734469771385193,,0,-1
final,159912,ppo_rev12_114505,1726,goal,44,1.0,1.0,0.0,0.0,0.0,0.0,0.0,0.0,0.0,0.0,nan,0.0,-1.0,2.7712228298187256,0.26619017124176025,,0,-1
final,159912,ppo_rev12_114505,1727,goal,91,1.0,1.0,0.0,0.0,0.0,0.0,0.0,0.0,0.0,0.0,4.793797969818115,0.0,-0.8871934413909912,8.567548751831055,0.2960812449455261,,0,-1
final,159912,ppo_rev12_114505,1728,goal,109,1.0,1.0,0.0,0.0,0.0,0.0,0.0,0.0,0.0,0.0,3.9676692485809326,0.0,-0.9360709190368652,9.322057723999023,0.12423178553581238,,0,-1
final,159912,ppo_rev12_114505,1729,collision,44,-2.0,0.0,1.0,0.0,0.0,0.0,0.0,0.0,0.0,0.0,nan,0.0,1.0,2.5112924575805664,nan,obstacle,0,-1
final,159912,ppo_rev12_114505,1730,goal,52,1.0,1.0,0.0,0.0,0.0,0.0,0.0,0.0,0.0,0.0,nan,0.0,-1.0,4.633208274841309,0.2796873152256012,,0,-1
final,159912,ppo_rev12_114505,1731,stuck,116,-1.0,0.0,0.0,0.0,1.0,0.0,0.0,0.0,0.0,0.0,0.054026488214731216,0.0,-0.23427224159240723,5.620927810668945,nan,,0,-1
final,159912,ppo_rev12_114505,1732,goal,89,1.0,1.0,0.0,0.0,0.0,0.0,0.0,0.0,0.0,0.0,3.476449728012085,0.0,-0.6626416444778442,6.886066436767578,0.2874501347541809,,0,-1
final,159912,ppo_rev12_114505,1733,goal,56,1.0,1.0,0.0,0.0,0.0,0.0,0.0,0.0,0.0,0.0,nan,0.0,-1.0,4.879111289978027,0.2541345953941345,,0,-1
final,159912,ppo_rev12_114505,1734,goal,66,1.0,1.0,0.0,0.0,0.0,0.0,0.0,0.0,0.0,0.0,5.279330253601074,0.0,-0.1339493989944458,5.87755012512207,0.29464852809906006,,0,-1
final,159912,ppo_rev12_114505,1735,goal,49,1.0,1.0,0.0,0.0,0.0,0.0,0.0,0.0,0.0,0.0,nan,0.0,0.016030490398406982,4.105733871459961,0.11283741891384125,,0,-1
final,159912,ppo_rev12_114505,1736,goal,108,1.0,1.0,0.0,0.0,0.0,0.0,0.0,0.0,0.0,0.0,2.225876808166504,0.0,-0.8428891897201538,7.312234401702881,0.28594210743904114,,0,-1
final,159912,ppo_rev12_114505,1737,goal,72,1.0,1.0,0.0,0.0,0.0,0.0,0.0,0.0,0.0,0.0,5.0652618408203125,0.0,-1.0,6.926826477050781,0.27586886286735535,,0,-1
final,159912,ppo_rev12_114505,1738,goal,51,1.0,1.0,0.0,0.0,0.0,0.0,0.0,0.0,0.0,0.0,nan,0.0,-0.38151824474334717,3.5715699195861816,0.24293074011802673,,0,-1
final,159912,ppo_rev12_114505,1739,goal,109,1.0,1.0,0.0,0.0,0.0,0.0,0.0,0.0,0.0,0.0,3.5604419708251953,0.0,-1.0,8.978707313537598,0.24817882478237152,,0,-1
final,159912,ppo_rev12_114505,1740,goal,42,1.0,1.0,0.0,0.0,0.0,0.0,0.0,0.0,0.0,0.0,nan,0.0,-1.0,2.5877246856689453,0.2959716022014618,,0,-1
final,159912,ppo_rev12_114505,1741,goal,77,1.0,1.0,0.0,0.0,0.0,0.0,0.0,0.0,0.0,0.0,4.371189117431641,0.0,-1.0,6.24143648147583,0.2586634159088135,,0,-1
final,159912,ppo_rev12_114505,1742,goal,58,1.0,1.0,0.0,0.0,0.0,0.0,0.0,0.0,0.0,0.0,nan,0.0,-1.0,5.083185195922852,0.29253333806991577,,0,-1
final,159912,ppo_rev12_114505,1743,goal,104,1.0,1.0,0.0,0.0,0.0,0.0,0.0,0.0,0.0,0.0,4.208580017089844,0.0,-1.0,8.86191177368164,0.1849885731935501,,0,-1
final,159912,ppo_rev12_114505,1744,goal,120,1.0,1.0,0.0,0.0,0.0,0.0,0.0,0.0,0.0,0.0,2.9532928466796875,0.0,-0.24106824398040771,10.250776290893555,0.27126896381378174,,0,-1
final,159912,ppo_rev12_114505,1745,goal,43,1.0,1.0,0.0,0.0,0.0,0.0,0.0,0.0,0.0,0.0,nan,0.0,-1.0,2.3319058418273926,0.2818620502948761,,0,-1
final,159912,ppo_rev12_114505,1746,goal,61,1.0,1.0,0.0,0.0,0.0,0.0,0.0,0.0,0.0,0.0,4.895653247833252,0.0,-1.0,5.160473823547363,0.2992805540561676,,0,-1
final,159912,ppo_rev12_114505,1747,goal,80,1.0,1.0,0.0,0.0,0.0,0.0,0.0,0.0,0.0,0.0,4.937900066375732,0.0,-1.0,7.022704124450684,0.2827930748462677,,0,-1
final,159912,ppo_rev12_114505,1748,goal,51,1.0,1.0,0.0,0.0,0.0,0.0,0.0,0.0,0.0,0.0,nan,0.0,-0.5614925622940063,4.052891731262207,0.2968544065952301,,0,-1
final,159912,ppo_rev12_114505,1749,goal,61,1.0,1.0,0.0,0.0,0.0,0.0,0.0,0.0,0.0,0.0,4.343796253204346,0.0,-1.0,5.249354362487793,0.244170680642128,,0,-1
final,159912,ppo_rev12_114505,1750,goal,165,1.0,1.0,0.0,0.0,0.0,0.0,0.0,0.0,0.0,0.0,0.724237322807312,0.0,0.4392469525337219,5.973990440368652,0.23989005386829376,,0,-1
final,159912,ppo_rev12_114505,1751,goal,89,1.0,1.0,0.0,0.0,0.0,0.0,0.0,0.0,0.0,0.0,5.704565525054932,0.0,-1.0,9.592048645019531,0.2791360914707184,,0,-1
final,159912,ppo_rev12_114505,1752,collision,37,-2.0,0.0,1.0,0.0,0.0,0.0,0.0,0.0,0.0,0.0,nan,0.0,1.0,2.979374885559082,nan,obstacle,0,-1
final,159912,ppo_rev12_114505,1753,goal,81,1.0,1.0,0.0,0.0,0.0,0.0,0.0,0.0,0.0,0.0,5.673037528991699,0.0,-1.0,7.906333923339844,0.25493207573890686,,0,-1
final,159912,ppo_rev12_114505,1754,collision,96,-2.0,0.0,1.0,0.0,0.0,0.0,0.0,0.0,0.0,0.0,1.317389965057373,0.0,1.0,6.780113220214844,nan,obstacle,0,-1
final,159912,ppo_rev12_114505,1755,goal,34,1.0,1.0,0.0,0.0,0.0,0.0,0.0,0.0,0.0,0.0,nan,0.0,-0.7526617050170898,2.0098440647125244,0.2983728051185608,,0,-1
final,159912,ppo_rev12_114505,1756,goal,64,1.0,1.0,0.0,0.0,0.0,0.0,0.0,0.0,0.0,0.0,4.524670124053955,0.0,-1.0,5.428975582122803,0.24633647501468658,,0,-1
final,159912,ppo_rev12_114505,1757,goal,108,1.0,1.0,0.0,0.0,0.0,0.0,0.0,0.0,0.0,0.0,2.088160753250122,0.0,-0.8303203582763672,9.307321548461914,0.21550384163856506,,0,-1
final,159912,ppo_rev12_114505,1758,goal,85,1.0,1.0,0.0,0.0,0.0,0.0,0.0,0.0,0.0,0.0,2.9176273345947266,0.0,-0.12858843803405762,7.1446123123168945,0.2889876663684845,,0,-1
final,159912,ppo_rev12_114505,1759,goal,85,1.0,1.0,0.0,0.0,0.0,0.0,0.0,0.0,0.0,0.0,4.016505241394043,0.0,-1.0,7.451972007751465,0.2959021031856537,,0,-1
final,159912,ppo_rev12_114505,1760,goal,89,1.0,1.0,0.0,0.0,0.0,0.0,0.0,0.0,0.0,0.0,5.260961055755615,0.0,-1.0,8.506397247314453,0.2800368368625641,,0,-1
final,159912,ppo_rev12_114505,1761,goal,63,1.0,1.0,0.0,0.0,0.0,0.0,0.0,0.0,0.0,0.0,4.501706600189209,0.0,-0.8819175958633423,5.379786968231201,0.19696718454360962,,0,-1
final,159912,ppo_rev12_114505,1762,goal,38,1.0,1.0,0.0,0.0,0.0,0.0,0.0,0.0,0.0,0.0,nan,0.0,-1.0,2.328551769256592,0.2950778305530548,,0,-1
final,159912,ppo_rev12_114505,1763,goal,95,1.0,1.0,0.0,0.0,0.0,0.0,0.0,0.0,0.0,0.0,3.441814422607422,0.0,0.8374043107032776,8.151287078857422,0.28342515230178833,,0,-1
final,159912,ppo_rev12_114505,1764,goal,56,1.0,1.0,0.0,0.0,0.0,0.0,0.0,0.0,0.0,0.0,nan,0.0,-1.0,4.7939324378967285,0.2640949785709381,,0,-1
final,159912,ppo_rev12_114505,1765,goal,77,1.0,1.0,0.0,0.0,0.0,0.0,0.0,0.0,0.0,0.0,5.428587913513184,0.0,-1.0,6.578734397888184,0.26223063468933105,,0,-1
final,159912,ppo_rev12_114505,1766,goal,81,1.0,1.0,0.0,0.0,0.0,0.0,0.0,0.0,0.0,0.0,5.33367395401001,0.0,0.08482134342193604,7.263189315795898,0.2938036024570465,,0,-1
final,159912,ppo_rev12_114505,1767,goal,99,1.0,1.0,0.0,0.0,0.0,0.0,0.0,0.0,0.0,0.0,5.781473636627197,0.0,-0.5807448625564575,10.694639205932617,0.28287142515182495,,0,-1
final,159912,ppo_rev12_114505,1768,goal,90,1.0,1.0,0.0,0.0,0.0,0.0,0.0,0.0,0.0,0.0,3.294003486633301,0.0,-0.031181693077087402,5.586014747619629,0.04578574374318123,,0,-1
final,159912,ppo_rev12_114505,1769,goal,95,1.0,1.0,0.0,0.0,0.0,0.0,0.0,0.0,0.0,0.0,5.57838249206543,0.0,-1.0,10.336698532104492,0.25540387630462646,,0,-1
final,159912,ppo_rev12_114505,1770,goal,79,1.0,1.0,0.0,0.0,0.0,0.0,0.0,0.0,0.0,0.0,4.933525085449219,0.0,-0.12852883338928223,7.825104713439941,0.2915318012237549,,0,-1
final,159912,ppo_rev12_114505,1771,goal,72,1.0,1.0,0.0,0.0,0.0,0.0,0.0,0.0,0.0,0.0,5.913529872894287,0.0,-1.0,7.330219745635986,0.2694242000579834,,0,-1
final,159912,ppo_rev12_114505,1772,goal,70,1.0,1.0,0.0,0.0,0.0,0.0,0.0,0.0,0.0,0.0,3.525040864944458,0.0,-1.0,5.4191203117370605,0.2795575261116028,,0,-1
final,159912,ppo_rev12_114505,1773,goal,145,1.0,1.0,0.0,0.0,0.0,0.0,0.0,0.0,0.0,0.0,2.9387433528900146,0.0,-1.0,14.283876419067383,0.2694949805736542,,0,-1
final,159912,ppo_rev12_114505,1774,goal,63,1.0,1.0,0.0,0.0,0.0,0.0,0.0,0.0,0.0,0.0,5.978997230529785,0.0,-1.0,6.3612470626831055,0.26825952529907227,,0,-1
final,159912,ppo_rev12_114505,1775,goal,121,1.0,1.0,0.0,0.0,0.0,0.0,0.0,0.0,0.0,0.0,3.377824306488037,0.0,-0.22292661666870117,11.797393798828125,0.2900019586086273,,0,-1
final,159912,ppo_rev12_114505,1776,goal,177,1.0,1.0,0.0,0.0,0.0,0.0,0.0,0.0,0.0,0.0,3.4607443809509277,0.0,0.4334104657173157,16.289793014526367,0.21812234818935394,,0,-1
final,159912,ppo_rev12_114505,1777,goal,124,1.0,1.0,0.0,0.0,0.0,0.0,0.0,0.0,0.0,0.016129032258064516,5.373080253601074,0.0,-1.0,14.29554557800293,0.28938716650009155,,0,-1
final,159912,ppo_rev12_114505,1778,goal,89,1.0,1.0,0.0,0.0,0.0,0.0,0.0,0.0,0.0,0.0,4.888075351715088,0.0,-1.0,8.789929389953613,0.263896644115448,,0,-1
final,159912,ppo_rev12_114505,1779,goal,145,1.0,1.0,0.0,0.0,0.0,0.0,0.0,0.0,0.0,0.0,2.873469591140747,0.0,-1.0,12.575922012329102,0.27303546667099,,0,-1
final,159912,ppo_rev12_114505,1780,goal,83,1.0,1.0,0.0,0.0,0.0,0.0,0.0,0.0,0.0,0.0,5.347225189208984,0.0,-1.0,7.877861022949219,0.2902317941188812,,0,-1
final,159912,ppo_rev12_114505,1781,goal,84,1.0,1.0,0.0,0.0,0.0,0.0,0.0,0.0,0.0,0.0,3.0101511478424072,0.0,-0.10137569904327393,5.765229225158691,0.2600005865097046,,0,-1
final,159912,ppo_rev12_114505,1782,goal,65,1.0,1.0,0.0,0.0,0.0,0.0,0.0,0.0,0.0,0.0,5.3277130126953125,0.0,-1.0,6.050126075744629,0.28220608830451965,,0,-1
final,159912,ppo_rev12_114505,1783,goal,40,1.0,1.0,0.0,0.0,0.0,0.0,0.0,0.0,0.0,0.0,nan,0.0,-1.0,2.77406644821167,0.2741856276988983,,0,-1
final,159912,ppo_rev12_114505,1784,timeout,200,-0.5,0.0,0.0,0.0,0.0,1.0,0.0,0.0,0.0,0.0,0.9505983591079712,0.0,0.11313503980636597,14.200557708740234,nan,,0,-1
final,159912,ppo_rev12_114505,1785,goal,131,1.0,1.0,0.0,0.0,0.0,0.0,0.0,0.0,0.0,0.0,1.1756713390350342,0.0,0.6077762246131897,7.853103160858154,0.2472228854894638,,0,-1
final,159912,ppo_rev12_114505,1786,goal,70,1.0,1.0,0.0,0.0,0.0,0.0,0.0,0.0,0.0,0.0,5.333691120147705,0.0,-1.0,6.391281604766846,0.23045624792575836,,0,-1
final,159912,ppo_rev12_114505,1787,goal,94,1.0,1.0,0.0,0.0,0.0,0.0,0.0,0.0,0.0,0.0,2.4283909797668457,0.0,-0.902513861656189,6.5833964347839355,0.2857629060745239,,0,-1
final,159912,ppo_rev12_114505,1788,goal,72,1.0,1.0,0.0,0.0,0.0,0.0,0.0,0.0,0.0,0.0,5.767426013946533,0.0,-1.0,7.973559379577637,0.2852233052253723,,0,-1
final,159912,ppo_rev12_114505,1789,goal,71,1.0,1.0,0.0,0.0,0.0,0.0,0.0,0.0,0.0,0.0,4.689807891845703,0.0,-0.12398660182952881,6.114720344543457,0.24285048246383667,,0,-1
final,159912,ppo_rev12_114505,1790,goal,164,1.0,1.0,0.0,0.0,0.0,0.0,0.0,0.0,0.0,0.0,0.9836768507957458,0.0,0.005980312824249268,9.652557373046875,0.16470085084438324,,0,-1
final,159912,ppo_rev12_114505,1791,goal,73,1.0,1.0,0.0,0.0,0.0,0.0,0.0,0.0,0.0,0.0,3.104083776473999,0.0,-0.23969614505767822,4.1231536865234375,0.2878108024597168,,0,-1
final,159912,ppo_rev12_114505,1792,goal,82,1.0,1.0,0.0,0.0,0.0,0.0,0.0,0.0,0.0,0.0,5.369438648223877,0.0,-1.0,8.265291213989258,0.27031415700912476,,0,-1
final,159912,ppo_rev12_114505,1793,goal,80,1.0,1.0,0.0,0.0,0.0,0.0,0.0,0.0,0.0,0.0,5.949848175048828,0.0,-1.0,8.214298248291016,0.2931307852268219,,0,-1
final,159912,ppo_rev12_114505,1794,goal,88,1.0,1.0,0.0,0.0,0.0,0.0,0.0,0.0,0.0,0.0,6.152167320251465,0.0,-1.0,9.667529106140137,0.2649109661579132,,0,-1
final,159912,ppo_rev12_114505,1795,goal,86,1.0,1.0,0.0,0.0,0.0,0.0,0.0,0.0,0.0,0.0,6.236668109893799,0.0,-0.8490325212478638,9.110295295715332,0.19397833943367004,,0,-1
final,159912,ppo_rev12_114505,1796,goal,49,1.0,1.0,0.0,0.0,0.0,0.0,0.0,0.0,0.0,0.0,nan,0.0,-1.0,3.7442970275878906,0.28818684816360474,,0,-1
final,159912,ppo_rev12_114505,1797,goal,106,1.0,1.0,0.0,0.0,0.0,0.0,0.0,0.0,0.0,0.0,3.5317223072052,0.0,0.041101932525634766,9.468337059020996,0.27663731575012207,,0,-1
final,159912,ppo_rev12_114505,1798,collision,9,-2.0,0.0,1.0,0.0,0.0,0.0,0.0,0.0,0.0,0.0,nan,0.0,1.0,0.45707041025161743,nan,obstacle,0,-1
final,159912,ppo_rev12_114505,1799,goal,63,1.0,1.0,0.0,0.0,0.0,0.0,0.0,0.0,0.0,0.0,2.5148401260375977,0.0,-0.5222206115722656,4.916930675506592,0.2577456533908844,,0,-1
final,159912,ppo_rev12_114505,1800,goal,131,1.0,1.0,0.0,0.0,0.0,0.0,0.0,0.0,0.0,0.0,3.9058120250701904,0.0,-0.5527480840682983,11.203385353088379,0.2691701054573059,,0,-1
final,159912,ppo_rev12_114505,1801,goal,87,1.0,1.0,0.0,0.0,0.0,0.0,0.0,0.0,0.0,0.0,4.3433051109313965,0.0,-0.6965253353118896,9.095935821533203,0.27307093143463135,,0,-1
final,159912,ppo_rev12_114505,1802,goal,169,1.0,1.0,0.0,0.0,0.0,0.0,0.0,0.0,0.0,0.0,2.9862823486328125,0.0,-0.6946970224380493,14.674287796020508,0.2726338505744934,,0,-1
final,159912,ppo_rev12_114505,1803,goal,44,1.0,1.0,0.0,0.0,0.0,0.0,0.0,0.0,0.0,0.0,nan,0.0,-1.0,2.7979981899261475,0.2534317076206207,,0,-1
final,159912,ppo_rev12_114505,1804,goal,52,1.0,1.0,0.0,0.0,0.0,0.0,0.0,0.0,0.0,0.0,nan,0.0,-1.0,4.553937911987305,0.2632409334182739,,0,-1
final,159912,ppo_rev12_114505,1805,goal,108,1.0,1.0,0.0,0.0,0.0,0.0,0.0,0.0,0.0,0.0,4.921878337860107,0.0,-0.1307286024093628,11.35898208618164,0.28364622592926025,,0,-1
final,159912,ppo_rev12_114505,1806,goal,79,1.0,1.0,0.0,0.0,0.0,0.0,0.0,0.0,0.0,0.0,4.9540839195251465,0.0,-1.0,7.624325752258301,0.2878488600254059,,0,-1
final,159912,ppo_rev12_114505,1807,goal,87,1.0,1.0,0.0,0.0,0.0,0.0,0.0,0.0,0.0,0.0,5.972469806671143,0.0,-1.0,9.477774620056152,0.2628610134124756,,0,-1
final,159912,ppo_rev12_114505,1808,goal,122,1.0,1.0,0.0,0.0,0.0,0.0,0.0,0.0,0.0,0.0,3.758579730987549,0.0,0.6165884733200073,9.765214920043945,0.1448771059513092,,0,-1
final,159912,ppo_rev12_114505,1809,goal,61,1.0,1.0,0.0,0.0,0.0,0.0,0.0,0.0,0.0,0.0,4.753284931182861,0.0,0.793136477470398,5.428289890289307,0.22731433808803558,,0,-1
final,159912,ppo_rev12_114505,1810,goal,51,1.0,1.0,0.0,0.0,0.0,0.0,0.0,0.0,0.0,0.0,nan,0.0,0.1232265830039978,3.2670722007751465,0.2974894642829895,,0,-1
final,159912,ppo_rev12_114505,1811,goal,150,1.0,1.0,0.0,0.0,0.0,0.0,0.0,0.0,0.0,0.0,2.438939094543457,0.0,-0.2740131616592407,13.200489044189453,0.2589859962463379,,0,-1
final,159912,ppo_rev12_114505,1812,goal,60,1.0,1.0,0.0,0.0,0.0,0.0,0.0,0.0,0.0,0.0,4.820667743682861,0.0,-1.0,5.286181449890137,0.29354438185691833,,0,-1
final,159912,ppo_rev12_114505,1813,collision,9,-2.0,0.0,1.0,0.0,0.0,0.0,0.0,0.0,0.0,0.0,nan,0.0,1.0,0.47055214643478394,nan,obstacle,0,-1
final,159912,ppo_rev12_114505,1814,goal,115,1.0,1.0,0.0,0.0,0.0,0.0,0.0,0.0,0.0,0.0,2.701604127883911,0.0,-1.0,8.141386985778809,0.29213765263557434,,0,-1
final,159912,ppo_rev12_114505,1815,goal,101,1.0,1.0,0.0,0.0,0.0,0.0,0.0,0.0,0.0,0.0,5.515021324157715,0.0,-1.0,10.588075637817383,0.2826659381389618,,0,-1
final,159912,ppo_rev12_114505,1816,goal,71,1.0,1.0,0.0,0.0,0.0,0.0,0.0,0.0,0.0,0.0,4.909883499145508,0.0,-1.0,5.7835469245910645,0.135793536901474,,0,-1
final,159912,ppo_rev12_114505,1817,goal,72,1.0,1.0,0.0,0.0,0.0,0.0,0.0,0.0,0.0,0.0,4.893011569976807,0.0,-0.17142856121063232,6.609439849853516,0.2685384750366211,,0,-1
final,159912,ppo_rev12_114505,1818,goal,76,1.0,1.0,0.0,0.0,0.0,0.0,0.0,0.0,0.0,0.0,4.460727214813232,0.0,-1.0,6.473308086395264,0.2923499643802643,,0,-1
final,159912,ppo_rev12_114505,1819,goal,75,1.0,1.0,0.0,0.0,0.0,0.0,0.0,0.0,0.0,0.0,5.639627933502197,0.0,-1.0,7.075525283813477,0.2833622694015503,,0,-1
final,159912,ppo_rev12_114505,1820,goal,51,1.0,1.0,0.0,0.0,0.0,0.0,0.0,0.0,0.0,0.0,nan,0.0,-1.0,3.2904324531555176,0.21051687002182007,,0,-1
final,159912,ppo_rev12_114505,1821,goal,77,1.0,1.0,0.0,0.0,0.0,0.0,0.0,0.0,0.0,0.012987012987012988,5.970668792724609,0.0,-0.1380157470703125,7.5893120765686035,0.0907149389386177,,0,-1
final,159912,ppo_rev12_114505,1822,goal,103,1.0,1.0,0.0,0.0,0.0,0.0,0.0,0.0,0.0,0.0,5.106850624084473,0.0,-1.0,10.907464027404785,0.28910550475120544,,0,-1
final,159912,ppo_rev12_114505,1823,goal,68,1.0,1.0,0.0,0.0,0.0,0.0,0.0,0.0,0.0,0.0,4.622708320617676,0.0,-1.0,5.274219512939453,0.17392274737358093,,0,-1
final,159912,ppo_rev12_114505,1824,goal,84,1.0,1.0,0.0,0.0,0.0,0.0,0.0,0.0,0.0,0.0,3.807861804962158,0.0,-0.9425106048583984,7.045536994934082,0.23723861575126648,,0,-1
final,159912,ppo_rev12_114505,1825,collision,4,-2.0,0.0,1.0,0.0,0.0,0.0,0.0,0.0,0.0,0.0,nan,0.0,1.0,0.38788288831710815,nan,obstacle,0,-1
final,159912,ppo_rev12_114505,1826,goal,83,1.0,1.0,0.0,0.0,0.0,0.0,0.0,0.0,0.0,0.0,5.708770751953125,0.0,-1.0,8.604063034057617,0.2940710186958313,,0,-1
final,159912,ppo_rev12_114505,1827,collision,4,-2.0,0.0,1.0,0.0,0.0,0.0,0.0,0.0,0.0,0.0,nan,0.0,1.0,0.35677722096443176,nan,obstacle,0,-1
final,159912,ppo_rev12_114505,1828,goal,70,1.0,1.0,0.0,0.0,0.0,0.0,0.0,0.0,0.0,0.0,4.918964385986328,0.0,-1.0,6.436215400695801,0.2972653806209564,,0,-1
final,159912,ppo_rev12_114505,1829,goal,148,1.0,1.0,0.0,0.0,0.0,0.0,0.0,0.0,0.0,0.0,2.291978359222412,0.0,0.924876868724823,8.92843246459961,0.28084060549736023,,0,-1
final,159912,ppo_rev12_114505,1830,goal,57,1.0,1.0,0.0,0.0,0.0,0.0,0.0,0.0,0.0,0.0,nan,0.0,-1.0,5.9033355712890625,0.2578426003456116,,0,-1
final,159912,ppo_rev12_114505,1831,goal,43,1.0,1.0,0.0,0.0,0.0,0.0,0.0,0.0,0.0,0.0,nan,0.0,-1.0,3.6186952590942383,0.2750544250011444,,0,-1
final,159912,ppo_rev12_114505,1832,goal,75,1.0,1.0,0.0,0.0,0.0,0.0,0.0,0.0,0.0,0.0,6.009539604187012,0.0,-0.3163672685623169,7.334324836730957,0.2969530522823334,,0,-1
final,159912,ppo_rev12_114505,1833,goal,180,1.0,1.0,0.0,0.0,0.0,0.0,0.0,0.0,0.0,0.0,2.3292465209960938,0.0,-0.0031774044036865234,14.422183990478516,0.2133835405111313,,0,-1
final,159912,ppo_rev12_114505,1834,collision,10,-2.0,0.0,1.0,0.0,0.0,0.0,0.0,0.0,0.0,0.0,nan,0.0,1.0,1.0054658651351929,nan,obstacle,0,-1
final,159912,ppo_rev12_114505,1835,goal,64,1.0,1.0,0.0,0.0,0.0,0.0,0.0,0.0,0.0,0.0,4.864753246307373,0.0,-1.0,5.809993743896484,0.281223863363266,,0,-1
final,159912,ppo_rev12_114505,1836,goal,54,1.0,1.0,0.0,0.0,0.0,0.0,0.0,0.0,0.0,0.0,nan,0.0,-1.0,4.952552795410156,0.29787707328796387,,0,-1
final,159912,ppo_rev12_114505,1837,goal,90,1.0,1.0,0.0,0.0,0.0,0.0,0.0,0.0,0.0,0.0,5.695633411407471,0.0,-0.48481571674346924,9.309711456298828,0.15010719001293182,,0,-1
final,159912,ppo_rev12_114505,1838,goal,92,1.0,1.0,0.0,0.0,0.0,0.0,0.0,0.0,0.0,0.0,3.4311258792877197,0.0,-0.2776627540588379,8.031224250793457,0.07777076959609985,,0,-1
final,159912,ppo_rev12_114505,1839,goal,61,1.0,1.0,0.0,0.0,0.0,0.0,0.0,0.0,0.0,0.0,4.920550346374512,0.0,-1.0,6.044881343841553,0.2904762327671051,,0,-1
final,159912,ppo_rev12_114505,1840,goal,45,1.0,1.0,0.0,0.0,0.0,0.0,0.0,0.0,0.0,0.0,nan,0.0,-0.2466672658920288,2.884612560272217,0.25062212347984314,,0,-1
final,159912,ppo_rev12_114505,1841,goal,64,1.0,1.0,0.0,0.0,0.0,0.0,0.0,0.0,0.0,0.0,3.7581193447113037,0.0,0.5624661445617676,5.266434669494629,0.2840184271335602,,0,-1
final,159912,ppo_rev12_114505,1842,goal,49,1.0,1.0,0.0,0.0,0.0,0.0,0.0,0.0,0.0,0.0,nan,0.0,-1.0,3.294166088104248,0.28623834252357483,,0,-1
final,159912,ppo_rev12_114505,1843,goal,45,1.0,1.0,0.0,0.0,0.0,0.0,0.0,0.0,0.0,0.0,nan,0.0,-1.0,3.9236021041870117,0.2817225754261017,,0,-1
final,159912,ppo_rev12_114505,1844,goal,116,1.0,1.0,0.0,0.0,0.0,0.0,0.0,0.0,0.0,0.0,2.0344460010528564,0.0,0.6812067627906799,6.650609016418457,0.2874586880207062,,0,-1
final,159912,ppo_rev12_114505,1845,goal,59,1.0,1.0,0.0,0.0,0.0,0.0,0.0,0.0,0.0,0.0,nan,0.0,-1.0,6.097336769104004,0.17927242815494537,,0,-1
final,159912,ppo_rev12_114505,1846,goal,68,1.0,1.0,0.0,0.0,0.0,0.0,0.0,0.0,0.0,0.0,5.675746917724609,0.0,-1.0,6.531813621520996,0.22345145046710968,,0,-1
final,159912,ppo_rev12_114505,1847,goal,80,1.0,1.0,0.0,0.0,0.0,0.0,0.0,0.0,0.0,0.0,3.8492929935455322,0.0,-0.1323765516281128,7.461400985717773,0.12153767794370651,,0,-1
final,159912,ppo_rev12_114505,1848,goal,87,1.0,1.0,0.0,0.0,0.0,0.0,0.0,0.0,0.0,0.0,4.22755765914917,0.0,-0.33348405361175537,8.046441078186035,0.14351515471935272,,0,-1
final,159912,ppo_rev12_114505,1849,goal,77,1.0,1.0,0.0,0.0,0.0,0.0,0.0,0.0,0.0,0.0,6.107657432556152,0.0,0.14227038621902466,7.711452007293701,0.29420891404151917,,0,-1
final,159912,ppo_rev12_114505,1850,goal,96,1.0,1.0,0.0,0.0,0.0,0.0,0.0,0.0,0.0,0.0,2.921233892440796,0.0,-1.0,8.262697219848633,0.2916019558906555,,0,-1
final,159912,ppo_rev12_114505,1851,goal,83,1.0,1.0,0.0,0.0,0.0,0.0,0.0,0.0,0.0,0.0,5.164477825164795,0.0,-1.0,7.973474025726318,0.2971304655075073,,0,-1
final,159912,ppo_rev12_114505,1852,goal,81,1.0,1.0,0.0,0.0,0.0,0.0,0.0,0.0,0.0,0.0,5.355746269226074,0.0,-1.0,8.017337799072266,0.2907169759273529,,0,-1
final,159912,ppo_rev12_114505,1853,goal,68,1.0,1.0,0.0,0.0,0.0,0.0,0.0,0.0,0.0,0.0,4.463045120239258,0.0,-1.0,6.7004547119140625,0.15696124732494354,,0,-1
final,159912,ppo_rev12_114505,1854,goal,81,1.0,1.0,0.0,0.0,0.0,0.0,0.0,0.0,0.0,0.0,4.865269660949707,0.0,-1.0,7.117316246032715,0.28203076124191284,,0,-1
final,159912,ppo_rev12_114505,1855,goal,88,1.0,1.0,0.0,0.0,0.0,0.0,0.0,0.0,0.0,0.0,3.689786195755005,0.0,-1.0,7.639581680297852,0.16252610087394714,,0,-1
final,159912,ppo_rev12_114505,1856,goal,73,1.0,1.0,0.0,0.0,0.0,0.0,0.0,0.0,0.0,0.0,5.820156574249268,0.0,-1.0,7.473153114318848,0.2907586693763733,,0,-1
final,159912,ppo_rev12_114505,1857,goal,60,1.0,1.0,0.0,0.0,0.0,0.0,0.0,0.0,0.0,0.0,4.615206718444824,0.0,-1.0,5.760078430175781,0.21807974576950073,,0,-1
final,159912,ppo_rev12_114505,1858,collision,175,-2.0,0.0,1.0,0.0,0.0,0.0,0.0,0.0,0.0,0.0,0.9899693131446838,0.0,1.0,15.13698959350586,nan,obstacle,0,-1
final,159912,ppo_rev12_114505,1859,goal,183,1.0,1.0,0.0,0.0,0.0,0.0,0.0,0.0,0.0,0.0,2.4733405113220215,0.0,-1.0,18.968868255615234,0.11289126425981522,,0,-1
final,159912,ppo_rev12_114505,1860,goal,54,1.0,1.0,0.0,0.0,0.0,0.0,0.0,0.0,0.0,0.0,nan,0.0,-1.0,4.143158912658691,0.2406870275735855,,0,-1
final,159912,ppo_rev12_114505,1861,goal,84,1.0,1.0,0.0,0.0,0.0,0.0,0.0,0.0,0.0,0.0,5.436506748199463,0.0,-0.07428419589996338,8.729227066040039,0.16090573370456696,,0,-1
final,159912,ppo_rev12_114505,1862,goal,53,1.0,1.0,0.0,0.0,0.0,0.0,0.0,0.0,0.0,0.0,nan,0.0,-1.0,4.263492584228516,0.2795524001121521,,0,-1
final,159912,ppo_rev12_114505,1863,goal,63,1.0,1.0,0.0,0.0,0.0,0.0,0.0,0.0,0.0,0.0,5.356007099151611,0.0,-0.9232263565063477,5.918232440948486,0.27305498719215393,,0,-1
final,159912,ppo_rev12_114505,1864,goal,84,1.0,1.0,0.0,0.0,0.0,0.0,0.0,0.0,0.0,0.0,4.938661098480225,0.0,-1.0,7.7974395751953125,0.26217615604400635,,0,-1
final,159912,ppo_rev12_114505,1865,goal,113,1.0,1.0,0.0,0.0,0.0,0.0,0.0,0.0,0.0,0.0,3.184063673019409,0.0,0.16259455680847168,8.403380393981934,0.2854951322078705,,0,-1
final,159912,ppo_rev12_114505,1866,goal,167,1.0,1.0,0.0,0.0,0.0,0.0,0.0,0.0,0.0,0.0,2.8142409324645996,0.0,0.4984275698661804,14.78339958190918,0.24756795167922974,,0,-1
final,159912,ppo_rev12_114505,1867,goal,58,1.0,1.0,0.0,0.0,0.0,0.0,0.0,0.0,0.0,0.0,nan,0.0,-1.0,5.358297348022461,0.2600572407245636,,0,-1
final,159912,ppo_rev12_114505,1868,goal,88,1.0,1.0,0.0,0.0,0.0,0.0,0.0,0.0,0.0,0.0,5.272550582885742,0.0,-0.4098306894302368,8.934455871582031,0.2667040526866913,,0,-1
final,159912,ppo_rev12_114505,1869,goal,84,1.0,1.0,0.0,0.0,0.0,0.0,0.0,0.0,0.0,0.0,5.252723217010498,0.0,-1.0,8.420167922973633,0.21834631264209747,,0,-1
final,159912,ppo_rev12_114505,1870,goal,87,1.0,1.0,0.0,0.0,0.0,0.0,0.0,0.0,0.0,0.0,2.5984528064727783,0.0,-0.9996378421783447,5.107501029968262,0.29765546321868896,,0,-1
final,159912,ppo_rev12_114505,1871,goal,47,1.0,1.0,0.0,0.0,0.0,0.0,0.0,0.0,0.0,0.0,nan,0.0,-1.0,3.9915947914123535,0.29335811734199524,,0,-1
final,159912,ppo_rev12_114505,1872,goal,68,1.0,1.0,0.0,0.0,0.0,0.0,0.0,0.0,0.0,0.0,5.809887886047363,0.0,-1.0,6.607259273529053,0.29225626587867737,,0,-1
final,159912,ppo_rev12_114505,1873,goal,154,1.0,1.0,0.0,0.0,0.0,0.0,0.0,0.0,0.0,0.0,2.1173012256622314,0.0,-1.0,11.777046203613281,0.2946086525917053,,0,-1
final,159912,ppo_rev12_114505,1874,goal,47,1.0,1.0,0.0,0.0,0.0,0.0,0.0,0.0,0.0,0.0,nan,0.0,-1.0,3.506801128387451,0.2568162977695465,,0,-1
final,159912,ppo_rev12_114505,1875,goal,55,1.0,1.0,0.0,0.0,0.0,0.0,0.0,0.0,0.0,0.0,nan,0.0,-1.0,4.729672431945801,0.2676965296268463,,0,-1
final,159912,ppo_rev12_114505,1876,goal,76,1.0,1.0,0.0,0.0,0.0,0.0,0.0,0.0,0.0,0.0,5.502824306488037,0.0,-1.0,7.301741123199463,0.23253865540027618,,0,-1
final,159912,ppo_rev12_114505,1877,goal,93,1.0,1.0,0.0,0.0,0.0,0.0,0.0,0.0,0.0,0.0,6.09079647064209,0.0,-1.0,10.799715995788574,0.2280692756175995,,0,-1
final,159912,ppo_rev12_114505,1878,stuck,134,-1.0,0.0,0.0,0.0,1.0,0.0,0.0,0.0,0.0,0.0,0.04176539182662964,0.0,-1.0,7.718508720397949,nan,,0,-1
final,159912,ppo_rev12_114505,1879,goal,58,1.0,1.0,0.0,0.0,0.0,0.0,0.0,0.0,0.0,0.0,nan,0.0,-1.0,5.301725387573242,0.20582911372184753,,0,-1
final,159912,ppo_rev12_114505,1880,goal,162,1.0,1.0,0.0,0.0,0.0,0.0,0.0,0.0,0.0,0.0,1.9893970489501953,0.0,0.8524524569511414,9.815614700317383,0.1456003338098526,,0,-1
final,159912,ppo_rev12_114505,1881,goal,54,1.0,1.0,0.0,0.0,0.0,0.0,0.0,0.0,0.0,0.0,nan,0.0,-1.0,4.47792911529541,0.2887171506881714,,0,-1
final,159912,ppo_rev12_114505,1882,goal,57,1.0,1.0,0.0,0.0,0.0,0.0,0.0,0.0,0.0,0.0,nan,0.0,-1.0,5.1190996170043945,0.2555793523788452,,0,-1
final,159912,ppo_rev12_114505,1883,goal,86,1.0,1.0,0.0,0.0,0.0,0.0,0.0,0.0,0.0,0.0,4.38075590133667,0.0,-0.031128525733947754,7.497751235961914,0.27889132499694824,,0,-1
final,159912,ppo_rev12_114505,1884,goal,35,1.0,1.0,0.0,0.0,0.0,0.0,0.0,0.0,0.0,0.0,nan,0.0,-1.0,2.3306074142456055,0.2962033152580261,,0,-1
final,159912,ppo_rev12_114505,1885,goal,96,1.0,1.0,0.0,0.0,0.0,0.0,0.0,0.0,0.0,0.0,5.907413959503174,0.0,-1.0,10.090866088867188,0.2671756446361542,,0,-1
final,159912,ppo_rev12_114505,1886,goal,90,1.0,1.0,0.0,0.0,0.0,0.0,0.0,0.0,0.0,0.0,2.9555535316467285,0.0,0.47752612829208374,4.957627296447754,0.19504503905773163,,0,-1
final,159912,ppo_rev12_114505,1887,goal,44,1.0,1.0,0.0,0.0,0.0,0.0,0.0,0.0,0.0,0.0,nan,0.0,-1.0,3.9303064346313477,0.21936939656734467,,0,-1
final,159912,ppo_rev12_114505,1888,goal,75,1.0,1.0,0.0,0.0,0.0,0.0,0.0,0.0,0.0,0.0,4.030386447906494,0.0,-1.0,5.513463973999023,0.2991107702255249,,0,-1
final,159912,ppo_rev12_114505,1889,goal,58,1.0,1.0,0.0,0.0,0.0,0.0,0.0,0.0,0.0,0.0,nan,0.0,-1.0,5.743275165557861,0.2849043905735016,,0,-1
final,159912,ppo_rev12_114505,1890,goal,66,1.0,1.0,0.0,0.0,0.0,0.0,0.0,0.0,0.0,0.0,5.243431091308594,0.0,-0.04399514198303223,6.1289496421813965,0.07739938795566559,,0,-1
final,159912,ppo_rev12_114505,1891,timeout,200,-0.5,0.0,0.0,0.0,0.0,1.0,0.0,0.0,0.0,0.0,0.21742688119411469,0.0,0.35249972343444824,10.538530349731445,nan,,0,-1
final,159912,ppo_rev12_114505,1892,goal,76,1.0,1.0,0.0,0.0,0.0,0.0,0.0,0.0,0.0,0.0,6.046930313110352,0.0,-1.0,8.145936965942383,0.22664597630500793,,0,-1
final,159912,ppo_rev12_114505,1893,timeout,200,-0.5,0.0,0.0,0.0,0.0,1.0,0.0,0.0,0.0,0.0,0.38875168561935425,0.0,0.4113054871559143,8.198853492736816,nan,,0,-1
final,159912,ppo_rev12_114505,1894,goal,63,1.0,1.0,0.0,0.0,0.0,0.0,0.0,0.0,0.0,0.0,5.842541694641113,0.0,-1.0,6.167468070983887,0.23331525921821594,,0,-1
final,159912,ppo_rev12_114505,1895,goal,166,1.0,1.0,0.0,0.0,0.0,0.0,0.0,0.0,0.0,0.0,1.7126500606536865,0.0,0.4236801266670227,9.831253051757812,0.2725180983543396,,0,-1
final,159912,ppo_rev12_114505,1896,goal,70,1.0,1.0,0.0,0.0,0.0,0.0,0.0,0.0,0.0,0.0,5.81815242767334,0.0,-1.0,7.163314342498779,0.039045464247465134,,0,-1
final,159912,ppo_rev12_114505,1897,goal,187,1.0,1.0,0.0,0.0,0.0,0.0,0.0,0.0,0.0,0.0,0.556541919708252,0.0,-0.24090468883514404,10.691778182983398,0.24265962839126587,,0,-1
final,159912,ppo_rev12_114505,1898,goal,82,1.0,1.0,0.0,0.0,0.0,0.0,0.0,0.0,0.0,0.0,4.513601303100586,0.0,-0.510370135307312,6.877379894256592,0.23987223207950592,,0,-1
final,159912,ppo_rev12_114505,1899,goal,42,1.0,1.0,0.0,0.0,0.0,0.0,0.0,0.0,0.0,0.0,nan,0.0,-1.0,3.086369752883911,0.2528332769870758,,0,-1
final,159912,ppo_rev12_114505,1900,goal,131,1.0,1.0,0.0,0.0,0.0,0.0,0.0,0.0,0.0,0.0,2.8156726360321045,0.0,0.014361917972564697,8.801487922668457,0.2570943832397461,,0,-1
final,159912,ppo_rev12_114505,1901,goal,145,1.0,1.0,0.0,0.0,0.0,0.0,0.0,0.0,0.0,0.0,3.5795953273773193,0.0,-0.6144680976867676,13.83369255065918,0.2535133957862854,,0,-1
final,159912,ppo_rev12_114505,1902,goal,63,1.0,1.0,0.0,0.0,0.0,0.0,0.0,0.0,0.0,0.0,3.7496750354766846,0.0,-1.0,4.141475677490234,0.2870218753814697,,0,-1
final,159912,ppo_rev12_114505,1903,goal,45,1.0,1.0,0.0,0.0,0.0,0.0,0.0,0.0,0.0,0.0,nan,0.0,0.007888853549957275,2.8613157272338867,0.29453691840171814,,0,-1
final,159912,ppo_rev12_114505,1904,timeout,200,-0.5,0.0,0.0,0.0,0.0,1.0,0.0,0.0,0.0,0.0,0.37245991826057434,0.0,0.7815329432487488,7.558710098266602,nan,,0,-1
final,159912,ppo_rev12_114505,1905,goal,160,1.0,1.0,0.0,0.0,0.0,0.0,0.0,0.0,0.0,0.0,1.994557499885559,0.0,-0.07337987422943115,11.917518615722656,0.12586526572704315,,0,-1
final,159912,ppo_rev12_114505,1906,goal,108,1.0,1.0,0.0,0.0,0.0,0.0,0.0,0.0,0.0,0.0,4.237011432647705,0.0,-0.5157519578933716,10.610823631286621,0.26354026794433594,,0,-1
final,159912,ppo_rev12_114505,1907,goal,119,1.0,1.0,0.0,0.0,0.0,0.0,0.0,0.0,0.0,0.0,4.854663848876953,0.0,-0.03529965877532959,12.267301559448242,0.2575719356536865,,0,-1
final,159912,ppo_rev12_114505,1908,goal,56,1.0,1.0,0.0,0.0,0.0,0.0,0.0,0.0,0.0,0.0,nan,0.0,-1.0,5.0110063552856445,0.27340763807296753,,0,-1
final,159912,ppo_rev12_114505,1909,goal,51,1.0,1.0,0.0,0.0,0.0,0.0,0.0,0.0,0.0,0.0,nan,0.0,-1.0,3.884850263595581,0.2678689658641815,,0,-1
final,159912,ppo_rev12_114505,1910,goal,73,1.0,1.0,0.0,0.0,0.0,0.0,0.0,0.0,0.0,0.0,4.032869815826416,0.0,-0.1441859006881714,5.317875862121582,0.24962039291858673,,0,-1
final,159912,ppo_rev12_114505,1911,goal,58,1.0,1.0,0.0,0.0,0.0,0.0,0.0,0.0,0.0,0.0,nan,0.0,0.30806398391723633,3.033050060272217,0.2765122354030609,,0,-1
final,159912,ppo_rev12_114505,1912,goal,64,1.0,1.0,0.0,0.0,0.0,0.0,0.0,0.0,0.0,0.0,4.463048458099365,0.0,0.022431373596191406,5.714800834655762,0.29584458470344543,,0,-1
final,159912,ppo_rev12_114505,1913,goal,111,1.0,1.0,0.0,0.0,0.0,0.0,0.0,0.0,0.0,0.018018018018018018,3.7702245712280273,0.0,-1.0,11.31817626953125,0.29503875970840454,,0,-1
final,159912,ppo_rev12_114505,1914,goal,72,1.0,1.0,0.0,0.0,0.0,0.0,0.0,0.0,0.0,0.0,3.0326459407806396,0.0,-1.0,5.615757942199707,0.2787545621395111,,0,-1
final,159912,ppo_rev12_114505,1915,goal,121,1.0,1.0,0.0,0.0,0.0,0.0,0.0,0.0,0.0,0.0,2.706279993057251,0.0,-0.3329126834869385,9.601522445678711,0.15045373141765594,,0,-1
final,159912,ppo_rev12_114505,1916,goal,78,1.0,1.0,0.0,0.0,0.0,0.0,0.0,0.0,0.0,0.0,3.580857515335083,0.0,0.4162559509277344,5.757322311401367,0.22342222929000854,,0,-1
final,159912,ppo_rev12_114505,1917,goal,79,1.0,1.0,0.0,0.0,0.0,0.0,0.0,0.0,0.0,0.0,5.969723701477051,0.0,-0.5869498252868652,7.822124481201172,0.2920841574668884,,0,-1
final,159912,ppo_rev12_114505,1918,goal,90,1.0,1.0,0.0,0.0,0.0,0.0,0.0,0.0,0.0,0.0,3.9589908123016357,0.0,-0.3886064291000366,7.789377212524414,0.2839369773864746,,0,-1
final,159912,ppo_rev12_114505,1919,goal,41,1.0,1.0,0.0,0.0,0.0,0.0,0.0,0.0,0.0,0.0,nan,0.0,-1.0,2.600149631500244,0.2917490303516388,,0,-1
final,159912,ppo_rev12_114505,1920,goal,101,1.0,1.0,0.0,0.0,0.0,0.0,0.0,0.0,0.0,0.0,2.4354138374328613,0.0,0.5595024228096008,7.726151466369629,0.2565194070339203,,0,-1
final,159912,ppo_rev12_114505,1921,goal,85,1.0,1.0,0.0,0.0,0.0,0.0,0.0,0.0,0.0,0.0,5.390064239501953,0.0,-1.0,7.899420261383057,0.2527516484260559,,0,-1
final,159912,ppo_rev12_114505,1922,goal,43,1.0,1.0,0.0,0.0,0.0,0.0,0.0,0.0,0.0,0.0,nan,0.0,-1.0,3.036404609680176,0.25923675298690796,,0,-1
final,159912,ppo_rev12_114505,1923,goal,41,1.0,1.0,0.0,0.0,0.0,0.0,0.0,0.0,0.0,0.0,nan,0.0,-0.4873872995376587,2.4123282432556152,0.28330689668655396,,0,-1
final,159912,ppo_rev12_114505,1924,goal,163,1.0,1.0,0.0,0.0,0.0,0.0,0.0,0.0,0.0,0.0,2.9204905033111572,0.0,0.5066312551498413,12.917501449584961,0.22485867142677307,,0,-1
final,159912,ppo_rev12_114505,1925,goal,110,1.0,1.0,0.0,0.0,0.0,0.0,0.0,0.0,0.0,0.0,3.4299778938293457,0.0,-1.0,9.894606590270996,0.29626142978668213,,0,-1
final,159912,ppo_rev12_114505,1926,goal,92,1.0,1.0,0.0,0.0,0.0,0.0,0.0,0.0,0.0,0.0,5.355785369873047,0.0,-1.0,9.311894416809082,0.25177937746047974,,0,-1
final,159912,ppo_rev12_114505,1927,goal,86,1.0,1.0,0.0,0.0,0.0,0.0,0.0,0.0,0.0,0.011627906976744186,4.424981594085693,0.0,-0.1266770362854004,8.147836685180664,0.046923208981752396,,0,-1
final,159912,ppo_rev12_114505,1928,goal,80,1.0,1.0,0.0,0.0,0.0,0.0,0.0,0.0,0.0,0.0,3.282166004180908,0.0,-0.02888655662536621,4.500054359436035,0.2971799075603485,,0,-1
final,159912,ppo_rev12_114505,1929,goal,45,1.0,1.0,0.0,0.0,0.0,0.0,0.0,0.0,0.0,0.0,nan,0.0,-1.0,3.7943944931030273,0.29682034254074097,,0,-1
final,159912,ppo_rev12_114505,1930,goal,86,1.0,1.0,0.0,0.0,0.0,0.0,0.0,0.0,0.0,0.0,4.811211585998535,0.0,0.73358154296875,7.057131767272949,0.2567257583141327,,0,-1
final,159912,ppo_rev12_114505,1931,goal,105,1.0,1.0,0.0,0.0,0.0,0.0,0.0,0.0,0.0,0.0,2.312168598175049,0.0,-1.0,10.093873977661133,0.2145763784646988,,0,-1
final,159912,ppo_rev12_114505,1932,goal,59,1.0,1.0,0.0,0.0,0.0,0.0,0.0,0.0,0.0,0.0,nan,0.0,-1.0,5.538806915283203,0.23720401525497437,,0,-1
final,159912,ppo_rev12_114505,1933,collision,28,-2.0,0.0,1.0,0.0,0.0,0.0,0.0,0.0,0.0,0.0,nan,0.0,1.0,2.3054513931274414,nan,obstacle,0,-1
final,159912,ppo_rev12_114505,1934,goal,99,1.0,1.0,0.0,0.0,0.0,0.0,0.0,0.0,0.0,0.0,4.62280797958374,0.0,-1.0,11.13792610168457,0.29720380902290344,,0,-1
final,159912,ppo_rev12_114505,1935,goal,94,1.0,1.0,0.0,0.0,0.0,0.0,0.0,0.0,0.0,0.0,4.530346393585205,0.0,-0.09782660007476807,8.409814834594727,0.29568105936050415,,0,-1
final,159912,ppo_rev12_114505,1936,goal,98,1.0,1.0,0.0,0.0,0.0,0.0,0.0,0.0,0.0,0.0,2.8679511547088623,0.0,-0.7601970434188843,7.359251499176025,0.2718504071235657,,0,-1
final,159912,ppo_rev12_114505,1937,goal,98,1.0,1.0,0.0,0.0,0.0,0.0,0.0,0.0,0.0,0.0,3.1477863788604736,0.0,0.17844736576080322,6.607293128967285,0.2829829454421997,,0,-1
final,159912,ppo_rev12_114505,1938,goal,169,1.0,1.0,0.0,0.0,0.0,0.0,0.0,0.0,0.0,0.0,2.3292949199676514,0.0,-0.3216533660888672,11.086397171020508,0.2817193567752838,,0,-1
final,159912,ppo_rev12_114505,1939,goal,98,1.0,1.0,0.0,0.0,0.0,0.0,0.0,0.0,0.0,0.0,3.0995678901672363,0.0,-0.3661125898361206,9.07089614868164,0.26458463072776794,,0,-1
final,159912,ppo_rev12_114505,1940,goal,76,1.0,1.0,0.0,0.0,0.0,0.0,0.0,0.0,0.0,0.0,5.719044208526611,0.0,-0.01668703556060791,6.613908767700195,0.26906996965408325,,0,-1
final,159912,ppo_rev12_114505,1941,goal,172,1.0,1.0,0.0,0.0,0.0,0.0,0.0,0.0,0.0,0.0,1.3236297369003296,0.0,0.7098522186279297,9.512995719909668,0.1672804206609726,,0,-1
final,159912,ppo_rev12_114505,1942,goal,62,1.0,1.0,0.0,0.0,0.0,0.0,0.0,0.0,0.0,0.0,5.211967468261719,0.0,-1.0,5.965693950653076,0.19369083642959595,,0,-1
final,159912,ppo_rev12_114505,1943,goal,85,1.0,1.0,0.0,0.0,0.0,0.0,0.0,0.0,0.0,0.0,3.5795490741729736,0.0,-0.138688325881958,6.922961711883545,0.2579231858253479,,0,-1
final,159912,ppo_rev12_114505,1944,goal,120,1.0,1.0,0.0,0.0,0.0,0.0,0.0,0.0,0.0,0.0,3.5737617015838623,0.0,-1.0,10.362661361694336,0.28935039043426514,,0,-1
final,159912,ppo_rev12_114505,1945,goal,58,1.0,1.0,0.0,0.0,0.0,0.0,0.0,0.0,0.0,0.0,nan,0.0,-0.3215038776397705,3.9398064613342285,0.2817811071872711,,0,-1
final,159912,ppo_rev12_114505,1946,goal,61,1.0,1.0,0.0,0.0,0.0,0.0,0.0,0.0,0.0,0.0,5.166579246520996,0.0,-1.0,6.0436787605285645,0.29180052876472473,,0,-1
final,159912,ppo_rev12_114505,1947,goal,66,1.0,1.0,0.0,0.0,0.0,0.0,0.0,0.0,0.0,0.0,5.354011058807373,0.0,-1.0,6.077548027038574,0.19895069301128387,,0,-1
final,159912,ppo_rev12_114505,1948,goal,40,1.0,1.0,0.0,0.0,0.0,0.0,0.0,0.0,0.0,0.0,nan,0.0,-1.0,2.7544541358947754,0.24990297853946686,,0,-1
final,159912,ppo_rev12_114505,1949,goal,54,1.0,1.0,0.0,0.0,0.0,0.0,0.0,0.0,0.0,0.0,nan,0.0,-1.0,4.325014591217041,0.294777512550354,,0,-1
final,159912,ppo_rev12_114505,1950,goal,64,1.0,1.0,0.0,0.0,0.0,0.0,0.0,0.0,0.0,0.0,4.23650598526001,0.0,-1.0,5.554698944091797,0.28187295794487,,0,-1
final,159912,ppo_rev12_114505,1951,goal,66,1.0,1.0,0.0,0.0,0.0,0.0,0.0,0.0,0.0,0.0,5.073725700378418,0.0,-0.1739104986190796,5.814457893371582,0.2827867567539215,,0,-1
final,159912,ppo_rev12_114505,1952,goal,68,1.0,1.0,0.0,0.0,0.0,0.0,0.0,0.0,0.0,0.0,5.377527236938477,0.0,-1.0,6.040998935699463,0.2793121933937073,,0,-1
final,159912,ppo_rev12_114505,1953,goal,83,1.0,1.0,0.0,0.0,0.0,0.0,0.0,0.0,0.0,0.0,5.422384262084961,0.0,-0.2407599687576294,6.899628162384033,0.2723020613193512,,0,-1
final,159912,ppo_rev12_114505,1954,goal,60,1.0,1.0,0.0,0.0,0.0,0.0,0.0,0.0,0.0,0.0,2.590019941329956,0.0,-0.44580066204071045,3.9786386489868164,0.2637857496738434,,0,-1
final,159912,ppo_rev12_114505,1955,goal,73,1.0,1.0,0.0,0.0,0.0,0.0,0.0,0.0,0.0,0.0,5.542873859405518,0.0,-1.0,7.337796211242676,0.26806992292404175,,0,-1
final,159912,ppo_rev12_114505,1956,goal,83,1.0,1.0,0.0,0.0,0.0,0.0,0.0,0.0,0.0,0.0,5.525350093841553,0.0,-1.0,7.233061790466309,0.2919025719165802,,0,-1
final,159912,ppo_rev12_114505,1957,goal,70,1.0,1.0,0.0,0.0,0.0,0.0,0.0,0.0,0.0,0.0,5.110601902008057,0.0,-1.0,6.77204704284668,0.22289006412029266,,0,-1
final,159912,ppo_rev12_114505,1958,goal,86,1.0,1.0,0.0,0.0,0.0,0.0,0.0,0.0,0.0,0.0,4.9420905113220215,0.0,-1.0,8.56125259399414,0.25436878204345703,,0,-1
final,159912,ppo_rev12_114505,1959,goal,76,1.0,1.0,0.0,0.0,0.0,0.0,0.0,0.0,0.0,0.0,4.137894153594971,0.0,-1.0,5.837898254394531,0.2995903193950653,,0,-1
final,159912,ppo_rev12_114505,1960,goal,68,1.0,1.0,0.0,0.0,0.0,0.0,0.0,0.0,0.0,0.0,5.625004291534424,0.0,-1.0,6.105715751647949,0.24529162049293518,,0,-1
final,159912,ppo_rev12_114505,1961,goal,72,1.0,1.0,0.0,0.0,0.0,0.0,0.0,0.0,0.0,0.0,4.94854211807251,0.0,-0.4700835943222046,6.8292741775512695,0.2542343735694885,,0,-1
final,159912,ppo_rev12_114505,1962,goal,50,1.0,1.0,0.0,0.0,0.0,0.0,0.0,0.0,0.0,0.0,nan,0.0,-1.0,5.163040637969971,0.2948799431324005,,0,-1
final,159912,ppo_rev12_114505,1963,goal,64,1.0,1.0,0.0,0.0,0.0,0.0,0.0,0.0,0.0,0.0,4.124449253082275,0.0,0.6116747856140137,4.4368205070495605,0.26705095171928406,,0,-1
final,159912,ppo_rev12_114505,1964,collision,60,-2.0,0.0,1.0,0.0,0.0,0.0,0.0,0.0,0.0,0.0,5.114388942718506,0.0,1.0,6.40400505065918,nan,obstacle,0,-1
final,159912,ppo_rev12_114505,1965,goal,83,1.0,1.0,0.0,0.0,0.0,0.0,0.0,0.0,0.0,0.0,4.845666408538818,0.0,-1.0,8.185556411743164,0.2634085714817047,,0,-1
final,159912,ppo_rev12_114505,1966,goal,75,1.0,1.0,0.0,0.0,0.0,0.0,0.0,0.0,0.0,0.0,5.895373821258545,0.0,-1.0,7.274313926696777,0.25894060730934143,,0,-1
final,159912,ppo_rev12_114505,1967,goal,67,1.0,1.0,0.0,0.0,0.0,0.0,0.0,0.0,0.0,0.0,5.211017608642578,0.0,-1.0,5.544933319091797,0.2852627635002136,,0,-1
final,159912,ppo_rev12_114505,1968,collision,28,-2.0,0.0,1.0,0.0,0.0,0.0,0.0,0.0,0.0,0.0,nan,0.0,1.0,2.9203531742095947,nan,obstacle,0,-1
final,159912,ppo_rev12_114505,1969,goal,92,1.0,1.0,0.0,0.0,0.0,0.0,0.0,0.0,0.0,0.0,2.921555757522583,0.0,-0.533867359161377,4.885242462158203,0.12342080473899841,,0,-1
final,159912,ppo_rev12_114505,1970,goal,126,1.0,1.0,0.0,0.0,0.0,0.0,0.0,0.0,0.0,0.0,3.327996253967285,0.0,0.3078131079673767,12.58527946472168,0.2849510610103607,,0,-1
final,159912,ppo_rev12_114505,1971,goal,75,1.0,1.0,0.0,0.0,0.0,0.0,0.0,0.0,0.0,0.0,4.382884502410889,0.0,-0.3534390926361084,6.308396816253662,0.25901857018470764,,0,-1
final,159912,ppo_rev12_114505,1972,goal,92,1.0,1.0,0.0,0.0,0.0,0.0,0.0,0.0,0.0,0.0,5.338657379150391,0.0,-1.0,9.671142578125,0.2652831971645355,,0,-1
final,159912,ppo_rev12_114505,1973,goal,63,1.0,1.0,0.0,0.0,0.0,0.0,0.0,0.0,0.0,0.0,4.043599605560303,0.0,-1.0,5.726695537567139,0.23581519722938538,,0,-1
final,159912,ppo_rev12_114505,1974,goal,107,1.0,1.0,0.0,0.0,0.0,0.0,0.0,0.0,0.0,0.0,4.509603023529053,0.0,-1.0,10.249161720275879,0.2852145731449127,,0,-1
final,159912,ppo_rev12_114505,1975,goal,100,1.0,1.0,0.0,0.0,0.0,0.0,0.0,0.0,0.0,0.0,3.2364084720611572,0.0,0.06666189432144165,7.0772905349731445,0.26111382246017456,,0,-1
final,159912,ppo_rev12_114505,1976,goal,123,1.0,1.0,0.0,0.0,0.0,0.0,0.0,0.0,0.0,0.0,2.879096269607544,0.0,0.49742114543914795,8.805316925048828,0.2929973304271698,,0,-1
final,159912,ppo_rev12_114505,1977,goal,92,1.0,1.0,0.0,0.0,0.0,0.0,0.0,0.0,0.0,0.0,4.5601911544799805,0.0,-1.0,9.831747055053711,0.2999245226383209,,0,-1
final,159912,ppo_rev12_114505,1978,goal,49,1.0,1.0,0.0,0.0,0.0,0.0,0.0,0.0,0.0,0.0,nan,0.0,-1.0,4.563382625579834,0.2331734001636505,,0,-1
final,159912,ppo_rev12_114505,1979,collision,3,-2.0,0.0,1.0,0.0,0.0,0.0,0.0,0.0,0.0,0.0,nan,0.0,1.0,0.22933058440685272,nan,obstacle,0,-1
final,159912,ppo_rev12_114505,1980,goal,110,1.0,1.0,0.0,0.0,0.0,0.0,0.0,0.0,0.0,0.0,3.1798195838928223,0.0,0.01712667942047119,9.110718727111816,0.28284698724746704,,0,-1
final,159912,ppo_rev12_114505,1981,goal,67,1.0,1.0,0.0,0.0,0.0,0.0,0.0,0.0,0.0,0.0,3.725745439529419,0.0,0.23130649328231812,4.637519836425781,0.2713159918785095,,0,-1
final,159912,ppo_rev12_114505,1982,goal,141,1.0,1.0,0.0,0.0,0.0,0.0,0.0,0.0,0.0,0.0,4.36772346496582,0.0,-0.4227219820022583,14.321903228759766,0.26440906524658203,,0,-1
final,159912,ppo_rev12_114505,1983,goal,109,1.0,1.0,0.0,0.0,0.0,0.0,0.0,0.0,0.0,0.0,4.576526641845703,0.0,-1.0,11.030492782592773,0.2780197262763977,,0,-1
final,159912,ppo_rev12_114505,1984,timeout,200,-0.5,0.0,0.0,0.0,0.0,1.0,0.0,0.0,0.0,0.0,0.5583653450012207,0.0,0.9347792267799377,12.04471206665039,nan,,0,-1
final,159912,ppo_rev12_114505,1985,goal,82,1.0,1.0,0.0,0.0,0.0,0.0,0.0,0.0,0.0,0.0,4.536865711212158,0.0,-1.0,7.1908464431762695,0.24962987005710602,,0,-1
final,159912,ppo_rev12_114505,1986,goal,58,1.0,1.0,0.0,0.0,0.0,0.0,0.0,0.0,0.0,0.0,nan,0.0,-1.0,4.658195495605469,0.28871390223503113,,0,-1
final,159912,ppo_rev12_114505,1987,goal,89,1.0,1.0,0.0,0.0,0.0,0.0,0.0,0.0,0.0,0.0,6.08323335647583,0.0,-1.0,9.264554977416992,0.2686344385147095,,0,-1
final,159912,ppo_rev12_114505,1988,goal,67,1.0,1.0,0.0,0.0,0.0,0.0,0.0,0.0,0.0,0.0,6.039916515350342,0.0,-0.051351308822631836,6.723889350891113,0.217752143740654,,0,-1
final,159912,ppo_rev12_114505,1989,goal,66,1.0,1.0,0.0,0.0,0.0,0.0,0.0,0.0,0.0,0.0,5.317089557647705,0.0,-1.0,6.5209174156188965,0.2597917914390564,,0,-1
final,159912,ppo_rev12_114505,1990,goal,113,1.0,1.0,0.0,0.0,0.0,0.0,0.0,0.0,0.0,0.017699115044247787,3.3451271057128906,0.0,-0.2806481122970581,8.784242630004883,0.29187971353530884,,0,-1
final,159912,ppo_rev12_114505,1991,goal,76,1.0,1.0,0.0,0.0,0.0,0.0,0.0,0.0,0.0,0.0,5.112218379974365,0.0,-1.0,6.1749372482299805,0.25215527415275574,,0,-1
final,159912,ppo_rev12_114505,1992,goal,136,1.0,1.0,0.0,0.0,0.0,0.0,0.0,0.0,0.0,0.0,3.776568651199341,0.0,0.5936371088027954,13.248979568481445,0.20855939388275146,,0,-1
final,159912,ppo_rev12_114505,1993,goal,100,1.0,1.0,0.0,0.0,0.0,0.0,0.0,0.0,0.0,0.0,4.0175065994262695,0.0,0.5809493660926819,9.369630813598633,0.2911098301410675,,0,-1
final,159912,ppo_rev12_114505,1994,goal,49,1.0,1.0,0.0,0.0,0.0,0.0,0.0,0.0,0.0,0.0,nan,0.0,-1.0,3.931872844696045,0.24105042219161987,,0,-1
final,159912,ppo_rev12_114505,1995,goal,37,1.0,1.0,0.0,0.0,0.0,0.0,0.0,0.0,0.0,0.0,nan,0.0,-1.0,2.199873924255371,0.2974981367588043,,0,-1
final,159912,ppo_rev12_114505,1996,goal,42,1.0,1.0,0.0,0.0,0.0,0.0,0.0,0.0,0.0,0.0,nan,0.0,-1.0,2.8306424617767334,0.24302834272384644,,0,-1
final,159912,ppo_rev12_114505,1997,goal,77,1.0,1.0,0.0,0.0,0.0,0.0,0.0,0.0,0.0,0.0,5.812612533569336,0.0,-1.0,8.20618724822998,0.2671147882938385,,0,-1
final,159912,ppo_rev12_114505,1998,goal,127,1.0,1.0,0.0,0.0,0.0,0.0,0.0,0.0,0.0,0.0,1.605938196182251,0.0,0.4328628182411194,10.394739151000977,0.2674759030342102,,0,-1
final,159912,ppo_rev12_114505,1999,goal,62,1.0,1.0,0.0,0.0,0.0,0.0,0.0,0.0,0.0,0.0,5.791122913360596,0.0,-1.0,6.191237449645996,0.26393142342567444,,0,-1
